C3_alpha_power,C3_alpha_rel,C3_alpha_mean,C3_alpha_std,C3_alpha_max,C3_alpha_min,C3_alpha_range,C4_alpha_power,C4_alpha_rel,C4_alpha_mean,C4_alpha_std,C4_alpha_max,C4_alpha_min,C4_alpha_range,Cz_alpha_power,Cz_alpha_rel,Cz_alpha_mean,Cz_alpha_std,Cz_alpha_max,Cz_alpha_min,Cz_alpha_range,C3_beta_power,C3_beta_rel,C3_beta_mean,C3_beta_std,C3_beta_max,C3_beta_min,C3_beta_range,C4_beta_power,C4_beta_rel,C4_beta_mean,C4_beta_std,C4_beta_max,C4_beta_min,C4_beta_range,Cz_beta_power,Cz_beta_rel,Cz_beta_mean,Cz_beta_std,Cz_beta_max,Cz_beta_min,Cz_beta_range,subject,label,epoch_id,C3_C4_alpha_diff_power,C3_Cz_alpha_diff_power,C4_Cz_alpha_diff_power,C3_C4_alpha_diff_rel,C3_Cz_alpha_diff_rel,C4_Cz_alpha_diff_rel,C3_C4_alpha_ratio_rel,C3_Cz_alpha_ratio_rel,C4_Cz_alpha_ratio_rel,C3_C4_alpha_ratio_power,C3_Cz_alpha_ratio_power,C4_Cz_alpha_ratio_power,C3_C4_alpha_diff_mean,C3_Cz_alpha_diff_mean,C4_Cz_alpha_diff_mean,C3_C4_alpha_ratio_mean,C3_Cz_alpha_ratio_mean,C4_Cz_alpha_ratio_mean,C3_C4_alpha_diff_std,C3_Cz_alpha_diff_std,C4_Cz_alpha_diff_std,C3_C4_alpha_ratio_std,C3_Cz_alpha_ratio_std,C4_Cz_alpha_ratio_std,C3_C4_alpha_diff_max,C3_Cz_alpha_diff_max,C4_Cz_alpha_diff_max,C3_C4_alpha_ratio_max,C3_Cz_alpha_ratio_max,C4_Cz_alpha_ratio_max,C3_C4_alpha_diff_min,C3_Cz_alpha_diff_min,C4_Cz_alpha_diff_min,C3_C4_alpha_ratio_min,C3_Cz_alpha_ratio_min,C4_Cz_alpha_ratio_min,C3_C4_alpha_diff_range,C3_Cz_alpha_diff_range,C4_Cz_alpha_diff_range,C3_C4_alpha_ratio_range,C3_Cz_alpha_ratio_range,C4_Cz_alpha_ratio_range,C3_C4_beta_diff_power,C3_Cz_beta_diff_power,C4_Cz_beta_diff_power,C3_C4_beta_diff_rel,C3_Cz_beta_diff_rel,C4_Cz_beta_diff_rel,C3_C4_beta_ratio_rel,C3_Cz_beta_ratio_rel,C4_Cz_beta_ratio_rel,C3_C4_beta_ratio_power,C3_Cz_beta_ratio_power,C4_Cz_beta_ratio_power,C3_C4_beta_diff_mean,C3_Cz_beta_diff_mean,C4_Cz_beta_diff_mean,C3_C4_beta_ratio_mean,C3_Cz_beta_ratio_mean,C4_Cz_beta_ratio_mean,C3_C4_beta_diff_std,C3_Cz_beta_diff_std,C4_Cz_beta_diff_std,C3_C4_beta_ratio_std,C3_Cz_beta_ratio_std,C4_Cz_beta_ratio_std,C3_C4_beta_diff_max,C3_Cz_beta_diff_max,C4_Cz_beta_diff_max,C3_C4_beta_ratio_max,C3_Cz_beta_ratio_max,C4_Cz_beta_ratio_max,C3_C4_beta_diff_min,C3_Cz_beta_diff_min,C4_Cz_beta_diff_min,C3_C4_beta_ratio_min,C3_Cz_beta_ratio_min,C4_Cz_beta_ratio_min,C3_C4_beta_diff_range,C3_Cz_beta_diff_range,C4_Cz_beta_diff_range,C3_C4_beta_ratio_range,C3_Cz_beta_ratio_range,C4_Cz_beta_ratio_range
-21.927930241201146,0.22179816274092218,6.245947656911655e-08,2.3037501873030144e-05,9.859420793384321e-05,-0.00010138207582428756,0.00019997628375813077,-22.074022173412537,0.19541277239926577,-7.236049057890446e-09,2.1674859637598433e-05,8.538024434653939e-05,-8.052836576260942e-05,0.00016590861010914881,-21.84448150920657,0.24638257204610695,7.589167268737938e-10,2.3048409916459927e-05,9.460270504304502e-05,-8.835230497410119e-05,0.0001829550100171462,-21.261783275890597,0.536878976998765,6.245947656911655e-08,2.3037501873030144e-05,9.859420793384321e-05,-0.00010138207582428756,0.00019997628375813077,-21.2639440886843,0.5926524007807177,-7.236049057890446e-09,2.1674859637598433e-05,8.538024434653939e-05,-8.052836576260942e-05,0.00016590861010914881,-21.264100338425717,0.526028014203139,7.589167268737938e-10,2.3048409916459927e-05,9.460270504304502e-05,-8.835230497410119e-05,0.0001829550100171462,3.0,1.0,0.0,0.14609193221139094,-0.08344873199457581,-0.22954066420596675,0.026385390341656406,-0.024584409305184768,-0.050969799646841174,1.1350238774272319,0.9002185536458885,0.7931274143991984,0.14609193221139094,-0.08344873199457581,-0.22954066420596675,6.9695525627007e-08,6.170055984224276e-08,-7.99496578476424e-09,-8.752669167829513,72.7188965063596,-8.42462235451806,1.362642235431711e-06,-1.090804342978349e-08,-1.3735502788614945e-06,1.0628625039314112,0.999522396741929,0.9404017750457476,1.3213963587303817e-05,3.991502890798187e-06,-9.22246069650563e-06,1.1547647024433605,1.0421911685280587,0.9025128198650211,-2.085371006167814e-05,-1.3029770850186376e-05,7.823939211491765e-06,1.2589626122478959,1.1474764648375877,0.9114471538793493,3.406767364898196e-05,1.7021273740984563e-05,-1.7046399907997395e-05,1.2053392713774305,1.0930346998200233,0.9068268718681876,0.002160812793704281,0.0023170625351198737,0.00015624974141559278,-0.05577342378195271,0.010850962795625918,0.06662438657757863,0.9058918452045921,1.0206281080105606,1.126655586139913,0.002160812793704281,0.0023170625351198737,0.00015624974141559278,6.9695525627007e-08,6.170055984224276e-08,-7.99496578476424e-09,-8.752669167829513,72.7188965063596,-8.42462235451806,1.362642235431711e-06,-1.090804342978349e-08,-1.3735502788614945e-06,1.0628625039314112,0.999522396741929,0.9404017750457476,1.3213963587303817e-05,3.991502890798187e-06,-9.22246069650563e-06,1.1547647024433605,1.0421911685280587,0.9025128198650211,-2.085371006167814e-05,-1.3029770850186376e-05,7.823939211491765e-06,1.2589626122478959,1.1474764648375877,0.9114471538793493,3.406767364898196e-05,1.7021273740984563e-05,-1.7046399907997395e-05,1.2053392713774305,1.0930346998200233,0.9068268718681876
-21.99697179552254,0.18414540062237347,-1.3326618541203108e-07,2.5893841946183735e-05,0.0001331218610869034,-8.176603109521438e-05,0.00021488789218211777,-22.10362919051977,0.17703721021993157,-1.8267364030281862e-07,2.285156970089976e-05,0.00011399881208656338,-7.983141966253022e-05,0.00019383023174909358,-21.9892688077713,0.16814942822202963,-1.287092824274776e-07,2.5804845280907703e-05,0.0001305725196062882,-7.834172519593138e-05,0.00020891424480221958,-21.307904502440987,0.46837814786528187,-1.3326618541203108e-07,2.5893841946183735e-05,0.0001331218610869034,-8.176603109521438e-05,0.00021488789218211777,-21.45984294459543,0.44263033976240423,-1.8267364030281862e-07,2.285156970089976e-05,0.00011399881208656338,-7.983141966253022e-05,0.00019383023174909358,-21.36665205756896,0.3932220277698053,-1.287092824274776e-07,2.5804845280907703e-05,0.0001305725196062882,-7.834172519593138e-05,0.00020891424480221958,3.0,0.0,1.0,0.10665739499722804,-0.007702987751240897,-0.11436038274846894,0.0071081904024419,0.01599597240034384,0.008887781997901939,1.0401508264256785,1.0951295074860992,1.0528564502811188,0.10665739499722804,-0.007702987751240897,-0.11436038274846894,4.940745489078754e-08,-4.556902984553479e-09,-5.396435787534102e-08,0.7299311400648766,1.036209695728452,1.4203767943875105,3.0422722452839768e-06,8.899666527603236e-08,-2.9532755800079444e-06,1.1331269130484674,1.0034449468622515,0.8855500157873593,1.9123049000340027e-05,2.549341480615207e-06,-1.657370751972482e-05,1.1677467674938802,1.0195235531637632,0.8730682774865103,-1.9346114326841587e-06,-3.4243058992829953e-06,-1.4896944665988366e-06,1.0242349924924545,1.0437111930052332,1.0190166397859741,2.1057660433024185e-05,5.9736473798981885e-06,-1.5084013053125997e-05,1.1086391394112787,1.028593284896513,0.9277976193190266,0.1519384421544423,0.05874755512797236,-0.09319088702646994,0.025747808102877634,0.07515612009547656,0.04940831199259893,1.0581700025598824,1.1911289670179936,1.1256499086794747,0.1519384421544423,0.05874755512797236,-0.09319088702646994,4.940745489078754e-08,-4.556902984553479e-09,-5.396435787534102e-08,0.7299311400648766,1.036209695728452,1.4203767943875105,3.0422722452839768e-06,8.899666527603236e-08,-2.9532755800079444e-06,1.1331269130484674,1.0034449468622515,0.8855500157873593,1.9123049000340027e-05,2.549341480615207e-06,-1.657370751972482e-05,1.1677467674938802,1.0195235531637632,0.8730682774865103,-1.9346114326841587e-06,-3.4243058992829953e-06,-1.4896944665988366e-06,1.0242349924924545,1.0437111930052332,1.0190166397859741,2.1057660433024185e-05,5.9736473798981885e-06,-1.5084013053125997e-05,1.1086391394112787,1.028593284896513,0.9277976193190266
-21.479680216486837,0.2736446341841248,-1.5324313059670415e-07,2.941526231256391e-05,0.00012308652147905672,-0.00010587184014927126,0.00022895836162832798,-21.73695524048764,0.25519139896417004,-3.659384600963979e-08,2.553898593878367e-05,0.00010799331881908076,-7.956035564970103e-05,0.0001875536744687818,-21.403633859468354,0.29851412585487896,-7.711814749452991e-08,2.9511825922514028e-05,0.0001220974427779328,-7.92652868874285e-05,0.0002013627296653613,-20.859583759651507,0.5723850751006813,-1.5324313059670415e-07,2.941526231256391e-05,0.00012308652147905672,-0.00010587184014927126,0.00022895836162832798,-21.085013110500334,0.5790184577597597,-3.659384600963979e-08,2.553898593878367e-05,0.00010799331881908076,-7.956035564970103e-05,0.0001875536744687818,-20.966351495417275,0.5025327068320965,-7.711814749452991e-08,2.9511825922514028e-05,0.0001220974427779328,-7.92652868874285e-05,0.0002013627296653613,3.0,1.0,2.0,0.25727502400080127,-0.07604635701848395,-0.3333213810192852,0.01845323521995479,-0.02486949167075414,-0.04332272689070893,1.0723113521365764,0.9166890622304646,0.8548721041185928,0.25727502400080127,-0.07604635701848395,-0.3333213810192852,-1.1664928458706436e-07,-7.612498310217424e-08,4.052430148489012e-08,4.199149921228506,1.989701590882694,0.4751327732498215,3.87627637378024e-06,-9.656360995011651e-08,-3.972839983730357e-06,1.1517742797479638,0.9967245916039531,0.8653784915914456,1.5093202659975958e-05,9.890787011239193e-07,-1.4104123958852039e-05,1.1397594670584617,1.008099906669888,0.8844839655413511,-2.6311484499570224e-05,-2.660655326184276e-05,-2.9506876227253784e-07,1.3307126690921975,1.3356663159027078,1.0037238133645194,4.140468715954618e-05,2.759563196296668e-05,-1.3809055196579501e-05,1.2207611511782075,1.137043822878467,0.931421527898031,0.22542935084882743,0.10676773576576792,-0.1186616150830595,-0.006633382659078424,0.06985236826858476,0.07648575092766319,0.9885437455938839,1.1390006405653181,1.1522005429151065,0.22542935084882743,0.10676773576576792,-0.1186616150830595,-1.1664928458706436e-07,-7.612498310217424e-08,4.052430148489012e-08,4.199149921228506,1.989701590882694,0.4751327732498215,3.87627637378024e-06,-9.656360995011651e-08,-3.972839983730357e-06,1.1517742797479638,0.9967245916039531,0.8653784915914456,1.5093202659975958e-05,9.890787011239193e-07,-1.4104123958852039e-05,1.1397594670584617,1.008099906669888,0.8844839655413511,-2.6311484499570224e-05,-2.660655326184276e-05,-2.9506876227253784e-07,1.3307126690921975,1.3356663159027078,1.0037238133645194,4.140468715954618e-05,2.759563196296668e-05,-1.3809055196579501e-05,1.2207611511782075,1.137043822878467,0.931421527898031
-21.772131444693553,0.30251094057766703,-1.107908736264734e-07,2.628514018090702e-05,7.621139984798174e-05,-6.252025771658526e-05,0.000138731657564567,-21.70815090383139,0.34422985514650356,1.7448932373005923e-10,2.3668644254454182e-05,6.943982623157374e-05,-6.670699356745313e-05,0.00013614681979902686,-21.64264640033211,0.338275841600813,-3.372984499337247e-08,2.590473787404952e-05,8.36125386370873e-05,-7.135993753072098e-05,0.00015497247616780827,-21.38229257562894,0.5043416446054265,-1.107908736264734e-07,2.628514018090702e-05,7.621139984798174e-05,-6.252025771658526e-05,0.000138731657564567,-21.495695209800356,0.4555076276594505,1.7448932373005923e-10,2.3668644254454182e-05,6.943982623157374e-05,-6.670699356745313e-05,0.00013614681979902686,-21.378174559411093,0.4749642469704151,-3.372984499337247e-08,2.590473787404952e-05,8.36125386370873e-05,-7.135993753072098e-05,0.00015497247616780827,3.0,0.0,3.0,-0.06398054086216476,-0.12948504436144148,-0.06550450349927672,-0.04171891456883653,-0.035764901023145945,0.005954013545690584,0.8788050657635098,0.8942729668683284,1.0176010601754901,-0.06398054086216476,-0.12948504436144148,-0.06550450349927672,-1.1096536295020346e-07,-7.706102863310093e-08,3.390433431710253e-08,-403.62543839930316,3.294421180005655,-0.005188525958548021,2.6164959264528375e-06,3.8040230685749835e-07,-2.236093619595339e-06,1.1105422365599502,1.0146807445275876,0.9136766023988333,6.771573616408001e-06,-7.401138789105553e-06,-1.4172712405513554e-05,1.0975155646598178,0.9114818177042597,0.8304943769681843,4.186735850867873e-06,8.839679814135718e-06,4.652943963267845e-06,0.9372383328473479,0.87612668245874,0.9347974417505538,2.5848377655401282e-06,-1.6240818603241284e-05,-1.8825656368781413e-05,1.018984915482154,0.895201338166727,0.8785220144472761,0.11340263417141472,-0.004118016217848464,-0.11752065038926318,0.048834016945976,0.029377397635011404,-0.019456619310964596,1.1072079014048142,1.0618518082491715,0.959035612615111,0.11340263417141472,-0.004118016217848464,-0.11752065038926318,-1.1096536295020346e-07,-7.706102863310093e-08,3.390433431710253e-08,-403.62543839930316,3.294421180005655,-0.005188525958548021,2.6164959264528375e-06,3.8040230685749835e-07,-2.236093619595339e-06,1.1105422365599502,1.0146807445275876,0.9136766023988333,6.771573616408001e-06,-7.401138789105553e-06,-1.4172712405513554e-05,1.0975155646598178,0.9114818177042597,0.8304943769681843,4.186735850867873e-06,8.839679814135718e-06,4.652943963267845e-06,0.9372383328473479,0.87612668245874,0.9347974417505538,2.5848377655401282e-06,-1.6240818603241284e-05,-1.8825656368781413e-05,1.018984915482154,0.895201338166727,0.8785220144472761
-21.38905920656487,0.32148128390508124,8.495560367662352e-08,2.7919386481529317e-05,0.00010660635102515518,-9.733820912686864e-05,0.00020394456015202382,-21.58429080418857,0.29875725029977024,8.477984595249461e-08,2.6116345752229644e-05,0.00010111710948627291,-8.893070562152744e-05,0.00019004781510780037,-21.43613632708417,0.32061504085376924,9.595870921129453e-08,2.7452936176908558e-05,9.890615459470418e-05,-9.158591959071351e-05,0.0001904920741854177,-21.153342984937183,0.4275837447619266,8.495560367662352e-08,2.7919386481529317e-05,0.00010660635102515518,-9.733820912686864e-05,0.00020394456015202382,-21.257684060505497,0.4499107196271358,8.477984595249461e-08,2.6116345752229644e-05,0.00010111710948627291,-8.893070562152744e-05,0.00019004781510780037,-21.236659382674453,0.4095331822882516,9.595870921129453e-08,2.7452936176908558e-05,9.890615459470418e-05,-9.158591959071351e-05,0.0001904920741854177,3.0,1.0,4.0,0.19523159762369957,0.04707712051930102,-0.14815447710439855,0.022724033605311,0.000866243051311999,-0.021857790553999,1.0760618645234676,1.0027018163238228,0.931825435921608,0.19523159762369957,0.04707712051930102,-0.14815447710439855,1.7575772412890966e-10,-1.1003105534671012e-08,-1.1178863258799922e-08,1.0008925290011874,0.8844133381987449,0.882583647527571,1.8030407292996728e-06,4.6645030462075894e-07,-1.3365904246789139e-06,1.0690346897278604,1.0169872032228267,0.9513099237525051,5.4892415388822666e-06,7.700196430451004e-06,2.2109548915687374e-06,1.0542849389017945,1.0778524721414666,1.0223530342001963,-8.407503505341197e-06,-5.752289536155124e-06,2.6552139691860726e-06,1.0945411700120702,1.0628087356957865,0.9710095516854959,1.389674504422345e-05,1.3452485966606128e-05,-4.4425907761732166e-07,1.073121796870757,1.0706191003600605,0.9976673105889127,0.10434107556831407,0.08331639773727062,-0.021024677831043448,-0.02232697486520918,0.018050562473675036,0.04037753733888422,0.9503746543786505,1.0440759458572089,1.0985940553178544,0.10434107556831407,0.08331639773727062,-0.021024677831043448,1.7575772412890966e-10,-1.1003105534671012e-08,-1.1178863258799922e-08,1.0008925290011874,0.8844133381987449,0.882583647527571,1.8030407292996728e-06,4.6645030462075894e-07,-1.3365904246789139e-06,1.0690346897278604,1.0169872032228267,0.9513099237525051,5.4892415388822666e-06,7.700196430451004e-06,2.2109548915687374e-06,1.0542849389017945,1.0778524721414666,1.0223530342001963,-8.407503505341197e-06,-5.752289536155124e-06,2.6552139691860726e-06,1.0945411700120702,1.0628087356957865,0.9710095516854959,1.389674504422345e-05,1.3452485966606128e-05,-4.4425907761732166e-07,1.073121796870757,1.0706191003600605,0.9976673105889127
-21.338164583003262,0.3102602560934161,9.704798791846778e-08,2.722995476373065e-05,8.559258518048269e-05,-8.166253733645431e-05,0.000167255122516937,-21.725724604478508,0.2292003143337774,1.4172936221872103e-07,2.5143945512646272e-05,8.81906780836583e-05,-7.839724964240984e-05,0.00016658792772606814,-21.437183850456414,0.27632351201412014,1.7181748932966282e-07,2.703473146377783e-05,8.116442661305467e-05,-8.317152990872464e-05,0.0001643359565217793,-21.0123004561634,0.45690183826770353,9.704798791846778e-08,2.722995476373065e-05,8.559258518048269e-05,-8.166253733645431e-05,0.000167255122516937,-21.104661864780468,0.5004290456889358,1.4172936221872103e-07,2.5143945512646272e-05,8.81906780836583e-05,-7.839724964240984e-05,0.00016658792772606814,-21.025186248559795,0.4533501749114096,1.7181748932966282e-07,2.703473146377783e-05,8.116442661305467e-05,-8.317152990872464e-05,0.0001643359565217793,3.0,0.0,5.0,0.38756002147524526,0.09901926745315137,-0.2885407540220939,0.08105994175963871,0.03393674407929598,-0.04712319768034273,1.353664181743779,1.122815259981497,0.8294636695234204,0.38756002147524526,0.09901926745315137,-0.2885407540220939,-4.4681374300253256e-08,-7.476950141119505e-08,-3.008812711094179e-08,0.6842587909886105,0.564503287576356,0.8244033970676822,2.0860092510843787e-06,1.9522329995282247e-07,-1.8907859511315562e-06,1.0829583787555295,1.0072174779492986,0.9300574167194262,-2.5980929031756085e-06,4.42815856742802e-06,7.026251470603628e-06,0.9705389502209524,1.0545565748019259,1.0865667769381597,-3.265287694044467e-06,1.5089925722703331e-06,4.7742802663148e-06,1.041651867560731,0.9818580421915765,0.9425983144505972,6.671947908688585e-07,2.9191659951576865e-06,2.251971204288828e-06,1.0040044581833083,1.0177627847286868,1.0137028431371078,0.09236140861706943,0.012885792396396312,-0.07947561622067312,-0.04352720742123223,0.0035516633562939215,0.04707887077752615,0.913020221572849,1.0078342602519224,1.1038465920440887,0.09236140861706943,0.012885792396396312,-0.07947561622067312,-4.4681374300253256e-08,-7.476950141119505e-08,-3.008812711094179e-08,0.6842587909886105,0.564503287576356,0.8244033970676822,2.0860092510843787e-06,1.9522329995282247e-07,-1.8907859511315562e-06,1.0829583787555295,1.0072174779492986,0.9300574167194262,-2.5980929031756085e-06,4.42815856742802e-06,7.026251470603628e-06,0.9705389502209524,1.0545565748019259,1.0865667769381597,-3.265287694044467e-06,1.5089925722703331e-06,4.7742802663148e-06,1.041651867560731,0.9818580421915765,0.9425983144505972,6.671947908688585e-07,2.9191659951576865e-06,2.251971204288828e-06,1.0040044581833083,1.0177627847286868,1.0137028431371078
-22.301281948085425,0.10862387756415312,1.545010043308514e-07,2.5222072096333373e-05,7.121027848157831e-05,-8.695099802552759e-05,0.0001581612765071059,-22.037891776711206,0.1755500132755608,1.0792746086947286e-07,2.3577380267711706e-05,6.548297063770474e-05,-7.079232595749406e-05,0.0001362752965951988,-22.135805746902257,0.15700037375343567,1.2269735360342983e-07,2.4277414527215354e-05,7.0846856622418e-05,-7.096813563122836e-05,0.00014181499225364636,-20.991709840822647,0.6785596196634948,1.545010043308514e-07,2.5222072096333373e-05,7.121027848157831e-05,-8.695099802552759e-05,0.0001581612765071059,-21.195758139950925,0.5451055551018162,1.0792746086947286e-07,2.3577380267711706e-05,6.548297063770474e-05,-7.079232595749406e-05,0.0001362752965951988,-21.130617459741263,0.6185002417176892,1.2269735360342983e-07,2.4277414527215354e-05,7.0846856622418e-05,-7.096813563122836e-05,0.00014181499225364636,3.0,0.0,6.0,-0.26339017137421905,-0.16547620118316786,0.09791397019105119,-0.06692613571140768,-0.04837649618928255,0.018549639522125128,0.6187631403466198,0.691870184115336,1.11815028822442,-0.26339017137421905,-0.16547620118316786,0.09791397019105119,4.657354346137853e-08,3.180365072742156e-08,-1.4769892733956972e-08,1.4302012015031202,1.2581786153943308,0.8789070586815835,1.6446918286216664e-06,9.44657569118019e-07,-7.000342595036474e-07,1.0697526542254756,1.0389066833039748,0.9711612052082683,5.72730784387357e-06,3.634218591603124e-07,-5.363885984713257e-06,1.0874608931453482,1.005128263463689,0.9242877006940348,-1.6158672068033525e-05,-1.5982862394299226e-05,1.7580967373429955e-07,1.2282563070941683,1.2252135380687663,0.9975241012073753,2.1885979911907095e-05,1.6346284253459538e-05,-5.539695658447557e-06,1.1606003758471406,1.1152640667061247,0.960936487291922,0.20404829912827793,0.13890761891861558,-0.06514068020966235,0.13345406456167852,0.060059377945805514,-0.073394686615873,1.24482242602035,1.0971048575006197,0.8813344251892677,0.20404829912827793,0.13890761891861558,-0.06514068020966235,4.657354346137853e-08,3.180365072742156e-08,-1.4769892733956972e-08,1.4302012015031202,1.2581786153943308,0.8789070586815835,1.6446918286216664e-06,9.44657569118019e-07,-7.000342595036474e-07,1.0697526542254756,1.0389066833039748,0.9711612052082683,5.72730784387357e-06,3.634218591603124e-07,-5.363885984713257e-06,1.0874608931453482,1.005128263463689,0.9242877006940348,-1.6158672068033525e-05,-1.5982862394299226e-05,1.7580967373429955e-07,1.2282563070941683,1.2252135380687663,0.9975241012073753,2.1885979911907095e-05,1.6346284253459538e-05,-5.539695658447557e-06,1.1606003758471406,1.1152640667061247,0.960936487291922
-21.841625874544086,0.24753574808574058,1.0263803629938452e-07,2.529278182385264e-05,8.155050431249726e-05,-7.334795894535521e-05,0.00015489846325785248,-22.00647663216509,0.19688451548518354,9.895046964823867e-08,2.4425638829969173e-05,7.397331089311037e-05,-8.197402624021414e-05,0.00015594733713332452,-21.765553017917505,0.2681042224958484,1.1417477342449372e-07,2.6054825709395848e-05,7.936381119296114e-05,-8.301920399765919e-05,0.00016238301519062035,-21.142938599597958,0.6081698209916911,1.0263803629938452e-07,2.529278182385264e-05,8.155050431249726e-05,-7.334795894535521e-05,0.00015489846325785248,-21.201735180084768,0.5776423470909822,9.895046964823867e-08,2.4425638829969173e-05,7.397331089311037e-05,-8.197402624021414e-05,0.00015594733713332452,-21.196182918900114,0.5551901592930932,1.1417477342449372e-07,2.6054825709395848e-05,7.936381119296114e-05,-8.301920399765919e-05,0.00016238301519062035,3.0,1.0,7.0,0.16485075762100365,-0.07607285662658114,-0.2409236142475848,0.05065123260055704,-0.02056847441010784,-0.07121970701066488,1.2572636672315778,0.923281795747344,0.7343581297560372,0.16485075762100365,-0.07607285662658114,-0.2409236142475848,3.687566651145845e-09,-1.1536737125109206e-08,-1.522430377625505e-08,1.0362195824400076,0.89816880159646,0.8658995041772674,8.671429938834682e-07,-7.620438855432068e-07,-1.629186879426675e-06,1.0354971040965872,0.9707485680809919,0.9374672222212813,7.577193419386883e-06,2.1866931195361133e-06,-5.39050029985077e-06,1.1024299586554902,1.0275514788355093,0.9320774364717945,8.62606729485893e-06,9.67124505230398e-06,1.0451777574450492e-06,0.894771817204636,0.8835069931304406,0.9874115991727094,-1.0488738754720333e-06,-7.484551932767866e-06,-6.435678057295833e-06,0.9932735420680544,0.9539074495277314,0.9603667040767082,0.0587965804868098,0.053244319302155674,-0.005552261184654128,0.03052747390070898,0.05297966169859791,0.022452187797888934,1.0528483999643743,1.0954261539082621,1.0404405361262752,0.0587965804868098,0.053244319302155674,-0.005552261184654128,3.687566651145845e-09,-1.1536737125109206e-08,-1.522430377625505e-08,1.0362195824400076,0.89816880159646,0.8658995041772674,8.671429938834682e-07,-7.620438855432068e-07,-1.629186879426675e-06,1.0354971040965872,0.9707485680809919,0.9374672222212813,7.577193419386883e-06,2.1866931195361133e-06,-5.39050029985077e-06,1.1024299586554902,1.0275514788355093,0.9320774364717945,8.62606729485893e-06,9.67124505230398e-06,1.0451777574450492e-06,0.894771817204636,0.8835069931304406,0.9874115991727094,-1.0488738754720333e-06,-7.484551932767866e-06,-6.435678057295833e-06,0.9932735420680544,0.9539074495277314,0.9603667040767082
-21.605664456756518,0.2812095841211973,1.4005872760364625e-07,2.54095250050277e-05,8.719164690018683e-05,-7.752389923183236e-05,0.00016471554613201918,-21.752165077336358,0.2971492784390724,1.63544974902299e-07,2.2280731674163744e-05,9.834846718521513e-05,-7.25941032883219e-05,0.00017094257047353703,-21.64688407987856,0.2765128545189407,2.2606860470961705e-07,2.508000257900258e-05,8.380774748571969e-05,-8.207572409415152e-05,0.0001658834715798712,-21.285987270616683,0.4208938925327888,1.4005872760364625e-07,2.54095250050277e-05,8.719164690018683e-05,-7.752389923183236e-05,0.00016471554613201918,-21.502791134838823,0.41400427373472887,1.63544974902299e-07,2.2280731674163744e-05,9.834846718521513e-05,-7.25941032883219e-05,0.00017094257047353703,-21.41475032641451,0.37308240115901403,2.2606860470961705e-07,2.508000257900258e-05,8.380774748571969e-05,-8.207572409415152e-05,0.0001658834715798712,3.0,0.0,8.0,0.1465006205798396,0.04121962312204275,-0.10528099745779684,-0.01593969431787512,0.0046967296022565885,0.020636423920131708,0.9463579568618095,1.0169855738125777,1.0746309745656148,0.1465006205798396,0.04121962312204275,-0.10528099745779684,-2.348624729865275e-08,-8.60098771059708e-08,-6.252362980731805e-08,0.8558694068501984,0.619266886239453,0.7231108628550725,3.1287933308639547e-06,3.2952242602511856e-07,-2.799270904838836e-06,1.1404208503801905,1.0131348117491719,0.888382796839814,-1.1156820285028297e-05,3.3838994144671434e-06,1.454071969949544e-05,0.8865573683039327,1.0403756869551355,1.1734995007713696,-4.929795943510462e-06,4.5518248623191594e-06,9.481620805829621e-06,1.0679105121662786,0.9445423057996155,0.8844782368641745,-6.227024341517849e-06,-1.1679254478520295e-06,5.059098893665819e-06,0.9635718552642955,0.9929587635669537,1.0304972870157305,0.2168038642221397,0.1287630557978261,-0.08804080842431361,0.006889618798059938,0.04781149137377477,0.040921872575714835,1.0166414192642135,1.12815263092665,1.109685882629732,0.2168038642221397,0.1287630557978261,-0.08804080842431361,-2.348624729865275e-08,-8.60098771059708e-08,-6.252362980731805e-08,0.8558694068501984,0.619266886239453,0.7231108628550725,3.1287933308639547e-06,3.2952242602511856e-07,-2.799270904838836e-06,1.1404208503801905,1.0131348117491719,0.888382796839814,-1.1156820285028297e-05,3.3838994144671434e-06,1.454071969949544e-05,0.8865573683039327,1.0403756869551355,1.1734995007713696,-4.929795943510462e-06,4.5518248623191594e-06,9.481620805829621e-06,1.0679105121662786,0.9445423057996155,0.8844782368641745,-6.227024341517849e-06,-1.1679254478520295e-06,5.059098893665819e-06,0.9635718552642955,0.9929587635669537,1.0304972870157305
-21.360458209204072,0.37416458656523854,-1.553960887045795e-08,2.5319691469921122e-05,8.905209330324927e-05,-6.45968632634204e-05,0.00015364895656666967,-21.81932941411077,0.3028438577830013,1.0534739165915299e-07,2.0475867638642013e-05,5.2965192926123365e-05,-5.7220282093296555e-05,0.00011018547501941992,-21.410523433154076,0.40499634814507,9.464985928826033e-09,2.375494659122826e-05,7.350594739925122e-05,-6.731213793822917e-05,0.00014081808533748037,-21.379351459233582,0.36552854620034947,-1.553960887045795e-08,2.5319691469921122e-05,8.905209330324927e-05,-6.45968632634204e-05,0.00015364895656666967,-21.69791813791309,0.35863137924538757,1.0534739165915299e-07,2.0475867638642013e-05,5.2965192926123365e-05,-5.7220282093296555e-05,0.00011018547501941992,-21.580597551116565,0.3259367853402871,9.464985928826033e-09,2.375494659122826e-05,7.350594739925122e-05,-6.731213793822917e-05,0.00014081808533748037,3.0,1.0,9.0,0.4588712049066963,0.05006522395000346,-0.40880598095669285,0.07132072878223722,-0.030831761579831474,-0.10215249036206869,1.2355033025295523,0.9238715069569599,0.7477693542059927,0.4588712049066963,0.05006522395000346,-0.40880598095669285,-1.2088700052961094e-07,-2.5004594799283984e-08,9.588240573032696e-08,-0.14736835711107976,-1.6246347863017943,11.013857463361989,4.843823831279109e-06,1.5647448786928628e-06,-3.2790789525862463e-06,1.236556528939716,1.0658657886729055,0.8619586393992967,3.6086900377125904e-05,1.5546145903998047e-05,-2.0540754473127856e-05,1.6813291947136064,1.2114934274667095,0.7205555842016735,-7.376581170123845e-06,2.715274674808767e-06,1.0091855844932611e-05,1.1289174710785836,0.9596628662870016,0.8500750214368252,4.346348154724975e-05,1.2830871229189294e-05,-3.0632610318060454e-05,1.3944561848462418,1.0911158682981141,0.782466233003592,0.31856667867950605,0.20124609188298237,-0.11732058679652368,0.0068971669549618975,0.039591760860062386,0.03269459390510049,1.019231911238641,1.1214706732367763,1.1003096160531112,0.31856667867950605,0.20124609188298237,-0.11732058679652368,-1.2088700052961094e-07,-2.5004594799283984e-08,9.588240573032696e-08,-0.14736835711107976,-1.6246347863017943,11.013857463361989,4.843823831279109e-06,1.5647448786928628e-06,-3.2790789525862463e-06,1.236556528939716,1.0658657886729055,0.8619586393992967,3.6086900377125904e-05,1.5546145903998047e-05,-2.0540754473127856e-05,1.6813291947136064,1.2114934274667095,0.7205555842016735,-7.376581170123845e-06,2.715274674808767e-06,1.0091855844932611e-05,1.1289174710785836,0.9596628662870016,0.8500750214368252,4.346348154724975e-05,1.2830871229189294e-05,-3.0632610318060454e-05,1.3944561848462418,1.0911158682981141,0.782466233003592
-21.070725798735012,0.4044894258886064,-8.462909007729837e-08,2.7729894516092344e-05,0.00010941493191474143,-7.613086306474157e-05,0.000185545794979483,-21.4946793138347,0.29087993818142077,1.424353537775463e-08,2.573649199087781e-05,9.834677783481392e-05,-7.76230607021952e-05,0.0001759698385370091,-21.22794394638069,0.3456894842300014,-1.5965010153452156e-08,2.8012777549786874e-05,0.000107375313232305,-8.40140153237795e-05,0.0001913893285560845,-21.077269615770312,0.4014161504746191,-8.462909007729837e-08,2.7729894516092344e-05,0.00010941493191474143,-7.613086306474157e-05,0.000185545794979483,-21.115851687132285,0.4618227483091244,1.424353537775463e-08,2.573649199087781e-05,9.834677783481392e-05,-7.76230607021952e-05,0.0001759698385370091,-21.095705341206003,0.4042662397222391,-1.5965010153452156e-08,2.8012777549786874e-05,0.000107375313232305,-8.40140153237795e-05,0.0001913893285560845,3.0,0.0,10.0,0.4239535150996865,0.1572181476456791,-0.2667353674540074,0.11360948770718565,0.058799941658605026,-0.054809546048580626,1.3905717536878417,1.1700946780969292,0.8414486160757542,0.4239535150996865,0.1572181476456791,-0.2667353674540074,-9.8872625455053e-08,-6.866407992384622e-08,3.0208545531206787e-08,-5.900155564753549,5.334323095840153,-0.8977955412562595,1.993402525214535e-06,-2.8288303369453064e-07,-2.2762855589090654e-06,1.0774501350420076,0.9898981090681744,0.9187378892131564,1.106815407992751e-05,2.03961868243643e-06,-9.02853539749108e-06,1.1125409806960798,1.0189942801712342,0.9159152442286042,1.4921976374536222e-06,7.88315225903793e-06,6.390954621584308e-06,0.9807776252805127,0.9061696835737556,0.923930998847575,9.575956442473888e-06,-5.8435335766015e-06,-1.5419490019075388e-05,1.05441756996727,0.9694673126896918,0.9194334288188919,0.038582071361972226,0.018435725435690387,-0.02014634592628184,-0.060406597834505305,-0.00285008924761998,0.057556508586885324,0.86919960495105,0.9929499694338236,1.1423727801564474,0.038582071361972226,0.018435725435690387,-0.02014634592628184,-9.8872625455053e-08,-6.866407992384622e-08,3.0208545531206787e-08,-5.900155564753549,5.334323095840153,-0.8977955412562595,1.993402525214535e-06,-2.8288303369453064e-07,-2.2762855589090654e-06,1.0774501350420076,0.9898981090681744,0.9187378892131564,1.106815407992751e-05,2.03961868243643e-06,-9.02853539749108e-06,1.1125409806960798,1.0189942801712342,0.9159152442286042,1.4921976374536222e-06,7.88315225903793e-06,6.390954621584308e-06,0.9807776252805127,0.9061696835737556,0.923930998847575,9.575956442473888e-06,-5.8435335766015e-06,-1.5419490019075388e-05,1.05441756996727,0.9694673126896918,0.9194334288188919
-21.607300027797343,0.28328592657139895,8.662008090396447e-08,2.827332617172517e-05,8.41666514175694e-05,-7.982330536733455e-05,0.00016398995678490395,-21.854554790643594,0.22186612938239697,1.3811518687542036e-07,2.9063277437419493e-05,0.00012477647513186324,-0.00015694464583714722,0.0002817211209690105,-21.876510498712264,0.21377520509104272,1.3260058691663022e-07,2.7294133809522974e-05,8.907062789478875e-05,-9.355643665662436e-05,0.0001826270645514131,-21.152852229620102,0.4983112480421746,8.662008090396447e-08,2.827332617172517e-05,8.41666514175694e-05,-7.982330536733455e-05,0.00016398995678490395,-21.150556717927458,0.5504106418585957,1.3811518687542036e-07,2.9063277437419493e-05,0.00012477647513186324,-0.00015694464583714722,0.0002817211209690105,-21.234730976151862,0.49536236065922185,1.3260058691663022e-07,2.7294133809522974e-05,8.907062789478875e-05,-9.355643665662436e-05,0.0001826270645514131,3.0,1.0,11.0,0.24725476284625003,0.26921047091492056,0.021955708068670532,0.06141979718900198,0.06951072148035622,0.008090924291354246,1.2768326883976902,1.325158015019736,1.0378478139413956,0.24725476284625003,0.26921047091492056,0.021955708068670532,-5.149510597145589e-08,-4.598050601266575e-08,5.514599958790138e-09,0.6267045095560959,0.6527482878307385,1.0408031349717533,-7.899512656943237e-07,9.791923622021951e-07,1.7691436278965188e-06,0.9728162610351981,1.035871765774227,1.0648138225913233,-4.060982371429384e-05,-4.903976477219345e-06,3.5705847237074495e-05,0.6745388814256403,0.9449417716333015,1.4008696019555436,7.712134046981267e-05,1.3733131289289809e-05,-6.338820918052286e-05,0.5086083427847364,0.8532111048801158,1.6775415909365299,-0.00011773116418410654,-1.8637107766509154e-05,9.909405641759738e-05,0.5821001208955535,0.8979494216411468,1.5426025019936205,-0.00229551169264397,0.08187874653176053,0.0841742582244045,-0.05209939381642109,0.0029488873829527362,0.05504828119937383,0.9053445010964373,1.0059529902078814,1.1111272988424141,-0.00229551169264397,0.08187874653176053,0.0841742582244045,-5.149510597145589e-08,-4.598050601266575e-08,5.514599958790138e-09,0.6267045095560959,0.6527482878307385,1.0408031349717533,-7.899512656943237e-07,9.791923622021951e-07,1.7691436278965188e-06,0.9728162610351981,1.035871765774227,1.0648138225913233,-4.060982371429384e-05,-4.903976477219345e-06,3.5705847237074495e-05,0.6745388814256403,0.9449417716333015,1.4008696019555436,7.712134046981267e-05,1.3733131289289809e-05,-6.338820918052286e-05,0.5086083427847364,0.8532111048801158,1.6775415909365299,-0.00011773116418410654,-1.8637107766509154e-05,9.909405641759738e-05,0.5821001208955535,0.8979494216411468,1.5426025019936205
-20.864345987085105,0.52204859335584,1.531683995446975e-07,2.6547009233063277e-05,9.474623546708752e-05,-9.148202097238076e-05,0.00018622825643946827,-21.4347776850676,0.38403398313218323,1.2917187377399142e-07,2.2842235910063768e-05,6.580605601407295e-05,-7.752641735045406e-05,0.00014333247336452702,-20.93305998585776,0.5249562214238757,1.1838831180754274e-07,2.5760282990447144e-05,9.484600037212394e-05,-9.606650460231266e-05,0.00019091250497443662,-21.345980071184712,0.2965398502334153,1.531683995446975e-07,2.6547009233063277e-05,9.474623546708752e-05,-9.148202097238076e-05,0.00018622825643946827,-21.448825035609214,0.37730662832087664,1.2917187377399142e-07,2.2842235910063768e-05,6.580605601407295e-05,-7.752641735045406e-05,0.00014333247336452702,-21.421087068954176,0.2937153503762689,1.1838831180754274e-07,2.5760282990447144e-05,9.484600037212394e-05,-9.606650460231266e-05,0.00019091250497443662,3.0,1.0,12.0,0.5704316979824959,0.0687139987726546,-0.5017176992098413,0.13801461022365674,-0.0029076280680356836,-0.14092223829169243,1.3593812426756369,0.9944611987651175,0.7315543037424824,0.5704316979824959,0.0687139987726546,-0.5017176992098413,2.399652577070609e-08,3.478008773715477e-08,1.078356196644868e-08,1.1848547953477093,1.292687837374919,1.0901655345026917,3.704773322999509e-06,7.867262426161332e-07,-2.918047080383376e-06,1.1621845216525042,1.030536279018361,0.8867195770549868,2.8940179453014573e-05,-9.976490503641855e-08,-2.903994435805099e-05,1.4397776926344947,0.9989470847547279,0.6938193110300389,-1.3955603621926705e-05,4.584483629931901e-06,1.8540087251858606e-05,1.1800124667194056,0.9522790131585549,0.8070086277444354,4.289578307494125e-05,-4.684248534968347e-06,-4.75800316099096e-05,1.2992737942815542,0.9754633878910427,0.7507753266669813,0.1028449644245022,0.07510699776946339,-0.027737966655038804,-0.08076677808746136,0.0028244998571463897,0.08359127794460774,0.7859386183447381,1.0096164526388096,1.2845996224203529,0.1028449644245022,0.07510699776946339,-0.027737966655038804,2.399652577070609e-08,3.478008773715477e-08,1.078356196644868e-08,1.1848547953477093,1.292687837374919,1.0901655345026917,3.704773322999509e-06,7.867262426161332e-07,-2.918047080383376e-06,1.1621845216525042,1.030536279018361,0.8867195770549868,2.8940179453014573e-05,-9.976490503641855e-08,-2.903994435805099e-05,1.4397776926344947,0.9989470847547279,0.6938193110300389,-1.3955603621926705e-05,4.584483629931901e-06,1.8540087251858606e-05,1.1800124667194056,0.9522790131585549,0.8070086277444354,4.289578307494125e-05,-4.684248534968347e-06,-4.75800316099096e-05,1.2992737942815542,0.9754633878910427,0.7507753266669813
-21.339222600146854,0.3210857983002267,8.596686397539911e-08,2.795489553391582e-05,0.00012581884282051204,-7.010911920365736e-05,0.0001959279620241694,-21.407812622249327,0.3572636564385697,8.137790769582333e-08,2.500996911709522e-05,0.00010427295711975206,-6.675752639190828e-05,0.00017103048351166034,-21.303010695684666,0.3704315923630993,6.35779813824139e-08,2.6934130404438648e-05,0.00011671285727685496,-6.610353581030511e-05,0.00018281639308716008,-21.19138097608235,0.3838677937442252,8.596686397539911e-08,2.795489553391582e-05,0.00012581884282051204,-7.010911920365736e-05,0.0001959279620241694,-21.396507596674116,0.36233004845244043,8.137790769582333e-08,2.500996911709522e-05,0.00010427295711975206,-6.675752639190828e-05,0.00017103048351166034,-21.369340365960223,0.341490467531895,6.35779813824139e-08,2.6934130404438648e-05,0.00011671285727685496,-6.610353581030511e-05,0.00018281639308716008,3.0,0.0,13.0,0.06859002210247311,-0.03621190446218847,-0.10480192656466158,-0.03617785813834301,-0.049345794062872594,-0.013167935924529584,0.8987362482127054,0.8667883755951831,0.9644524487315662,0.06859002210247311,-0.03621190446218847,-0.10480192656466158,4.588956279575772e-09,2.2388882592985212e-08,1.779992631340944e-08,1.055094152593291,1.3500249553944057,1.2779599153295031,2.9449264168205975e-06,1.0207651294771714e-06,-1.924161287343426e-06,1.1177456328902229,1.037894720367023,0.9285570347305592,2.154588570075998e-05,9.105985543657075e-06,-1.2439900157102903e-05,1.2066285030467248,1.0780194912040229,0.8934137181736047,-3.351592811749087e-06,-4.005583393352249e-06,-6.539905816031625e-07,1.050207040518197,1.0605972041278946,1.0098949558912518,2.4897478512509065e-05,1.3111568937009324e-05,-1.178590957549974e-05,1.145572668942053,1.0717192891932255,0.9355309284382749,0.20512662059176634,0.17795938987787352,-0.02716723071389282,0.02153774529178476,0.0423773262123302,0.020839580920545442,1.0594423379397626,1.1240951948269615,1.0610253661399685,0.20512662059176634,0.17795938987787352,-0.02716723071389282,4.588956279575772e-09,2.2388882592985212e-08,1.779992631340944e-08,1.055094152593291,1.3500249553944057,1.2779599153295031,2.9449264168205975e-06,1.0207651294771714e-06,-1.924161287343426e-06,1.1177456328902229,1.037894720367023,0.9285570347305592,2.154588570075998e-05,9.105985543657075e-06,-1.2439900157102903e-05,1.2066285030467248,1.0780194912040229,0.8934137181736047,-3.351592811749087e-06,-4.005583393352249e-06,-6.539905816031625e-07,1.050207040518197,1.0605972041278946,1.0098949558912518,2.4897478512509065e-05,1.3111568937009324e-05,-1.178590957549974e-05,1.145572668942053,1.0717192891932255,0.9355309284382749
-21.942431684872165,0.1572382319980908,1.8696954112764857e-07,2.636673619364719e-05,0.00010209590071858822,-7.25964696280173e-05,0.00017469237034660552,-21.914681567077647,0.2218792016933939,1.5087651727207546e-07,2.3689114819825942e-05,8.027883716091175e-05,-6.199597944369026e-05,0.000142274816604602,-21.91928815625906,0.18134760307705936,1.8838348733908991e-07,2.5852749271702858e-05,9.586921316702967e-05,-5.888690039955574e-05,0.00015475611356658542,-21.0236750527722,0.5152202310962332,1.8696954112764857e-07,2.636673619364719e-05,0.00010209590071858822,-7.25964696280173e-05,0.00017469237034660552,-21.17411641548747,0.584757390477501,1.5087651727207546e-07,2.3689114819825942e-05,8.027883716091175e-05,-6.199597944369026e-05,0.000142274816604602,-21.027078929611427,0.5716532044654611,1.8838348733908991e-07,2.5852749271702858e-05,9.586921316702967e-05,-5.888690039955574e-05,0.00015475611356658542,3.0,0.0,14.0,-0.027750117794518303,-0.023143528613104536,0.004606589181413767,-0.06464096969530309,-0.024109371078968544,0.04053159861633454,0.7086659350095621,0.8670543709616648,1.2235022564746079,-0.027750117794518303,-0.023143528613104536,0.004606589181413767,3.609302385557311e-08,-1.4139462114413452e-09,-3.750697006701446e-08,1.238401471340804,0.9919677514841515,0.8004760491333763,2.6776213738212475e-06,5.139869219443316e-07,-2.163634451876916e-06,1.1130270207005923,1.0198773804985126,0.9163057646320932,2.1817063557676467e-05,6.226687551558552e-06,-1.5590376006117916e-05,1.2717644793172382,1.0649487030402545,0.8373778272620439,-1.0600490184327035e-05,-1.3709569228461554e-05,-3.1090790441345192e-06,1.170988625041691,1.2328139606064414,1.0527992525156449,3.24175537420035e-05,1.9936256780020092e-05,-1.248129696198341e-05,1.2278508012209577,1.128822981129881,0.9193480075899301,0.1504413627152701,0.003403876839225717,-0.14703748587604437,-0.06953715938126781,-0.05643297336922792,0.013104186012039887,0.8810837441274687,0.90128110361574,1.0229233140081861,0.1504413627152701,0.003403876839225717,-0.14703748587604437,3.609302385557311e-08,-1.4139462114413452e-09,-3.750697006701446e-08,1.238401471340804,0.9919677514841515,0.8004760491333763,2.6776213738212475e-06,5.139869219443316e-07,-2.163634451876916e-06,1.1130270207005923,1.0198773804985126,0.9163057646320932,2.1817063557676467e-05,6.226687551558552e-06,-1.5590376006117916e-05,1.2717644793172382,1.0649487030402545,0.8373778272620439,-1.0600490184327035e-05,-1.3709569228461554e-05,-3.1090790441345192e-06,1.170988625041691,1.2328139606064414,1.0527992525156449,3.24175537420035e-05,1.9936256780020092e-05,-1.248129696198341e-05,1.2278508012209577,1.128822981129881,0.9193480075899301
-22.09986352299505,0.20585817009626942,-1.4069459049496346e-08,2.1873583315403696e-05,9.526789524706898e-05,-7.200465819181878e-05,0.00016727255343888776,-22.194359039489132,0.20558288409930603,-3.48907747814222e-08,2.0850781575674963e-05,8.19651807182394e-05,-7.214606320155771e-05,0.0001541112439197971,-22.13734362322811,0.20190843052891094,-2.9013301416702394e-08,2.210474570237286e-05,9.433557740039221e-05,-7.966835153644889e-05,0.0001740039289368411,-21.971469502938994,0.25256230891327847,-1.4069459049496346e-08,2.1873583315403696e-05,9.526789524706898e-05,-7.200465819181878e-05,0.00016727255343888776,-21.994314395717268,0.2862200892838331,-3.48907747814222e-08,2.0850781575674963e-05,8.19651807182394e-05,-7.214606320155771e-05,0.0001541112439197971,-22.001850182882784,0.2516718419752402,-2.9013301416702394e-08,2.210474570237286e-05,9.433557740039221e-05,-7.966835153644889e-05,0.0001740039289368411,3.0,0.0,15.0,0.0944955164940815,0.03748010023305781,-0.05701541626102369,0.00027528599696338696,0.003949739567358473,0.0036744535703950865,1.0013390506609319,1.019562033418098,1.0181986133959329,0.0944955164940815,0.03748010023305781,-0.05701541626102369,2.082131573192585e-08,1.4943842367206048e-08,-5.877473364719803e-09,0.4044020042062773,0.48660852825920525,1.2067378359382643,1.0228017397287323e-06,-2.3116238696916508e-07,-1.2539641266978974e-06,1.049048369298775,0.9895379325382787,0.9432674562137623,1.330271452882958e-05,9.323178466767642e-07,-1.2370396682152816e-05,1.1622957234119422,1.0098819224323807,0.8688672512558713,1.414050097389328e-07,7.663693344630107e-06,7.522288334891174e-06,0.9980414010227548,0.9038061812976533,0.9055811042689983,1.3161309519090647e-05,-6.731375497953342e-06,-1.989268501704399e-05,1.0854006537373395,0.9613142549682185,0.8856762964709021,0.022844892778273618,0.030380679943789346,0.007535787165515728,-0.03365778037055461,0.0008904669380382924,0.034548247308592905,0.8824059466160737,1.0035382060650713,1.1372749804813853,0.022844892778273618,0.030380679943789346,0.007535787165515728,2.082131573192585e-08,1.4943842367206048e-08,-5.877473364719803e-09,0.4044020042062773,0.48660852825920525,1.2067378359382643,1.0228017397287323e-06,-2.3116238696916508e-07,-1.2539641266978974e-06,1.049048369298775,0.9895379325382787,0.9432674562137623,1.330271452882958e-05,9.323178466767642e-07,-1.2370396682152816e-05,1.1622957234119422,1.0098819224323807,0.8688672512558713,1.414050097389328e-07,7.663693344630107e-06,7.522288334891174e-06,0.9980414010227548,0.9038061812976533,0.9055811042689983,1.3161309519090647e-05,-6.731375497953342e-06,-1.989268501704399e-05,1.0854006537373395,0.9613142549682185,0.8856762964709021
-22.100822335317435,0.29169707904796205,1.581247546484679e-07,1.8343511791384104e-05,0.00010953293230030543,-4.8689107401547367e-05,0.0001582220397018528,-22.09086392387476,0.289400411215844,1.5887119911879526e-07,1.7729271327611006e-05,8.676705678947184e-05,-5.5525282640445195e-05,0.00014229233942991703,-22.091536416891554,0.30139290924605106,1.5408700740773415e-07,1.851689033252011e-05,0.00010336309914123384,-4.505468378373542e-05,0.00014841778292496927,-21.98605104401543,0.35048161998645716,1.581247546484679e-07,1.8343511791384104e-05,0.00010953293230030543,-4.8689107401547367e-05,0.0001582220397018528,-21.80942395741781,0.44426422845850266,1.5887119911879526e-07,1.7729271327611006e-05,8.676705678947184e-05,-5.5525282640445195e-05,0.00014229233942991703,-21.96791462406407,0.36671443722401903,1.5408700740773415e-07,1.851689033252011e-05,0.00010336309914123384,-4.505468378373542e-05,0.00014841778292496927,3.0,1.0,16.0,-0.00995841144267473,-0.009285918425881334,0.0006724930167933962,0.002296667832118071,-0.009695830198089006,-0.011992498030207077,1.0079359518587951,0.96782993229958,0.9602097535863472,-0.00995841144267473,-0.009285918425881334,0.0006724930167933962,-7.464444703273472e-10,4.03774724073376e-09,4.784191711061107e-09,0.9946754854022657,1.0255387746797675,1.0303799379066627,6.142404637730979e-07,-1.7337854113600457e-07,-7.876190049091025e-07,1.0346397202937851,0.9906313856614519,0.9574596632193685,2.2765875510833593e-05,6.169833159071588e-06,-1.6596042351762005e-05,1.262377797696789,1.0596898432936597,0.8394385768857126,6.836175238897829e-06,-3.6344236178119437e-06,-1.0470598856709772e-05,0.8768833362842763,1.0806693417756974,1.2324003015313543,1.5929700271935765e-05,9.804256776883532e-06,-6.125443495052233e-06,1.111949730679693,1.0660577861890126,0.9587277262393715,-0.1766270865976196,-0.01813641995136095,0.15849066664625866,-0.0937826084720455,-0.01623281723756187,0.07754979123448363,0.7889035341055018,0.9557344470645452,1.2114718790467547,-0.1766270865976196,-0.01813641995136095,0.15849066664625866,-7.464444703273472e-10,4.03774724073376e-09,4.784191711061107e-09,0.9946754854022657,1.0255387746797675,1.0303799379066627,6.142404637730979e-07,-1.7337854113600457e-07,-7.876190049091025e-07,1.0346397202937851,0.9906313856614519,0.9574596632193685,2.2765875510833593e-05,6.169833159071588e-06,-1.6596042351762005e-05,1.262377797696789,1.0596898432936597,0.8394385768857126,6.836175238897829e-06,-3.6344236178119437e-06,-1.0470598856709772e-05,0.8768833362842763,1.0806693417756974,1.2324003015313543,1.5929700271935765e-05,9.804256776883532e-06,-6.125443495052233e-06,1.111949730679693,1.0660577861890126,0.9587277262393715
-21.880636445037123,0.30457257444747915,1.1890500658507737e-07,1.746516420135685e-05,8.792410339595503e-05,-3.827971057749049e-05,0.00012620381397344553,-21.956522607808672,0.26257019684423305,1.4869585753580716e-07,1.840662056248209e-05,8.48193184243448e-05,-4.639612350299412e-05,0.00013121544192733892,-21.78018772275057,0.3480541451212499,1.4334684542622562e-07,1.800233754513998e-05,8.689737127963157e-05,-4.314971850182363e-05,0.00013004708978145522,-21.855433238525148,0.31597364571624986,1.1890500658507737e-07,1.746516420135685e-05,8.792410339595503e-05,-3.827971057749049e-05,0.00012620381397344553,-21.706639852031316,0.37606213955406703,1.4869585753580716e-07,1.840662056248209e-05,8.48193184243448e-05,-4.639612350299412e-05,0.00013121544192733892,-21.891695889579584,0.2964918404428256,1.4334684542622562e-07,1.800233754513998e-05,8.689737127963157e-05,-4.314971850182363e-05,0.00013004708978145522,3.0,0.0,17.0,0.07588616277154969,-0.10044872228655422,-0.1763348850581039,0.0420023776032461,-0.04348157067377073,-0.08548394827701683,1.1599662794637997,0.8750723949972481,0.7543946838424329,0.07588616277154969,-0.10044872228655422,-0.1763348850581039,-2.9790850950729795e-08,-2.4441838841148248e-08,5.349012109581547e-09,0.7991150328661759,0.8289133597310785,1.0365920358442535,-9.414563611252404e-07,-5.371733437831295e-07,4.042830173421109e-07,0.94884714211154,0.9701555224154534,1.022451571701257,3.1047849716102306e-06,1.0267321163234572e-06,-2.0780528552867734e-06,1.0366034692206654,1.0118142921906188,0.976085001960536,8.116412925503633e-06,4.870007924333145e-06,-3.246405001170488e-06,0.825064470773452,0.887139027101078,1.075238324552818,-5.011627953893389e-06,-3.843275808009688e-06,1.168352145883701e-06,0.961805378537638,0.9704462986515241,1.0089832940476988,-0.148793386493832,0.036262651054435935,0.18505603754826794,-0.06008849383781717,0.019481805273424246,0.07957029911124142,0.8402165823097972,1.0657077278678442,1.2683726434614924,-0.148793386493832,0.036262651054435935,0.18505603754826794,-2.9790850950729795e-08,-2.4441838841148248e-08,5.349012109581547e-09,0.7991150328661759,0.8289133597310785,1.0365920358442535,-9.414563611252404e-07,-5.371733437831295e-07,4.042830173421109e-07,0.94884714211154,0.9701555224154534,1.022451571701257,3.1047849716102306e-06,1.0267321163234572e-06,-2.0780528552867734e-06,1.0366034692206654,1.0118142921906188,0.976085001960536,8.116412925503633e-06,4.870007924333145e-06,-3.246405001170488e-06,0.825064470773452,0.887139027101078,1.075238324552818,-5.011627953893389e-06,-3.843275808009688e-06,1.168352145883701e-06,0.961805378537638,0.9704462986515241,1.0089832940476988
-21.80775798520598,0.323556253955401,1.932950170571893e-07,2.0199083077143107e-05,5.632622105264974e-05,-6.244519555177721e-05,0.00011877141660442695,-21.85968069156109,0.33085795115146227,8.092505515157803e-08,1.853728994775049e-05,6.14633474291539e-05,-5.330740257561359e-05,0.0001147707500047675,-21.640573151778128,0.4173303165908453,1.4883939795415147e-07,1.9645566915803387e-05,6.16626790746758e-05,-6.74572706510338e-05,0.0001291199497257096,-21.90720535423244,0.2800624462019704,1.932950170571893e-07,2.0199083077143107e-05,5.632622105264974e-05,-6.244519555177721e-05,0.00011877141660442695,-21.871297769868292,0.3253072113804048,8.092505515157803e-08,1.853728994775049e-05,6.14633474291539e-05,-5.330740257561359e-05,0.0001147707500047675,-22.10769965388609,0.20959676415529044,1.4883939795415147e-07,1.9645566915803387e-05,6.16626790746758e-05,-6.74572706510338e-05,0.0001291199497257096,3.0,1.0,18.0,0.051922706355107096,-0.16718483342785362,-0.21910753978296071,-0.007301697196061274,-0.0937740626354443,-0.08647236543938303,0.9779310206436242,0.7753001423931746,0.792796348405618,0.051922706355107096,-0.16718483342785362,-0.21910753978296071,1.1236996190561127e-07,4.445561910303783e-08,-6.791434280257344e-08,2.385620308379694,1.2978098455634417,0.5433421664326149,1.6617931293926166e-06,5.535161613397199e-07,-1.1082769680528967e-06,1.0896400806195623,1.0281698841638478,0.9435816064273544,-5.137126376504166e-06,-5.336458022026059e-06,-1.9933164552189285e-07,0.9164181868837473,0.9134557653400069,0.9967657694233929,-9.137792976163619e-06,5.012075099256592e-06,1.414986807542021e-05,1.1714191590017522,0.9257013739105023,0.7902407121606224,4.0006665996594526e-06,-1.0348533121282665e-05,-1.4349199720942117e-05,1.0348569919931174,0.9198526244121937,0.8888685393831213,-0.03590758436414632,0.20049429965365206,0.23640188401779838,-0.0452447651784344,0.07046568204667997,0.11571044722511437,0.8609168082301804,1.3361964207656003,1.5520621825257672,-0.03590758436414632,0.20049429965365206,0.23640188401779838,1.1236996190561127e-07,4.445561910303783e-08,-6.791434280257344e-08,2.385620308379694,1.2978098455634417,0.5433421664326149,1.6617931293926166e-06,5.535161613397199e-07,-1.1082769680528967e-06,1.0896400806195623,1.0281698841638478,0.9435816064273544,-5.137126376504166e-06,-5.336458022026059e-06,-1.9933164552189285e-07,0.9164181868837473,0.9134557653400069,0.9967657694233929,-9.137792976163619e-06,5.012075099256592e-06,1.414986807542021e-05,1.1714191590017522,0.9257013739105023,0.7902407121606224,4.0006665996594526e-06,-1.0348533121282665e-05,-1.4349199720942117e-05,1.0348569919931174,0.9198526244121937,0.8888685393831213
-21.987711828716872,0.21833908252632697,-2.615078453885287e-08,2.0277500415859797e-05,7.31729564925761e-05,-7.038997946621352e-05,0.0001435629359587896,-21.920627941628116,0.2642705231613644,-2.6210673210110083e-08,1.903742319169637e-05,7.364765159469771e-05,-5.0745811525040055e-05,0.00012439346311973775,-21.8300509217303,0.2564405811072708,-1.303652710324579e-08,2.0935542776174224e-05,7.505844948764204e-05,-6.618571107412251e-05,0.00014124416056176455,-21.981034338161,0.22060393047567206,-2.615078453885287e-08,2.0277500415859797e-05,7.31729564925761e-05,-7.038997946621352e-05,0.0001435629359587896,-21.989119084622136,0.23811531328495858,-2.6210673210110083e-08,1.903742319169637e-05,7.364765159469771e-05,-5.0745811525040055e-05,0.00012439346311973775,-21.95650015323753,0.21277228956045025,-1.303652710324579e-08,2.0935542776174224e-05,7.505844948764204e-05,-6.618571107412251e-05,0.00014124416056176455,3.0,1.0,19.0,-0.06708388708875646,-0.1576609069865711,-0.09057701989781464,-0.04593144063503743,-0.03810149858094383,0.007829942054093597,0.8261953691686943,0.8514217270075991,1.0305331625643328,-0.06708388708875646,-0.1576609069865711,-0.09057701989781464,5.988867125721192e-11,-1.3114257435607082e-08,-1.3174146106864293e-08,1.0015362043107818,2.021468693270206,2.026098117440947,1.2400772241634263e-06,-6.580423603144269e-07,-1.8981195844778532e-06,1.0651333270445742,0.9685635465148734,0.9093307234570261,-4.746951021216095e-07,-1.88549299506594e-06,-1.4107978929443304e-06,0.9935531622915724,0.9748783715121435,0.9812027023893312,-1.9644167941173463e-05,-4.204268392091011e-06,1.5439899549082452e-05,1.387111882971237,1.0635239038192523,0.7667196948322932,1.9169472839051854e-05,2.318775397025058e-06,-1.6850697442026796e-05,1.1541026107645131,1.0164160680781158,0.8806974713520616,0.00808474646113666,-0.024534184923467706,-0.032618931384604366,-0.01751138280928652,0.007831640915221816,0.025343023724508335,0.9264583925311177,1.0368076163851967,1.1191086661940408,0.00808474646113666,-0.024534184923467706,-0.032618931384604366,5.988867125721192e-11,-1.3114257435607082e-08,-1.3174146106864293e-08,1.0015362043107818,2.021468693270206,2.026098117440947,1.2400772241634263e-06,-6.580423603144269e-07,-1.8981195844778532e-06,1.0651333270445742,0.9685635465148734,0.9093307234570261,-4.746951021216095e-07,-1.88549299506594e-06,-1.4107978929443304e-06,0.9935531622915724,0.9748783715121435,0.9812027023893312,-1.9644167941173463e-05,-4.204268392091011e-06,1.5439899549082452e-05,1.387111882971237,1.0635239038192523,0.7667196948322932,1.9169472839051854e-05,2.318775397025058e-06,-1.6850697442026796e-05,1.1541026107645131,1.0164160680781158,0.8806974713520616
-21.66459976967726,0.4075738420236256,9.730767096586637e-08,1.885354882730746e-05,6.853730230221883e-05,-4.856082740516044e-05,0.00011709812970737927,-21.63192417907403,0.4082630938254626,1.0220572907457918e-07,2.0794520197684873e-05,7.771196470427e-05,-6.180069975379905e-05,0.00013951266445806905,-21.446276725526182,0.4673590112210118,1.942064920409202e-07,2.0427219575193723e-05,6.952136962666287e-05,-5.83709650262974e-05,0.00012789233465296027,-21.94950721980872,0.2716997660691885,9.730767096586637e-08,1.885354882730746e-05,6.853730230221883e-05,-4.856082740516044e-05,0.00011709812970737927,-21.989644311199125,0.24497364827043971,1.0220572907457918e-07,2.0794520197684873e-05,7.771196470427e-05,-6.180069975379905e-05,0.00013951266445806905,-22.041775231242607,0.20322004306652766,1.942064920409202e-07,2.0427219575193723e-05,6.952136962666287e-05,-5.83709650262974e-05,0.00012789233465296027,3.0,0.0,20.0,-0.032675590603229665,-0.21832304415107728,-0.18564745354784762,-0.0006892518018369875,-0.05978516919738619,-0.0590959173955492,0.998311745753921,0.8720787064137254,0.8735534865830192,-0.032675590603229665,-0.21832304415107728,-0.18564745354784762,-4.898058108712808e-09,-9.689882107505384e-08,-9.200076296634103e-08,0.9511458629548566,0.500794749283898,0.5260026466488574,-1.9409713703774123e-06,-1.573670747886263e-06,3.673006224911493e-07,0.9066551179139344,0.9229575499569018,1.017975957204736,-9.17466240205117e-06,-9.840673244440368e-07,8.190595077607133e-06,0.8819390214767123,0.9858436921755379,1.1178124559447737,1.323987234863861e-05,9.810137621136962e-06,-3.4297347275016483e-06,0.7857662805638916,0.8319360589102575,1.0587593609578414,-2.241453475068978e-05,-1.0794204945580992e-05,1.1620329805108788e-05,0.8393363156571486,0.9155985655064613,1.0908593994370395,0.040137091390406,0.09226801143388741,0.05213092004348141,0.026726117798748783,0.06847972300266084,0.04175360520391205,1.1090979290079992,1.3369732721026215,1.2054600739834371,0.040137091390406,0.09226801143388741,0.05213092004348141,-4.898058108712808e-09,-9.689882107505384e-08,-9.200076296634103e-08,0.9511458629548566,0.500794749283898,0.5260026466488574,-1.9409713703774123e-06,-1.573670747886263e-06,3.673006224911493e-07,0.9066551179139344,0.9229575499569018,1.017975957204736,-9.17466240205117e-06,-9.840673244440368e-07,8.190595077607133e-06,0.8819390214767123,0.9858436921755379,1.1178124559447737,1.323987234863861e-05,9.810137621136962e-06,-3.4297347275016483e-06,0.7857662805638916,0.8319360589102575,1.0587593609578414,-2.241453475068978e-05,-1.0794204945580992e-05,1.1620329805108788e-05,0.8393363156571486,0.9155985655064613,1.0908593994370395
-21.1657437997939,0.45754222815509604,-4.0890253009658944e-08,2.176864285551078e-05,7.749169700109254e-05,-7.349825223222856e-05,0.0001509899492333211,-20.764388476100684,0.5995733427836506,2.1615703100470198e-09,2.357079518430938e-05,7.498728446812636e-05,-8.382438113644484e-05,0.0001588116656045712,-20.650045238808747,0.6247984205513974,-5.0706539443147396e-08,2.410787602581729e-05,7.604316583901044e-05,-8.583696106710178e-05,0.00016188012690611223,-21.511968267310653,0.2989599005408018,-4.0890253009658944e-08,2.176864285551078e-05,7.749169700109254e-05,-7.349825223222856e-05,0.0001509899492333211,-21.627948298037246,0.21248086619729503,2.1615703100470198e-09,2.357079518430938e-05,7.498728446812636e-05,-8.382438113644484e-05,0.0001588116656045712,-21.62476296263396,0.19587142586806278,-5.0706539443147396e-08,2.410787602581729e-05,7.604316583901044e-05,-8.583696106710178e-05,0.00016188012690611223,3.0,0.0,21.0,-0.4013553236932168,-0.5156985609851539,-0.11434323729193707,-0.14203111462855456,-0.1672561923963014,-0.02522507776774685,0.7631130262638841,0.7323037527496873,0.959626853983645,-0.4013553236932168,-0.5156985609851539,-0.11434323729193707,-4.305182331970596e-08,9.816286433488452e-09,5.2868109753194414e-08,-18.080469498562174,0.8080033422478144,-0.04271326065429508,-1.8021523287985998e-06,-2.339233170306511e-06,-5.370808415079112e-07,0.9235390800940679,0.902964348072965,0.9777177129704857,2.504412532966177e-06,1.4485311620820952e-06,-1.0558813708840816e-06,1.0333964512928258,1.019047461285376,0.986113413735811,1.0326128904216276e-05,1.233870883487322e-05,2.0125799306569433e-06,0.8768133914872696,0.8562551253449531,0.9765545954775335,-7.821716371250113e-06,-1.0890177672791138e-05,-3.068461301541025e-06,0.9507478785247825,0.9327263256240225,0.981044248824035,0.11598003072659324,0.11279469532330566,-0.0031853354032875814,0.08647903434350676,0.10308847467273902,0.016609440329232256,1.4069968075267003,1.5263068569764116,1.0847976684048874,0.11598003072659324,0.11279469532330566,-0.0031853354032875814,-4.305182331970596e-08,9.816286433488452e-09,5.2868109753194414e-08,-18.080469498562174,0.8080033422478144,-0.04271326065429508,-1.8021523287985998e-06,-2.339233170306511e-06,-5.370808415079112e-07,0.9235390800940679,0.902964348072965,0.9777177129704857,2.504412532966177e-06,1.4485311620820952e-06,-1.0558813708840816e-06,1.0333964512928258,1.019047461285376,0.986113413735811,1.0326128904216276e-05,1.233870883487322e-05,2.0125799306569433e-06,0.8768133914872696,0.8562551253449531,0.9765545954775335,-7.821716371250113e-06,-1.0890177672791138e-05,-3.068461301541025e-06,0.9507478785247825,0.9327263256240225,0.981044248824035
-22.48690270936876,0.13308882837170102,-7.814716015500374e-08,1.702730146213237e-05,6.406556403435362e-05,-4.6768796473908186e-05,0.00011083436050826181,-22.268127150001398,0.2129773651964799,-7.156856246885532e-08,1.766576155790891e-05,5.189523778290108e-05,-4.4971586758519566e-05,9.686682454142065e-05,-22.237143403853988,0.21682606818407213,-4.4688952007882854e-08,1.8251410261597825e-05,5.57195247616694e-05,-4.9922847155887365e-05,0.00010564237191755676,-22.074791719966445,0.2960012117890393,-7.814716015500374e-08,1.702730146213237e-05,6.406556403435362e-05,-4.6768796473908186e-05,0.00011083436050826181,-21.895507011944375,0.3939901585424397,-7.156856246885532e-08,1.766576155790891e-05,5.189523778290108e-05,-4.4971586758519566e-05,9.686682454142065e-05,-22.117971099306683,0.2671266086082079,-4.4688952007882854e-08,1.8251410261597825e-05,5.57195247616694e-05,-4.9922847155887365e-05,0.00010564237191755676,3.0,1.0,22.0,-0.21877555936736215,-0.24975930551477177,-0.03098374614740962,-0.07988853682477887,-0.0837372398123711,-0.0038487029875922396,0.6248965855429367,0.6138045550746982,0.9822498137883038,-0.21877555936736215,-0.24975930551477177,-0.03098374614740962,-6.578597686148412e-09,-3.345820814712088e-08,-2.687961046097247e-08,1.0934480484207139,1.752612623440626,1.6050738859303704,-6.384600957765408e-07,-1.2241087994654566e-06,-5.856487036889157e-07,0.9638534416403449,0.9329256164602849,0.9679068364593716,1.2170326251452544e-05,8.346039272684223e-06,-3.824286978768321e-06,1.234514828718631,1.149784556309962,0.9313637341398754,-1.7972097153886197e-06,3.1540506819791795e-06,4.951260397367799e-06,1.0399655391657276,0.9368233748809788,0.9008235588096255,1.3967535966841164e-05,5.191988590705051e-06,-8.775547376136113e-06,1.1441920039576423,1.0491458453826865,0.9169306887954628,-0.1792847080220703,0.043179379340237745,0.22246408736230805,-0.09798894675340036,0.028874603180831404,0.12686354993423177,0.7512908769319568,1.108093324062569,1.474919179514645,-0.1792847080220703,0.043179379340237745,0.22246408736230805,-6.578597686148412e-09,-3.345820814712088e-08,-2.687961046097247e-08,1.0934480484207139,1.752612623440626,1.6050738859303704,-6.384600957765408e-07,-1.2241087994654566e-06,-5.856487036889157e-07,0.9638534416403449,0.9329256164602849,0.9679068364593716,1.2170326251452544e-05,8.346039272684223e-06,-3.824286978768321e-06,1.234514828718631,1.149784556309962,0.9313637341398754,-1.7972097153886197e-06,3.1540506819791795e-06,4.951260397367799e-06,1.0399655391657276,0.9368233748809788,0.9008235588096255,1.3967535966841164e-05,5.191988590705051e-06,-8.775547376136113e-06,1.1441920039576423,1.0491458453826865,0.9169306887954628
-21.193816984488844,0.5794029269436413,1.1514945582173029e-07,2.083275605017929e-05,8.416294022248915e-05,-6.394286783091842e-05,0.00014810580805340757,-21.442994291220536,0.4183440241277513,2.2579854237035108e-07,2.182392761675945e-05,7.285792968125185e-05,-4.952484424514861e-05,0.00012238277392640046,-21.221559107164666,0.52721059515956,9.682531631933627e-08,2.1877471672448824e-05,8.748093422368219e-05,-5.137897139690573e-05,0.00013885990562058793,-21.9333871098745,0.2188380907657006,1.1514945582173029e-07,2.083275605017929e-05,8.416294022248915e-05,-6.394286783091842e-05,0.00014810580805340757,-21.572514103291585,0.354386292310919,2.2579854237035108e-07,2.182392761675945e-05,7.285792968125185e-05,-4.952484424514861e-05,0.00012238277392640046,-21.81252574655658,0.24561711032522354,9.682531631933627e-08,2.1877471672448824e-05,8.748093422368219e-05,-5.137897139690573e-05,0.00013885990562058793,3.0,1.0,23.0,0.24917730673169203,0.027742122675821435,-0.2214351840558706,0.16105890281588997,0.052192331784081225,-0.10886657103180875,1.384991522260176,1.098997122124197,0.7935045841060709,0.24917730673169203,0.027742122675821435,-0.2214351840558706,-1.1064908654862079e-07,1.8324139502394022e-08,1.289732260510148e-07,0.5097397026712445,1.188022491898315,2.3296136751973133,-9.911715665801612e-07,-1.044715622269534e-06,-5.354405568937283e-08,0.9545788896537627,0.9522426145866405,0.9975479885751247,1.1305010541237304e-05,-3.317994001193037e-06,-1.4623004542430341e-05,1.1551635501357285,0.9620707044602499,0.8328425735681154,-1.4418023585769808e-05,-1.2563896434012688e-05,1.85412715175712e-06,1.2911296929550966,1.2445362479248494,0.9639145994968512,2.5723034127007112e-05,9.245902432819644e-06,-1.6477131694187468e-05,1.2101840993085076,1.0665836242156166,0.881339255168916,-0.36087300658291355,-0.12086136331791764,0.2400116432649959,-0.1355482015452184,-0.026779019559522943,0.10876918198569546,0.617512853775825,0.8909724993785576,1.4428404100080376,-0.36087300658291355,-0.12086136331791764,0.2400116432649959,-1.1064908654862079e-07,1.8324139502394022e-08,1.289732260510148e-07,0.5097397026712445,1.188022491898315,2.3296136751973133,-9.911715665801612e-07,-1.044715622269534e-06,-5.354405568937283e-08,0.9545788896537627,0.9522426145866405,0.9975479885751247,1.1305010541237304e-05,-3.317994001193037e-06,-1.4623004542430341e-05,1.1551635501357285,0.9620707044602499,0.8328425735681154,-1.4418023585769808e-05,-1.2563896434012688e-05,1.85412715175712e-06,1.2911296929550966,1.2445362479248494,0.9639145994968512,2.5723034127007112e-05,9.245902432819644e-06,-1.6477131694187468e-05,1.2101840993085076,1.0665836242156166,0.881339255168916
-22.06318113729708,0.28381726848003996,-1.3471687775158266e-07,1.871592684067002e-05,9.230657079623373e-05,-4.276781539095432e-05,0.00013507438618718805,-22.150820440384404,0.24732544040302637,2.4221471256701903e-09,1.8496892613651024e-05,7.798369381760333e-05,-5.1278547504290344e-05,0.00012926224132189367,-21.998700533541705,0.3225482216422281,-2.274693166667225e-08,1.8579568930557982e-05,9.45798438458053e-05,-5.0714807755715264e-05,0.00014529465160152057,-21.924253168284086,0.35225051146700403,-1.3471687775158266e-07,1.871592684067002e-05,9.230657079623373e-05,-4.276781539095432e-05,0.00013507438618718805,-21.809501134521145,0.4198581611603188,2.4221471256701903e-09,1.8496892613651024e-05,7.798369381760333e-05,-5.1278547504290344e-05,0.00012926224132189367,-21.991909616249607,0.32597180527020286,-2.274693166667225e-08,1.8579568930557982e-05,9.45798438458053e-05,-5.0714807755715264e-05,0.00014529465160152057,3.0,0.0,24.0,0.08763930308732526,-0.06448060375537423,-0.1521199068426995,0.036491828077013594,-0.03873095316218811,-0.0752227812392017,1.1475457919039551,0.8799219755328836,0.7667859368968472,0.08763930308732526,-0.06448060375537423,-0.1521199068426995,-1.3713902487725286e-07,-1.1196994608491041e-07,2.516907879234244e-08,-53.41356829680799,5.948570858710858,-0.10695255151207429,2.190342270189978e-07,1.3635791011203967e-07,-8.267631690695812e-08,1.0118362066521787,1.0073337103379671,0.9955447905333331,1.4322876978630397e-05,-2.27327304957157e-06,-1.6596150028201967e-05,1.1836635059347076,0.9759634764292325,0.8245267510915527,8.510732113336024e-06,7.946992364760944e-06,-5.637397485750803e-07,0.8340310105405597,0.8433020179660727,1.0111178743509872,5.81214486529438e-06,-1.0220265414332514e-05,-1.6032410279626894e-05,1.0449631718399794,0.9296577109518555,0.8896552690107004,-0.11475203376294019,0.06765644796552195,0.18240848172846214,-0.06760764969331479,0.02627870619680117,0.09388635589011596,0.8389750253028976,1.080616500150854,1.2880198662687719,-0.11475203376294019,0.06765644796552195,0.18240848172846214,-1.3713902487725286e-07,-1.1196994608491041e-07,2.516907879234244e-08,-53.41356829680799,5.948570858710858,-0.10695255151207429,2.190342270189978e-07,1.3635791011203967e-07,-8.267631690695812e-08,1.0118362066521787,1.0073337103379671,0.9955447905333331,1.4322876978630397e-05,-2.27327304957157e-06,-1.6596150028201967e-05,1.1836635059347076,0.9759634764292325,0.8245267510915527,8.510732113336024e-06,7.946992364760944e-06,-5.637397485750803e-07,0.8340310105405597,0.8433020179660727,1.0111178743509872,5.81214486529438e-06,-1.0220265414332514e-05,-1.6032410279626894e-05,1.0449631718399794,0.9296577109518555,0.8896552690107004
-21.94140979240461,0.3113289807016853,-1.6866299535073373e-07,1.9466523790365122e-05,0.00010715430645299654,-6.268602251012757e-05,0.0001698403289631241,-21.834389396292437,0.3295072441023715,-6.938719308978246e-08,1.9562912029189617e-05,8.189186933868178e-05,-7.173262705779185e-05,0.00015362449639647361,-21.793556929806613,0.35998131650928406,-4.9209250919984475e-08,1.9332110132231843e-05,9.785712137562573e-05,-7.507049639412562e-05,0.00017292761776975134,-21.842925245563553,0.3600089494157617,-1.6866299535073373e-07,1.9466523790365122e-05,0.00010715430645299654,-6.268602251012757e-05,0.0001698403289631241,-21.743058908801306,0.37476733729819534,-6.938719308978246e-08,1.9562912029189617e-05,8.189186933868178e-05,-7.173262705779185e-05,0.00015362449639647361,-21.83638267802502,0.3386776646194931,-4.9209250919984475e-08,1.9332110132231843e-05,9.785712137562573e-05,-7.507049639412562e-05,0.00017292761776975134,3.0,0.0,25.0,-0.10702039611217273,-0.1478528625979969,-0.04083246648582417,-0.01817826340068618,-0.04865233580759876,-0.030474072406912578,0.9448319761688706,0.8648476082985025,0.9153454051617115,-0.10702039611217273,-0.1478528625979969,-0.04083246648582417,-9.927580226095127e-08,-1.1945374443074924e-07,-2.0177942169797983e-08,2.4342593173341562,3.4344444720922866,1.412914915009345,-9.638823882449546e-08,1.3441365813327908e-07,2.3080189695777454e-07,0.9950678229568879,1.0069476618148974,1.0119335500379822,2.526243711431476e-05,9.297185077370804e-06,-1.5965252036943955e-05,1.3084836928250798,1.0950066325885535,0.8368505480483569,9.046604547664283e-06,1.238447388399805e-05,3.337869336333767e-06,0.8738856008742603,0.835029858920964,0.9555381415756723,1.6215832566650475e-05,-3.087288806627247e-06,-1.9303121373277722e-05,1.105554272863969,0.9821463623851323,0.8883740465540668,-0.09986633676224699,-0.00654256753853133,0.09332376922371566,-0.01475838788243361,0.021331284796268613,0.03608967267870222,0.9606198659549868,1.0629840314800094,1.1065605333277386,-0.09986633676224699,-0.00654256753853133,0.09332376922371566,-9.927580226095127e-08,-1.1945374443074924e-07,-2.0177942169797983e-08,2.4342593173341562,3.4344444720922866,1.412914915009345,-9.638823882449546e-08,1.3441365813327908e-07,2.3080189695777454e-07,0.9950678229568879,1.0069476618148974,1.0119335500379822,2.526243711431476e-05,9.297185077370804e-06,-1.5965252036943955e-05,1.3084836928250798,1.0950066325885535,0.8368505480483569,9.046604547664283e-06,1.238447388399805e-05,3.337869336333767e-06,0.8738856008742603,0.835029858920964,0.9555381415756723,1.6215832566650475e-05,-3.087288806627247e-06,-1.9303121373277722e-05,1.105554272863969,0.9821463623851323,0.8883740465540668
-21.808676448139863,0.37072535010548363,-4.8526246104407464e-08,2.228543664440976e-05,7.614290073988527e-05,-9.045590496048918e-05,0.00016659880570037445,-22.036483103365242,0.2999208432436454,-6.834764964958994e-09,2.0970865883433802e-05,6.440472570586671e-05,-8.038826387691402e-05,0.00014479298958278072,-21.821573372006696,0.3397411350040964,-3.039349694124948e-08,2.2745198594268417e-05,7.359939057673041e-05,-8.547031616747177e-05,0.0001590697067442022,-21.866885274741495,0.3409449644026878,-4.8526246104407464e-08,2.228543664440976e-05,7.614290073988527e-05,-9.045590496048918e-05,0.00016659880570037445,-21.850439195321595,0.3975450026235812,-6.834764964958994e-09,2.0970865883433802e-05,6.440472570586671e-05,-8.038826387691402e-05,0.00014479298958278072,-21.912357429847614,0.297625961396784,-3.039349694124948e-08,2.2745198594268417e-05,7.359939057673041e-05,-8.547031616747177e-05,0.0001590697067442022,3.0,1.0,26.0,0.22780665522537902,0.012896923866833276,-0.21490973135854574,0.07080450686183826,0.030984215101387214,-0.03982029176045104,1.23607731284188,1.091199480427631,0.8827922563799931,0.22780665522537902,0.012896923866833276,-0.21490973135854574,-4.1691481139448474e-08,-1.8132749163157985e-08,2.3558731976290486e-08,7.205336245123578,1.601870071273652,0.22561822354857816,1.3145707609759589e-06,-4.597619498586561e-07,-1.774332710834615e-06,1.0626805063859426,0.9797821097862159,0.9219868359397245,1.1738175034018558e-05,2.543510163154864e-06,-9.194664870863694e-06,1.1822545889282536,1.0345574424934811,0.8750702647693223,-1.0067641083575166e-05,-4.985588793017415e-06,5.082052290557751e-06,1.125239097374961,1.0583324696786582,0.9405412491223832,2.1805816117593737e-05,7.529098956172265e-06,-1.4276717161421473e-05,1.1505991493131793,1.0473314144920005,0.9102481014239251,-0.016446079419900173,0.04547215510611835,0.06191823452601852,-0.056600038220893434,0.0433190030059038,0.09991904122679723,0.8576260852655007,1.1455484685813333,1.3357201791950428,-0.016446079419900173,0.04547215510611835,0.06191823452601852,-4.1691481139448474e-08,-1.8132749163157985e-08,2.3558731976290486e-08,7.205336245123578,1.601870071273652,0.22561822354857816,1.3145707609759589e-06,-4.597619498586561e-07,-1.774332710834615e-06,1.0626805063859426,0.9797821097862159,0.9219868359397245,1.1738175034018558e-05,2.543510163154864e-06,-9.194664870863694e-06,1.1822545889282536,1.0345574424934811,0.8750702647693223,-1.0067641083575166e-05,-4.985588793017415e-06,5.082052290557751e-06,1.125239097374961,1.0583324696786582,0.9405412491223832,2.1805816117593737e-05,7.529098956172265e-06,-1.4276717161421473e-05,1.1505991493131793,1.0473314144920005,0.9102481014239251
-21.696589289418313,0.36607476103637204,9.774742692445637e-08,2.439261951528632e-05,8.948001360989133e-05,-6.977284281255755e-05,0.00015925285642244888,-21.748473865305826,0.35189176779226045,-6.947701135307347e-09,2.3919380607126683e-05,8.871149827801634e-05,-8.092550382022656e-05,0.0001696370020982429,-21.709090871083244,0.37404665994036146,4.429246783362979e-08,2.4501764699112986e-05,9.02421570200447e-05,-7.055301766387351e-05,0.00016079517468391822,-21.91763648216612,0.2673427264021845,9.774742692445637e-08,2.439261951528632e-05,8.948001360989133e-05,-6.977284281255755e-05,0.00015925285642244888,-21.78018280026368,0.3366635815701851,-6.947701135307347e-09,2.3919380607126683e-05,8.871149827801634e-05,-8.092550382022656e-05,0.0001696370020982429,-21.999117662341195,0.24540054765067157,4.429246783362979e-08,2.4501764699112986e-05,9.02421570200447e-05,-7.055301766387351e-05,0.00016079517468391822,3.0,1.0,27.0,0.05188457588751305,0.012501581664931649,-0.0393829942225814,0.014182993244111597,-0.007971898903989416,-0.022154892148101013,1.0403049870392365,0.9786874209674022,0.9407697097316404,0.05188457588751305,0.012501581664931649,-0.0393829942225814,1.0469512805976372e-07,5.3454959090826577e-08,-5.1240168968937136e-08,-14.274487889148968,2.201892160868047,-0.1565063055594326,4.73238908159637e-07,-1.0914518382666651e-07,-5.823840919863035e-07,1.0197804841974147,0.9955413522534625,0.9762269484735425,7.685153318749954e-07,-7.621434101533718e-07,-1.5306587420283672e-06,1.0086619489084938,0.9915533649608957,0.9830372289814477,1.1152661007669015e-05,7.801748513159646e-07,-1.037248615635305e-05,0.8621871441946202,0.9889434076272737,1.1470185287838819,-1.038414567579402e-05,-1.5423182614693364e-06,8.841827414324683e-06,0.9387855277686827,0.9904075647465304,1.0549874828828472,-0.13745368190243923,0.081481180175075,0.21893486207751423,-0.06932085516800063,0.021942178751512914,0.09126303391951354,0.7940945827163708,1.0894137313573005,1.3718941732446226,-0.13745368190243923,0.081481180175075,0.21893486207751423,1.0469512805976372e-07,5.3454959090826577e-08,-5.1240168968937136e-08,-14.274487889148968,2.201892160868047,-0.1565063055594326,4.73238908159637e-07,-1.0914518382666651e-07,-5.823840919863035e-07,1.0197804841974147,0.9955413522534625,0.9762269484735425,7.685153318749954e-07,-7.621434101533718e-07,-1.5306587420283672e-06,1.0086619489084938,0.9915533649608957,0.9830372289814477,1.1152661007669015e-05,7.801748513159646e-07,-1.037248615635305e-05,0.8621871441946202,0.9889434076272737,1.1470185287838819,-1.038414567579402e-05,-1.5423182614693364e-06,8.841827414324683e-06,0.9387855277686827,0.9904075647465304,1.0549874828828472
-21.953839634099626,0.3485366880968218,4.2266567131238684e-08,1.796101346057845e-05,9.216377848482924e-05,-7.89696890757063e-05,0.00017113346756053555,-21.930593278867313,0.36018073959154345,-1.2133901950759495e-08,1.787662587207156e-05,8.702992791757334e-05,-6.133918334738232e-05,0.00014836911126495567,-21.909997416959392,0.36473809190346895,-3.1434271995025246e-08,1.7813034198641037e-05,7.648236170660895e-05,-7.955229945584071e-05,0.00015603466116244965,-21.947616343271758,0.35184499341846387,4.2266567131238684e-08,1.796101346057845e-05,9.216377848482924e-05,-7.89696890757063e-05,0.00017113346756053555,-21.92577500446434,0.36279458715526763,-1.2133901950759495e-08,1.787662587207156e-05,8.702992791757334e-05,-6.133918334738232e-05,0.00014836911126495567,-22.02905356882348,0.30385005835885015,-3.1434271995025246e-08,1.7813034198641037e-05,7.648236170660895e-05,-7.955229945584071e-05,0.00015603466116244965,3.0,0.0,28.0,-0.02324635523231322,-0.043842217140234396,-0.020595861907921176,-0.011644051494721641,-0.01620140380664714,-0.0045573523119255,0.9676716428404986,0.9555807187078966,0.9875051372153305,-0.02324635523231322,-0.043842217140234396,-0.020595861907921176,5.440046908199818e-08,7.370083912626392e-08,1.930037004426575e-08,-3.5122911341795597,-1.3488925843864856,0.38724058923998367,8.438758850689063e-08,1.4797926193741237e-07,6.359167343052174e-08,1.004714934329142,1.0083016980778539,1.003564317919716,5.133850567255903e-06,1.5681416778220295e-05,1.0547566210964392e-05,1.0589882674990994,1.2050315383201802,1.1379069916894813,-1.763050572832397e-05,5.826103801344183e-07,1.821311610845839e-05,1.2874285816838238,0.9926776332506334,0.7710557818257633,2.2764356295579887e-05,1.5098806398085903e-05,-7.665549897493983e-06,1.1534297857452904,1.0967650175230277,0.9508721656611299,-0.021841338807416122,0.08143722555172062,0.10327856435913674,-0.010949593736803764,0.04799493505961372,0.058944528796417484,0.9698187508263472,1.1579559839581652,1.193992158485631,-0.021841338807416122,0.08143722555172062,0.10327856435913674,5.440046908199818e-08,7.370083912626392e-08,1.930037004426575e-08,-3.5122911341795597,-1.3488925843864856,0.38724058923998367,8.438758850689063e-08,1.4797926193741237e-07,6.359167343052174e-08,1.004714934329142,1.0083016980778539,1.003564317919716,5.133850567255903e-06,1.5681416778220295e-05,1.0547566210964392e-05,1.0589882674990994,1.2050315383201802,1.1379069916894813,-1.763050572832397e-05,5.826103801344183e-07,1.821311610845839e-05,1.2874285816838238,0.9926776332506334,0.7710557818257633,2.2764356295579887e-05,1.5098806398085903e-05,-7.665549897493983e-06,1.1534297857452904,1.0967650175230277,0.9508721656611299
-21.512067393200606,0.35113872362119003,-1.1207566091165541e-07,2.2030940714917653e-05,9.559440639034104e-05,-5.3649343317723914e-05,0.00014924374970806496,-21.63375490477431,0.33079543091024655,1.8283045258530903e-08,2.186977635268684e-05,9.258243869820335e-05,-5.725248224598293e-05,0.00014983492094418628,-21.637012567894217,0.32627394365061446,-7.79762786850141e-08,2.2201156944578616e-05,7.889408109717804e-05,-5.394535381801995e-05,0.00013283943491519798,-21.819319136623605,0.23203955475052246,-1.1207566091165541e-07,2.2030940714917653e-05,9.559440639034104e-05,-5.3649343317723914e-05,0.00014924374970806496,-21.71112348013741,0.29802107690719276,1.8283045258530903e-08,2.186977635268684e-05,9.258243869820335e-05,-5.725248224598293e-05,0.00014983492094418628,-21.92504241495484,0.21749464001625785,-7.79762786850141e-08,2.2201156944578616e-05,7.889408109717804e-05,-5.394535381801995e-05,0.00013283943491519798,3.0,1.0,29.0,0.12168751157370394,0.124945174693611,0.0032576631199070505,0.020343292710943484,0.024864779970575568,0.004521487259632084,1.0614981063940794,1.0762082916727815,1.01385794742803,0.12168751157370394,0.124945174693611,0.0032576631199070505,-1.303587061701863e-07,-3.409938222664131e-08,9.6259323943545e-08,-6.096686339802441,1.4391501854495052,-0.23477040206916241,1.6116436223081345e-07,-1.702162296609635e-07,-3.3138059189177695e-07,1.007364667254327,0.99232853211482,0.9850692871705752,3.0119676921376863e-06,1.6700325293162997e-05,1.3688357601025311e-05,1.032531703434442,1.2116787963435791,1.1735014852890708,3.6031389282590125e-06,2.960105002960386e-07,-3.307128427962974e-06,0.9370674409183765,0.9945146147371134,1.0613071251665558,-5.911712361213195e-07,1.6404314792866986e-05,1.6995486028988305e-05,0.9960538515468852,1.1234889508107588,1.1279392165881776,-0.10819565648619545,0.10572327833123651,0.21391893481743196,-0.0659815221566703,0.014544914734264613,0.08052643689093492,0.7786011549274489,1.0668748187380153,1.3702456150086777,-0.10819565648619545,0.10572327833123651,0.21391893481743196,-1.303587061701863e-07,-3.409938222664131e-08,9.6259323943545e-08,-6.096686339802441,1.4391501854495052,-0.23477040206916241,1.6116436223081345e-07,-1.702162296609635e-07,-3.3138059189177695e-07,1.007364667254327,0.99232853211482,0.9850692871705752,3.0119676921376863e-06,1.6700325293162997e-05,1.3688357601025311e-05,1.032531703434442,1.2116787963435791,1.1735014852890708,3.6031389282590125e-06,2.960105002960386e-07,-3.307128427962974e-06,0.9370674409183765,0.9945146147371134,1.0613071251665558,-5.911712361213195e-07,1.6404314792866986e-05,1.6995486028988305e-05,0.9960538515468852,1.1234889508107588,1.1279392165881776
-21.713420519799175,0.3827373566151518,-9.268411208176992e-08,2.0180322393862027e-05,8.438129934919844e-05,-6.217143303785789e-05,0.00014655273238705632,-22.01569024794244,0.34463200823941154,-1.33295775721886e-07,1.8019635735184993e-05,8.148093083146652e-05,-5.899378766055865e-05,0.00014047471849202518,-21.816904466640246,0.37498029349650985,-1.3685645785289419e-07,1.983780276876999e-05,8.585996605025277e-05,-5.9694298542124495e-05,0.00014555426459237725,-21.828179992258722,0.3259582322092675,-9.268411208176992e-08,2.0180322393862027e-05,8.438129934919844e-05,-6.217143303785789e-05,0.00014655273238705632,-22.02560389973423,0.33928524692605233,-1.33295775721886e-07,1.8019635735184993e-05,8.148093083146652e-05,-5.899378766055865e-05,0.00014047471849202518,-21.9915761683658,0.28930946072727665,-1.3685645785289419e-07,1.983780276876999e-05,8.585996605025277e-05,-5.9694298542124495e-05,0.00014555426459237725,3.0,1.0,30.0,0.3022697281432656,0.1034839468410702,-0.19878578130219537,0.038105348375740256,0.007757063118641938,-0.030348285257098317,1.1105682216209358,1.0206865884717364,0.9190669859847248,0.3022697281432656,0.1034839468410702,-0.19878578130219537,4.061166364011609e-08,4.4172345771124264e-08,3.5606821310081763e-09,0.6958487352879358,0.6777311546155146,0.9746945615194952,2.1606866586770343e-06,3.4251962509203695e-07,-1.8181670335849973e-06,1.1199011289859437,1.0172608782835197,0.9083437874064277,2.900368517731917e-06,-1.4786667010543238e-06,-4.379035218786241e-06,1.035594401397925,0.9827770141687427,0.9489968337990424,-3.177645377299237e-06,-2.477134495733395e-06,7.00510881565842e-07,1.0538658541839856,1.0414987478889641,0.9882666842227292,6.0780138950311405e-06,9.98467794679071e-07,-5.0795461003520694e-06,1.0432669282671199,1.0068590715055161,0.9651013824657368,0.19742390747550687,0.1633961761070779,-0.03402773136842896,-0.013327014716784824,0.03664877148199086,0.049975786198775685,0.9607203232866723,1.1266767124628214,1.172741623989311,0.19742390747550687,0.1633961761070779,-0.03402773136842896,4.061166364011609e-08,4.4172345771124264e-08,3.5606821310081763e-09,0.6958487352879358,0.6777311546155146,0.9746945615194952,2.1606866586770343e-06,3.4251962509203695e-07,-1.8181670335849973e-06,1.1199011289859437,1.0172608782835197,0.9083437874064277,2.900368517731917e-06,-1.4786667010543238e-06,-4.379035218786241e-06,1.035594401397925,0.9827770141687427,0.9489968337990424,-3.177645377299237e-06,-2.477134495733395e-06,7.00510881565842e-07,1.0538658541839856,1.0414987478889641,0.9882666842227292,6.0780138950311405e-06,9.98467794679071e-07,-5.0795461003520694e-06,1.0432669282671199,1.0068590715055161,0.9651013824657368
-22.26375458383603,0.21323720689060358,-3.913714015082589e-08,1.8964705273058193e-05,9.594689830187697e-05,-5.744904022883599e-05,0.00015339593853071296,-22.436596939229993,0.1743539694960462,-1.458251123420168e-08,1.6851055077765152e-05,8.330145299952516e-05,-4.0004490113300725e-05,0.00012330594311282589,-22.289216983690448,0.19493937381640064,-2.3444371949799594e-08,1.9045645969442743e-05,9.770918540076968e-05,-5.0237636481323294e-05,0.00014794682188209296,-21.866822081913572,0.40805905196037806,-3.913714015082589e-08,1.8964705273058193e-05,9.594689830187697e-05,-5.744904022883599e-05,0.00015339593853071296,-22.01261292865656,0.38112209628533905,-1.458251123420168e-08,1.6851055077765152e-05,8.330145299952516e-05,-4.0004490113300725e-05,0.00012330594311282589,-21.942934766704884,0.34968657484746135,-2.3444371949799594e-08,1.9045645969442743e-05,9.770918540076968e-05,-5.0237636481323294e-05,0.00014794682188209296,3.0,0.0,31.0,0.1728423553939642,0.025462399854419004,-0.1473799555395452,0.038883237394557374,0.018297833074202935,-0.02058540432035444,1.223013203454125,1.093864223561372,0.8944009924378722,0.1728423553939642,0.025462399854419004,-0.1473799555395452,-2.455462891662421e-08,-1.5692768201026295e-08,8.861860715597914e-09,2.7023725041828524,1.6765128757795462,0.6246692464273758,2.113650195293041e-06,-8.094069638455017e-08,-2.194590891677591e-06,1.125424648075421,0.9957449450121527,0.8847673966040089,1.2645445302351808e-05,-1.7622870988927156e-06,-1.4407732401244523e-05,1.151802035460538,0.9819629517126852,0.8525438770517195,-1.7444550115535262e-05,-7.211403747512693e-06,1.023314636802257e-05,1.4360683931470621,1.1435481166596158,0.7963067641299074,3.0089995417887077e-05,5.449116648619998e-06,-2.464087876926708e-05,1.2440261211719736,1.0368308889384168,0.8334471683776913,0.1457908467429867,0.07611268479131184,-0.06967816195167487,0.02693695567503901,0.05837247711291671,0.0314355214378777,1.0706780211132234,1.1669279897911062,1.0898962773809682,0.1457908467429867,0.07611268479131184,-0.06967816195167487,-2.455462891662421e-08,-1.5692768201026295e-08,8.861860715597914e-09,2.7023725041828524,1.6765128757795462,0.6246692464273758,2.113650195293041e-06,-8.094069638455017e-08,-2.194590891677591e-06,1.125424648075421,0.9957449450121527,0.8847673966040089,1.2645445302351808e-05,-1.7622870988927156e-06,-1.4407732401244523e-05,1.151802035460538,0.9819629517126852,0.8525438770517195,-1.7444550115535262e-05,-7.211403747512693e-06,1.023314636802257e-05,1.4360683931470621,1.1435481166596158,0.7963067641299074,3.0089995417887077e-05,5.449116648619998e-06,-2.464087876926708e-05,1.2440261211719736,1.0368308889384168,0.8334471683776913
-21.52533176378694,0.4230665941819575,1.0041261503331936e-07,2.2555579072185842e-05,9.086523390867995e-05,-6.288862454171995e-05,0.0001537538584503999,-21.54661035916356,0.41032710216225554,7.92026763100023e-08,2.1088717117723366e-05,6.523216140926966e-05,-5.9931161258022194e-05,0.00012516332266729186,-21.240876950744237,0.4729420775127318,1.2861132413108345e-07,2.4185093997667952e-05,7.886990881012387e-05,-7.731104415727356e-05,0.00015618095296739744,-21.768073730014567,0.30571321789213607,1.0041261503331936e-07,2.2555579072185842e-05,9.086523390867995e-05,-6.288862454171995e-05,0.0001537538584503999,-21.91759464336461,0.24562796730098488,7.92026763100023e-08,2.1088717117723366e-05,6.523216140926966e-05,-5.9931161258022194e-05,0.00012516332266729186,-21.729322779288164,0.2533374865777618,1.2861132413108345e-07,2.4185093997667952e-05,7.886990881012387e-05,-7.731104415727356e-05,0.00015618095296739744,3.0,1.0,32.0,0.021278595376617915,-0.2844548130427036,-0.3057334084193215,0.012739492019701981,-0.049875483330774295,-0.06261497535047628,1.0310471617630552,0.8945420892077723,0.8676054036753555,0.021278595376617915,-0.2844548130427036,-0.3057334084193215,2.1209938723317065e-08,-2.8198709097764096e-08,-4.940864782108116e-08,1.2661945309486928,0.7801381557620847,0.6153512664459883,1.466861954462476e-06,-1.62951492548211e-06,-3.096376879944586e-06,1.0695516465563062,0.932619315534982,0.87196807764936,2.5633072499410287e-05,1.1995325098556077e-05,-1.363774740085421e-05,1.3929493159617456,1.1520885477195022,0.827084495024126,-2.9574632836977535e-06,1.4422419615553613e-05,1.7379882899251366e-05,1.0493494228471028,0.8134504788065411,0.7751963439497557,2.8590535783108034e-05,-2.42709451699755e-06,-3.1017630300105584e-05,1.2284248478815318,0.9844590974969016,0.8013988911537144,0.1495209133500417,-0.03875095072640278,-0.18827186407644447,0.06008525059115119,0.052375731314374285,-0.007709519276776905,1.244618929704624,1.2067429179203737,0.9695681855935391,0.1495209133500417,-0.03875095072640278,-0.18827186407644447,2.1209938723317065e-08,-2.8198709097764096e-08,-4.940864782108116e-08,1.2661945309486928,0.7801381557620847,0.6153512664459883,1.466861954462476e-06,-1.62951492548211e-06,-3.096376879944586e-06,1.0695516465563062,0.932619315534982,0.87196807764936,2.5633072499410287e-05,1.1995325098556077e-05,-1.363774740085421e-05,1.3929493159617456,1.1520885477195022,0.827084495024126,-2.9574632836977535e-06,1.4422419615553613e-05,1.7379882899251366e-05,1.0493494228471028,0.8134504788065411,0.7751963439497557,2.8590535783108034e-05,-2.42709451699755e-06,-3.1017630300105584e-05,1.2284248478815318,0.9844590974969016,0.8013988911537144
-21.616939579122093,0.37783215409866466,-1.1823731486503514e-07,2.4361922129712974e-05,8.382048202627479e-05,-7.396282703118436e-05,0.00015778330905745914,-21.914283037737857,0.3036454371005243,-4.136053834943117e-08,2.1835400468520673e-05,9.004691115649929e-05,-6.79459010904152e-05,0.0001579928122469145,-21.708176417880285,0.3574589499560347,-8.862324765814197e-08,2.4549633137208607e-05,0.00010349110963124751,-8.462139802868337e-05,0.00018811250765993087,-21.763877016962162,0.30949949998454446,-1.1823731486503514e-07,2.4361922129712974e-05,8.382048202627479e-05,-7.396282703118436e-05,0.00015778330905745914,-21.817900549123486,0.34943508049857996,-4.136053834943117e-08,2.1835400468520673e-05,9.004691115649929e-05,-6.79459010904152e-05,0.0001579928122469145,-21.8260970700058,0.30315812656401303,-8.862324765814197e-08,2.4549633137208607e-05,0.00010349110963124751,-8.462139802868337e-05,0.00018811250765993087,3.0,0.0,33.0,0.2973434586157637,0.09123683875819211,-0.20610661985757162,0.07418671699814039,0.02037320414262994,-0.05381351285551045,1.2443202097225925,1.0569945277337056,0.8494554047476648,0.2973434586157637,0.09123683875819211,-0.20610661985757162,-7.687677651560398e-08,-2.9614067206893165e-08,4.726270930871081e-08,2.865627051777554,1.3356639977968565,0.46722798184220266,2.5265216611923e-06,-1.8771100749563342e-07,-2.7142326686879336e-06,1.1157024848060861,0.9923497739691932,0.8894353493165277,-6.2264291302244966e-06,-1.9670627604972718e-05,-1.3444198474748222e-05,0.9308524619500924,0.8099285178416404,0.8700923631808732,-6.016925940769159e-06,1.0658570997499004e-05,1.6675496938268163e-05,1.088556258726898,0.8740450543090678,0.8029408987248594,-2.095031894553648e-07,-3.0329198602471735e-05,-3.011969541301637e-05,0.9986733380221019,0.8387705163425255,0.8398842279223155,0.05402353216132383,0.06222005304363876,0.008196520882314928,-0.03993558051403551,0.0063413734205314265,0.04627695393456693,0.8857138769649969,1.0209177084919763,1.1526495573244362,0.05402353216132383,0.06222005304363876,0.008196520882314928,-7.687677651560398e-08,-2.9614067206893165e-08,4.726270930871081e-08,2.865627051777554,1.3356639977968565,0.46722798184220266,2.5265216611923e-06,-1.8771100749563342e-07,-2.7142326686879336e-06,1.1157024848060861,0.9923497739691932,0.8894353493165277,-6.2264291302244966e-06,-1.9670627604972718e-05,-1.3444198474748222e-05,0.9308524619500924,0.8099285178416404,0.8700923631808732,-6.016925940769159e-06,1.0658570997499004e-05,1.6675496938268163e-05,1.088556258726898,0.8740450543090678,0.8029408987248594,-2.095031894553648e-07,-3.0329198602471735e-05,-3.011969541301637e-05,0.9986733380221019,0.8387705163425255,0.8398842279223155
-21.34456062546904,0.459395527755739,-8.256756977694678e-08,2.3632982349377428e-05,8.960881036967222e-05,-5.398400133046626e-05,0.00014359281170013848,-21.216217690554455,0.48733574386758793,-2.0594271956584519e-07,2.2522706625520655e-05,7.055139564587428e-05,-6.881337135655195e-05,0.00013936476700242623,-21.25019637170916,0.46951076451728124,-1.4711992446506609e-07,2.3493008795137108e-05,8.288512471547404e-05,-6.378676517958006e-05,0.0001466718898950541,-21.620325126692688,0.32335579862920105,-8.256756977694678e-08,2.3632982349377428e-05,8.960881036967222e-05,-5.398400133046626e-05,0.00014359281170013848,-21.600012688186222,0.3016002069184837,-2.0594271956584519e-07,2.2522706625520655e-05,7.055139564587428e-05,-6.881337135655195e-05,0.00013936476700242623,-21.5501956707825,0.3230089947840151,-1.4711992446506609e-07,2.3493008795137108e-05,8.288512471547404e-05,-6.378676517958006e-05,0.0001466718898950541,3.0,0.0,34.0,-0.12834293491458482,-0.09436425375988122,0.033978681154703594,-0.027940216111848937,-0.010115236761542246,0.01782497935030669,0.9426674185965165,0.9784557935113849,1.0379650065421537,-0.12834293491458482,-0.09436425375988122,0.033978681154703594,1.233751497888984e-07,6.45523546881193e-08,-5.88227951007791e-08,0.4011196993077765,0.5616080274654607,1.4007810187304235,1.1102757238567725e-06,1.399735542403201e-07,-9.703021696164523e-07,1.0492911803717584,1.0059538120501648,0.9586941780213729,1.9057414723797937e-05,6.723685654198182e-06,-1.2333729069599755e-05,1.2701192164579205,1.0811192305658663,0.8511938754833692,1.482937002608569e-05,9.802763849113801e-06,-5.026606176971888e-06,0.784499853970774,0.846321110822832,1.0788049690765316,4.228044697712248e-06,-3.079078194915619e-06,-7.307122892627867e-06,1.030337234832927,0.9790063651749811,0.950179833942007,-0.02031243850646547,-0.07012945591018749,-0.04981701740372202,0.021755591710717337,0.0003468038451859279,-0.02140878786553141,1.072133874925968,1.0010736659061474,0.9337207684472725,-0.02031243850646547,-0.07012945591018749,-0.04981701740372202,1.233751497888984e-07,6.45523546881193e-08,-5.88227951007791e-08,0.4011196993077765,0.5616080274654607,1.4007810187304235,1.1102757238567725e-06,1.399735542403201e-07,-9.703021696164523e-07,1.0492911803717584,1.0059538120501648,0.9586941780213729,1.9057414723797937e-05,6.723685654198182e-06,-1.2333729069599755e-05,1.2701192164579205,1.0811192305658663,0.8511938754833692,1.482937002608569e-05,9.802763849113801e-06,-5.026606176971888e-06,0.784499853970774,0.846321110822832,1.0788049690765316,4.228044697712248e-06,-3.079078194915619e-06,-7.307122892627867e-06,1.030337234832927,0.9790063651749811,0.950179833942007
-21.817624828955175,0.34096473371063696,7.938172668897517e-08,2.21836854244235e-05,7.361255666578196e-05,-6.654563339656539e-05,0.00014015819006234735,-21.924343767281435,0.3024703811762397,1.305718153531083e-07,2.086471274921052e-05,6.847918371796416e-05,-5.9579394875656526e-05,0.00012805857859362067,-21.90889630163937,0.31698703560563896,1.527915771647519e-07,2.135939577414506e-05,6.702582546204411e-05,-6.4782675556035e-05,0.0001318085010180791,-21.562037954430824,0.48255785274995755,7.938172668897517e-08,2.21836854244235e-05,7.361255666578196e-05,-6.654563339656539e-05,0.00014015819006234735,-21.657367585067917,0.44110814436284346,1.305718153531083e-07,2.086471274921052e-05,6.847918371796416e-05,-5.9579394875656526e-05,0.00012805857859362067,-21.659218339759576,0.4506245752414506,1.527915771647519e-07,2.135939577414506e-05,6.702582546204411e-05,-6.4782675556035e-05,0.0001318085010180791,3.0,1.0,35.0,0.10671893832626012,0.09127147268419478,-0.015447465642065339,0.03849435253439726,0.023977698104998002,-0.014516654429399256,1.1272665186983752,1.0756425194223533,0.9542042642309203,0.10671893832626012,0.09127147268419478,-0.015447465642065339,-5.119008866413312e-08,-7.340985047577672e-08,-2.2219761811643596e-08,0.6074892774273141,0.5192027459003549,0.8540157526951768,1.3189726752129802e-06,8.242896502784403e-07,-4.946830249345399e-07,1.0632103767747871,1.038586568662173,0.976835453881198,5.133372947817804e-06,6.586731203737852e-06,1.4533582559200483e-06,1.0749609614633162,1.0982699031506515,1.02168203192872,-6.966238520908862e-06,-1.7629578405303894e-06,5.203280680378473e-06,1.1169254945941838,1.027215000721998,0.9196824047867951,1.209961146872668e-05,8.349689044268255e-06,-3.7499224244584247e-06,1.0944841193241035,1.0633463141234842,0.9715494861830445,0.09532963063709232,0.09718038532875184,0.0018507546916595174,0.04144970838711409,0.03193327750850694,-0.009516430878607152,1.0939672250613037,1.0708644826667746,0.978881686664789,0.09532963063709232,0.09718038532875184,0.0018507546916595174,-5.119008866413312e-08,-7.340985047577672e-08,-2.2219761811643596e-08,0.6074892774273141,0.5192027459003549,0.8540157526951768,1.3189726752129802e-06,8.242896502784403e-07,-4.946830249345399e-07,1.0632103767747871,1.038586568662173,0.976835453881198,5.133372947817804e-06,6.586731203737852e-06,1.4533582559200483e-06,1.0749609614633162,1.0982699031506515,1.02168203192872,-6.966238520908862e-06,-1.7629578405303894e-06,5.203280680378473e-06,1.1169254945941838,1.027215000721998,0.9196824047867951,1.209961146872668e-05,8.349689044268255e-06,-3.7499224244584247e-06,1.0944841193241035,1.0633463141234842,0.9715494861830445
-21.812344567398966,0.2614952050483457,3.939732963311308e-08,2.5006362411701954e-05,0.00010426129685652848,-7.344627219946294e-05,0.0001777075690559914,-22.00166427420066,0.22177425013795793,1.2303297060620624e-08,2.2854546670761693e-05,8.7097116962162e-05,-5.873058781198567e-05,0.00014582770477414766,-21.818656504662,0.26888609799057467,2.3875780365693846e-08,2.4251650503464373e-05,0.0001030843618972903,-5.895845166046405e-05,0.00016204281355775436,-21.244126317134324,0.5461590980564197,3.939732963311308e-08,2.5006362411701954e-05,0.00010426129685652848,-7.344627219946294e-05,0.0001777075690559914,-21.319673170055335,0.5601258909998926,1.2303297060620624e-08,2.2854546670761693e-05,8.7097116962162e-05,-5.873058781198567e-05,0.00014582770477414766,-21.271719396693133,0.5481244226973929,2.3875780365693846e-08,2.4251650503464373e-05,0.0001030843618972903,-5.895845166046405e-05,0.00016204281355775436,3.0,0.0,36.0,0.18931970680169385,0.006311937263031808,-0.18300776953866205,0.039720954910387796,-0.007390892942228944,-0.04711184785261674,1.1791053504533022,0.9725129224057567,0.8247888295930158,0.18931970680169385,0.006311937263031808,-0.18300776953866205,2.709403257249245e-08,1.552154926741923e-08,-1.1572483305073222e-08,3.1763594341536923,1.6432136527862682,0.5131552288585779,2.151815740940261e-06,7.54711908237581e-07,-1.39710383270268e-06,1.0941478453785498,1.0311157707205418,0.9423875059038279,1.716417989436648e-05,1.1769349592381806e-06,-1.59872449351283e-05,1.1970680636308177,1.0114162206173298,0.8449102353460649,-1.4715684387477263e-05,-1.4487820538998888e-05,2.2786384847837553e-07,1.2505646545042672,1.2457314380570466,0.9961368687884958,3.187986428184375e-05,1.5664755498237055e-05,-1.6215108783606695e-05,1.218612385554441,1.0966697966255337,0.8999326263173651,0.07554685292101126,0.027593079558808853,-0.04795377336220241,-0.013966792943472917,-0.0019653246409732095,0.012001468302499707,0.9750649036843361,0.9964144550776572,1.0218955180673202,0.07554685292101126,0.027593079558808853,-0.04795377336220241,2.709403257249245e-08,1.552154926741923e-08,-1.1572483305073222e-08,3.1763594341536923,1.6432136527862682,0.5131552288585779,2.151815740940261e-06,7.54711908237581e-07,-1.39710383270268e-06,1.0941478453785498,1.0311157707205418,0.9423875059038279,1.716417989436648e-05,1.1769349592381806e-06,-1.59872449351283e-05,1.1970680636308177,1.0114162206173298,0.8449102353460649,-1.4715684387477263e-05,-1.4487820538998888e-05,2.2786384847837553e-07,1.2505646545042672,1.2457314380570466,0.9961368687884958,3.187986428184375e-05,1.5664755498237055e-05,-1.6215108783606695e-05,1.218612385554441,1.0966697966255337,0.8999326263173651
-21.32500344361777,0.40092759788912596,1.7460336236609843e-08,2.5884542184335973e-05,0.00010853936059676969,-7.017543506189414e-05,0.00017871479565866383,-21.529966279755524,0.3547080637615599,1.862907572970155e-08,2.365314885405565e-05,9.160246297588795e-05,-6.611584134446469e-05,0.00015771830432035266,-21.323162786359816,0.3890406335795815,5.862356076409188e-08,2.60729772200426e-05,0.00010090366292163125,-7.960214114322294e-05,0.0001805058040648542,-21.39138117701808,0.36942967779427494,1.7460336236609843e-08,2.5884542184335973e-05,0.00010853936059676969,-7.017543506189414e-05,0.00017871479565866383,-21.50154766180719,0.36788535335509415,1.862907572970155e-08,2.365314885405565e-05,9.160246297588795e-05,-6.611584134446469e-05,0.00015771830432035266,-21.41480406184141,0.3473836682342854,5.862356076409188e-08,2.60729772200426e-05,0.00010090366292163125,-7.960214114322294e-05,0.0001805058040648542,3.0,1.0,37.0,0.2049628361377529,-0.0018406572579543479,-0.20680349339570725,0.046219534127566075,0.011886964309544445,-0.03433256981802163,1.1303030258866775,1.0305545569806331,0.9117506837440061,0.2049628361377529,-0.0018406572579543479,-0.20680349339570725,-1.1687394930917086e-09,-4.116322452748204e-08,-3.9994485034390325e-08,0.9322582965971099,0.29733102028251734,0.3172334151285459,2.2313933302803227e-06,-1.8843503570662866e-07,-2.4198283659869513e-06,1.09433348222258,0.9927689764382049,0.9071866989245623,1.6936897620881732e-05,7.635697675138436e-06,-9.301199945743296e-06,1.1848943639856444,1.0756720805453883,0.9078200884047574,-4.059593717429451e-06,9.426706081328796e-06,1.3486299798758246e-05,1.0614028313813852,0.8815783371136413,0.8305797237724925,2.099649133831117e-05,-1.7910084061903593e-06,-2.278749974450153e-05,1.1331258164117863,0.9900772863055668,0.8737570393469559,0.11016648478911151,0.023422884823329326,-0.08674359996578218,0.0015443244391807887,0.022046009559989532,0.020501685120808744,1.0041978413238712,1.0634629991838729,1.0590174118406743,0.11016648478911151,0.023422884823329326,-0.08674359996578218,-1.1687394930917086e-09,-4.116322452748204e-08,-3.9994485034390325e-08,0.9322582965971099,0.29733102028251734,0.3172334151285459,2.2313933302803227e-06,-1.8843503570662866e-07,-2.4198283659869513e-06,1.09433348222258,0.9927689764382049,0.9071866989245623,1.6936897620881732e-05,7.635697675138436e-06,-9.301199945743296e-06,1.1848943639856444,1.0756720805453883,0.9078200884047574,-4.059593717429451e-06,9.426706081328796e-06,1.3486299798758246e-05,1.0614028313813852,0.8815783371136413,0.8305797237724925,2.099649133831117e-05,-1.7910084061903593e-06,-2.278749974450153e-05,1.1331258164117863,0.9900772863055668,0.8737570393469559
-21.777834473323217,0.24949666506015272,-8.421478588570756e-08,2.353029204825402e-05,0.00011573206161697263,-7.942795608712283e-05,0.00019516001770409545,-21.87582343534838,0.2535885336712759,-1.2483403001693205e-08,2.076990640413231e-05,9.805382708933893e-05,-6.943244719949858e-05,0.00016748627428883752,-21.75357769211007,0.26151294310437834,-5.4990239582442994e-08,2.2646744238542162e-05,0.00010189236633741702,-6.64040455425953e-05,0.00016829641188001232,-21.416972367463067,0.40157783871853603,-8.421478588570756e-08,2.353029204825402e-05,0.00011573206161697263,-7.942795608712283e-05,0.00019516001770409545,-21.534255578392795,0.4046762389558995,-1.2483403001693205e-08,2.076990640413231e-05,9.805382708933893e-05,-6.943244719949858e-05,0.00016748627428883752,-21.450127022765024,0.39031543913620725,-5.4990239582442994e-08,2.2646744238542162e-05,0.00010189236633741702,-6.64040455425953e-05,0.00016829641188001232,3.0,1.0,38.0,0.09798896202516261,-0.024256781213146894,-0.1222457432383095,-0.004091868611123151,-0.012016278044225615,-0.007924409433102464,0.9838641414488645,0.9540509238396104,0.9696978304935776,0.09798896202516261,-0.024256781213146894,-0.1222457432383095,-7.173138288401436e-08,-2.922454630326457e-08,4.250683658074979e-08,6.800617396865201,1.5342397214211507,0.2274248226397996,2.760385644121709e-06,8.835478097118569e-07,-1.8768378344098523e-06,1.1328976790095036,1.0390097534299432,0.9171214402042147,1.76782345276337e-05,1.383969527955561e-05,-3.838539248078089e-06,1.1802899185417306,1.1358255009131468,0.9623265646022697,-9.995508887624248e-06,-1.3023910544527527e-05,-3.028401656903279e-06,1.1439618461825014,1.1961330827273384,1.0456072546918258,2.7673743415257933e-05,2.6863605824083137e-05,-8.10137591174796e-07,1.1652292225726586,1.1596200986223384,0.9951856542828857,0.11728321092972749,0.03315465530195638,-0.0841285556277711,-0.0030984002373634634,0.011262399582328775,0.014360799819692238,0.9923435081224636,1.0288546092472481,1.0367928046807329,0.11728321092972749,0.03315465530195638,-0.0841285556277711,-7.173138288401436e-08,-2.922454630326457e-08,4.250683658074979e-08,6.800617396865201,1.5342397214211507,0.2274248226397996,2.760385644121709e-06,8.835478097118569e-07,-1.8768378344098523e-06,1.1328976790095036,1.0390097534299432,0.9171214402042147,1.76782345276337e-05,1.383969527955561e-05,-3.838539248078089e-06,1.1802899185417306,1.1358255009131468,0.9623265646022697,-9.995508887624248e-06,-1.3023910544527527e-05,-3.028401656903279e-06,1.1439618461825014,1.1961330827273384,1.0456072546918258,2.7673743415257933e-05,2.6863605824083137e-05,-8.10137591174796e-07,1.1652292225726586,1.1596200986223384,0.9951856542828857
-21.762333746655624,0.2494322446247589,1.9879646807359522e-08,2.6329991818046266e-05,0.00010861791640983154,-8.723095381316235e-05,0.0001958488702229939,-22.161362274064214,0.1801444464916662,-4.290181039423408e-08,2.235356896315933e-05,8.005586601115536e-05,-6.744852417848989e-05,0.00014750439018964526,-21.782556988906876,0.25357861188214076,-9.790957153587934e-10,2.540962380866207e-05,9.652943988025143e-05,-8.818252317724521e-05,0.00018471196305749665,-21.427311342233754,0.38781392566975786,1.9879646807359522e-08,2.6329991818046266e-05,0.00010861791640983154,-8.723095381316235e-05,0.0001958488702229939,-21.625888229075777,0.40060655415777524,-4.290181039423408e-08,2.235356896315933e-05,8.005586601115536e-05,-6.744852417848989e-05,0.00014750439018964526,-21.465092945680603,0.3867312426959808,-9.790957153587934e-10,2.540962380866207e-05,9.652943988025143e-05,-8.818252317724521e-05,0.00018471196305749665,3.0,0.0,39.0,0.3990285274085892,0.020223242251251605,-0.3788052851573376,0.06928779813309272,-0.00414636725738185,-0.07343416539047457,1.3846235581724453,0.9836485919495691,0.7104086779383174,0.3990285274085892,0.020223242251251605,-0.3788052851573376,6.27814572015936e-08,2.0858742522718314e-08,-4.192271467887529e-08,-0.46445808306364417,-22.61374553423441,48.8022062270252,3.9764228548869365e-06,9.203680093841947e-07,-3.056054845502742e-06,1.1778823360693156,1.0362171590810632,0.8797249876261578,2.8562050398676188e-05,1.2088476529580115e-05,-1.6473573869096072e-05,1.356774789210541,1.1252298161223622,0.8293405947077725,-1.9782429634672465e-05,9.515693640828565e-07,2.073399899875532e-05,1.2932986185462483,0.9892102152583125,0.7648749234631426,4.834448003334865e-05,1.1136907165497259e-05,-3.7207572867851394e-05,1.3277485313917745,1.0602927983216268,0.7985639256475118,0.19857688684202301,0.03778160344684878,-0.16079528339517424,-0.012792628488017377,0.0010826829737770605,0.013875311461794437,0.9680668514979268,1.0027995743657778,1.0358784339777645,0.19857688684202301,0.03778160344684878,-0.16079528339517424,6.27814572015936e-08,2.0858742522718314e-08,-4.192271467887529e-08,-0.46445808306364417,-22.61374553423441,48.8022062270252,3.9764228548869365e-06,9.203680093841947e-07,-3.056054845502742e-06,1.1778823360693156,1.0362171590810632,0.8797249876261578,2.8562050398676188e-05,1.2088476529580115e-05,-1.6473573869096072e-05,1.356774789210541,1.1252298161223622,0.8293405947077725,-1.9782429634672465e-05,9.515693640828565e-07,2.073399899875532e-05,1.2932986185462483,0.9892102152583125,0.7648749234631426,4.834448003334865e-05,1.1136907165497259e-05,-3.7207572867851394e-05,1.3277485313917745,1.0602927983216268,0.7985639256475118
-21.876388722928844,0.22980038492256313,-2.5626574196710718e-08,2.2754962531534124e-05,8.11990851351019e-05,-6.019973537019629e-05,0.0001413988205052982,-22.24329393826034,0.15274436083541035,5.69529437003616e-08,2.0856147520079355e-05,5.889043333602579e-05,-5.10067762688756e-05,0.00010989720960490138,-21.96082612641133,0.2149167425192048,-4.7980137731701375e-09,2.2790065195876554e-05,6.888793039172673e-05,-6.270576169979234e-05,0.00013159369209151908,-21.551884682865904,0.35874301439539763,-2.5626574196710718e-08,2.2754962531534124e-05,8.11990851351019e-05,-6.019973537019629e-05,0.0001413988205052982,-21.53479470735409,0.44287089895896126,5.69529437003616e-08,2.0856147520079355e-05,5.889043333602579e-05,-5.10067762688756e-05,0.00010989720960490138,-21.556865951664463,0.37816523098182997,-4.7980137731701375e-09,2.2790065195876554e-05,6.888793039172673e-05,-6.270576169979234e-05,0.00013159369209151908,3.0,0.0,40.0,0.3669052153314958,0.08443740348248596,-0.2824678118490098,0.07705602408715279,0.014883642403358321,-0.062172381683794464,1.5044770459299428,1.0692530610783058,0.7107141071184335,0.3669052153314958,0.08443740348248596,-0.2824678118490098,-8.257951789707232e-08,-2.082856042354058e-08,6.175095747353174e-08,-0.4491718136631098,5.4547677878386365,-12.122770696334241,1.8988150114547693e-06,-3.510266434242939e-08,-1.9339176757971987e-06,1.091038189378352,0.9984553572104515,0.9151380580537818,2.2308651799076108e-05,1.2311154743375162e-05,-9.997497055700946e-06,1.3788138862962045,1.1787110862855166,0.8548717825310096,-9.192959101320691e-06,2.506026329596048e-06,1.169898543091674e-05,1.180232467076674,0.960036681510621,0.8134317521928728,3.1501610900396806e-05,9.805128413779114e-06,-2.1696482486617693e-05,1.2866449689592023,1.0745098097557675,0.8351245743300075,-0.017089975511812128,0.004981268798559313,0.02207124431037144,-0.08412788456356363,-0.01942221658643234,0.06470566797713129,0.8100397094450694,0.9486409244158418,1.1711042225961006,-0.017089975511812128,0.004981268798559313,0.02207124431037144,-8.257951789707232e-08,-2.082856042354058e-08,6.175095747353174e-08,-0.4491718136631098,5.4547677878386365,-12.122770696334241,1.8988150114547693e-06,-3.510266434242939e-08,-1.9339176757971987e-06,1.091038189378352,0.9984553572104515,0.9151380580537818,2.2308651799076108e-05,1.2311154743375162e-05,-9.997497055700946e-06,1.3788138862962045,1.1787110862855166,0.8548717825310096,-9.192959101320691e-06,2.506026329596048e-06,1.169898543091674e-05,1.180232467076674,0.960036681510621,0.8134317521928728,3.1501610900396806e-05,9.805128413779114e-06,-2.1696482486617693e-05,1.2866449689592023,1.0745098097557675,0.8351245743300075
-21.77234608073395,0.2584367349854199,6.547195119757349e-08,2.5861061802073013e-05,8.654829405608464e-05,-8.052828496560419e-05,0.00016707657902168883,-21.964268193968888,0.2345611895037841,8.921517246754507e-08,2.2757847601996845e-05,7.36428333522907e-05,-7.58212997111476e-05,0.00014946413306343828,-21.7056490452071,0.27598993006084155,6.032099996064059e-08,2.6076959224739165e-05,8.865404763539049e-05,-8.335811043808458e-05,0.00017201215807347508,-21.290263671645544,0.4824919133785756,6.547195119757349e-08,2.5861061802073013e-05,8.654829405608464e-05,-8.052828496560419e-05,0.00016707657902168883,-21.46976064388859,0.4639579077878429,8.921517246754507e-08,2.2757847601996845e-05,7.36428333522907e-05,-7.58212997111476e-05,0.00014946413306343828,-21.359778455402036,0.4315931276493696,6.032099996064059e-08,2.6076959224739165e-05,8.865404763539049e-05,-8.335811043808458e-05,0.00017201215807347508,3.0,1.0,41.0,0.1919221132349378,-0.06669703552685036,-0.25861914876178815,0.023875545481635813,-0.017553195075421635,-0.04142874055705745,1.1017881322224101,0.9363991462833735,0.8498903904468051,0.1919221132349378,-0.06669703552685036,-0.25861914876178815,-2.374322126997158e-08,5.1509512369329016e-09,2.889417250690448e-08,0.7330439990066009,1.0835959557144568,1.4765590196398863,3.103214200076168e-06,-2.158974226661517e-07,-3.3191116227423195e-06,1.1363529899244469,0.9917169562409386,0.8727152630924963,1.2905460703793947e-05,-2.1057535793058438e-06,-1.5011214283099791e-05,1.1752423500304872,0.9762464178442433,0.8306755557017244,-4.706985254456585e-06,2.829825472480392e-06,7.5368107269369766e-06,1.0620813871633388,0.9660533467916413,0.9095862450731717,1.7612445958250546e-05,-4.935579051786249e-06,-2.2548025010036795e-05,1.117836525818021,0.9713062365027615,0.8689155920480658,0.17949697224304728,0.06951478375649245,-0.10998218848655483,0.018534005590732705,0.05089878572920603,0.032364780138473326,1.039947601227681,1.117932335703833,1.0749890995884157,0.17949697224304728,0.06951478375649245,-0.10998218848655483,-2.374322126997158e-08,5.1509512369329016e-09,2.889417250690448e-08,0.7330439990066009,1.0835959557144568,1.4765590196398863,3.103214200076168e-06,-2.158974226661517e-07,-3.3191116227423195e-06,1.1363529899244469,0.9917169562409386,0.8727152630924963,1.2905460703793947e-05,-2.1057535793058438e-06,-1.5011214283099791e-05,1.1752423500304872,0.9762464178442433,0.8306755557017244,-4.706985254456585e-06,2.829825472480392e-06,7.5368107269369766e-06,1.0620813871633388,0.9660533467916413,0.9095862450731717,1.7612445958250546e-05,-4.935579051786249e-06,-2.2548025010036795e-05,1.117836525818021,0.9713062365027615,0.8689155920480658
-22.10461667948882,0.17923425125668882,8.065538854950195e-08,2.5360781798553404e-05,9.715806391107886e-05,-7.376784738269407e-05,0.0001709259112937729,-21.906385295186112,0.2481221059961204,9.254146373247972e-08,2.3411884657029588e-05,9.365224649235584e-05,-7.483705123761267e-05,0.00016848929772996852,-21.970234868585244,0.21850559431148422,7.217760833953553e-08,2.5322752737567687e-05,0.00010914280514505412,-8.195350082165644e-05,0.00019109630596671055,-21.22064559316259,0.6021786906206215,8.065538854950195e-08,2.5360781798553404e-05,9.715806391107886e-05,-7.376784738269407e-05,0.0001709259112937729,-21.337696499951598,0.5302842514321521,9.254146373247972e-08,2.3411884657029588e-05,9.365224649235584e-05,-7.483705123761267e-05,0.00016848929772996852,-21.24549152814453,0.5751406743192602,7.217760833953553e-08,2.5322752737567687e-05,0.00010914280514505412,-8.195350082165644e-05,0.00019109630596671055,3.0,0.0,42.0,-0.1982313843027086,-0.1343818109035766,0.063849573399132,-0.06888785473943157,-0.039271343054795405,0.029616511684636165,0.7223630899991433,0.8202730540581007,1.1355412050863243,-0.1982313843027086,-0.1343818109035766,0.063849573399132,-1.1886075182977763e-08,8.477780209966419e-09,2.0363855392944182e-08,0.8706186765616108,1.115911143194037,1.2803614543767348,1.948897141523816e-06,3.802906098571623e-08,-1.9108680805380997e-06,1.083239296884584,1.0014978194352269,0.9245358293418859,3.5058174187230153e-06,-1.1984741233975267e-05,-1.5490558652698282e-05,1.037433311070419,0.8901912935334912,0.8580699438766932,1.069203854918595e-06,8.185653438962367e-06,7.116449584043772e-06,0.9857142248950773,0.9001194171700644,0.9131659026630258,2.436613563804393e-06,-2.0170394672937633e-05,-2.2607008236742027e-05,1.0144609310534143,0.8944485922123968,0.8816978889666808,0.11705090678900731,0.024845934981939877,-0.09220497180706744,0.07189443918846938,0.027038016301361267,-0.044856422887108116,1.135577171829532,1.0470111355429044,0.9220079104431256,0.11705090678900731,0.024845934981939877,-0.09220497180706744,-1.1886075182977763e-08,8.477780209966419e-09,2.0363855392944182e-08,0.8706186765616108,1.115911143194037,1.2803614543767348,1.948897141523816e-06,3.802906098571623e-08,-1.9108680805380997e-06,1.083239296884584,1.0014978194352269,0.9245358293418859,3.5058174187230153e-06,-1.1984741233975267e-05,-1.5490558652698282e-05,1.037433311070419,0.8901912935334912,0.8580699438766932,1.069203854918595e-06,8.185653438962367e-06,7.116449584043772e-06,0.9857142248950773,0.9001194171700644,0.9131659026630258,2.436613563804393e-06,-2.0170394672937633e-05,-2.2607008236742027e-05,1.0144609310534143,0.8944485922123968,0.8816978889666808
-21.821802187433295,0.2446396941581189,2.88550173770138e-08,2.711704179121652e-05,0.00011336857358248398,-9.843736153973873e-05,0.0002118059351222227,-22.180958155615716,0.1673384659463229,1.2983451946261518e-08,2.43314149195563e-05,9.680567345150275e-05,-7.653696942154628e-05,0.00017334264287304903,-21.99965772321823,0.19820487587561963,-3.38978889529703e-08,2.607798984591722e-05,0.00010941545960549106,-8.41082454335627e-05,0.00019352370503905375,-21.24899176482803,0.5148681605772503,2.88550173770138e-08,2.711704179121652e-05,0.00011336857358248398,-9.843736153973873e-05,0.0002118059351222227,-21.367356109269668,0.5358196418359674,1.2983451946261518e-08,2.43314149195563e-05,9.680567345150275e-05,-7.653696942154628e-05,0.00017334264287304903,-21.288986483087353,0.5180346240930845,-3.38978889529703e-08,2.607798984591722e-05,0.00010941545960549106,-8.41082454335627e-05,0.00019352370503905375,3.0,1.0,43.0,0.3591559681824208,0.17785553578493563,-0.18130043239748517,0.077301228211796,0.04643481828249926,-0.030866409929296734,1.4619453610289301,1.2342768711109358,0.8442701781307667,0.3591559681824208,0.17785553578493563,-0.18130043239748517,1.587156543075228e-08,6.27529063299841e-08,4.688134089923182e-08,2.2054590405904975,-0.853752061768281,-0.38414979007499456,2.7856268716602205e-06,1.0390519452993004e-06,-1.7465749263609201e-06,1.1144822622376616,1.0398400324348127,0.9330213625046476,1.656290013098122e-05,3.953113976992918e-06,-1.2609786153988304e-05,1.1710931026162275,1.036128444539752,0.8847523496707915,-2.1900392118192453e-05,-1.4329116106176029e-05,7.571276012016424e-06,1.2861430351634833,1.170366568330706,0.9099828444321493,3.8463292249173674e-05,1.828223008316896e-05,-2.0181062166004714e-05,1.2218909866757037,1.0944696704339787,0.8957174174932531,0.11836434444163757,0.039994718259322326,-0.07836962618231524,-0.020951481258717153,-0.0031664635158342724,0.01778501774288288,0.9608982580724039,0.9938875444459595,1.0343317160905714,0.11836434444163757,0.039994718259322326,-0.07836962618231524,1.587156543075228e-08,6.27529063299841e-08,4.688134089923182e-08,2.2054590405904975,-0.853752061768281,-0.38414979007499456,2.7856268716602205e-06,1.0390519452993004e-06,-1.7465749263609201e-06,1.1144822622376616,1.0398400324348127,0.9330213625046476,1.656290013098122e-05,3.953113976992918e-06,-1.2609786153988304e-05,1.1710931026162275,1.036128444539752,0.8847523496707915,-2.1900392118192453e-05,-1.4329116106176029e-05,7.571276012016424e-06,1.2861430351634833,1.170366568330706,0.9099828444321493,3.8463292249173674e-05,1.828223008316896e-05,-2.0181062166004714e-05,1.2218909866757037,1.0944696704339787,0.8957174174932531
-21.757175696371473,0.21030060023536584,-1.443553739235175e-07,2.7120852333858248e-05,0.00010018996248400139,-8.378576729000585e-05,0.00018397572977400724,-21.480448936297623,0.2903802969953716,-9.262459680026777e-08,2.6297246501630403e-05,8.489712841405237e-05,-8.661218362625053e-05,0.0001715093120403029,-21.362573900451974,0.2758041928255331,-1.4696552356533606e-07,2.854118214386568e-05,9.617131829516782e-05,-9.440791447554514e-05,0.00019057923277071296,-21.090234097163165,0.4877390413745816,-1.443553739235175e-07,2.7120852333858248e-05,0.00010018996248400139,-8.378576729000585e-05,0.00018397572977400724,-21.257946457388776,0.38235393625911007,-9.262459680026777e-08,2.6297246501630403e-05,8.489712841405237e-05,-8.661218362625053e-05,0.0001715093120403029,-21.031487624319368,0.40936356016640624,-1.4696552356533606e-07,2.854118214386568e-05,9.617131829516782e-05,-9.440791447554514e-05,0.00019057923277071296,3.0,0.0,44.0,-0.2767267600738492,-0.39460179591949895,-0.11787503584564973,-0.08007969676000576,-0.06550359259016725,0.01457610416983851,0.7242247574610593,0.7624996487712818,1.0528494651050284,-0.2767267600738492,-0.39460179591949895,-0.11787503584564973,-5.173077712324974e-08,2.610149641818549e-09,5.434092676506829e-08,1.5601837664327949,0.982908516710514,0.630676244170143,8.236058322278451e-07,-1.4203298100074328e-06,-2.243935642235278e-06,1.0313151683260815,0.9502324456607244,0.921375794159353,1.5292834069949028e-05,4.018644188833571e-06,-1.1274189881115457e-05,1.1801323123926357,1.0417852233030391,0.8827688092681282,2.8264163362446847e-06,1.062214718553929e-05,7.795730849294606e-06,0.9673681059511183,0.8874876275385999,0.9174260002458382,1.246641773370433e-05,-6.60350299670572e-06,-1.906992073041005e-05,1.0726859102681483,0.9653498472226757,0.8999365752143056,0.16771236022561098,-0.05874647284379719,-0.22645883306940817,0.1053851051154715,0.07837548120817533,-0.027009623907296165,1.2756218649635997,1.1914569070514485,0.9340204487431202,0.16771236022561098,-0.05874647284379719,-0.22645883306940817,-5.173077712324974e-08,2.610149641818549e-09,5.434092676506829e-08,1.5601837664327949,0.982908516710514,0.630676244170143,8.236058322278451e-07,-1.4203298100074328e-06,-2.243935642235278e-06,1.0313151683260815,0.9502324456607244,0.921375794159353,1.5292834069949028e-05,4.018644188833571e-06,-1.1274189881115457e-05,1.1801323123926357,1.0417852233030391,0.8827688092681282,2.8264163362446847e-06,1.062214718553929e-05,7.795730849294606e-06,0.9673681059511183,0.8874876275385999,0.9174260002458382,1.246641773370433e-05,-6.60350299670572e-06,-1.906992073041005e-05,1.0726859102681483,0.9653498472226757,0.8999365752143056
