C3_alpha_power,C3_alpha_rel,C3_alpha_mean,C3_alpha_std,C3_alpha_max,C3_alpha_min,C3_alpha_range,C4_alpha_power,C4_alpha_rel,C4_alpha_mean,C4_alpha_std,C4_alpha_max,C4_alpha_min,C4_alpha_range,Cz_alpha_power,Cz_alpha_rel,Cz_alpha_mean,Cz_alpha_std,Cz_alpha_max,Cz_alpha_min,Cz_alpha_range,C3_beta_power,C3_beta_rel,C3_beta_mean,C3_beta_std,C3_beta_max,C3_beta_min,C3_beta_range,C4_beta_power,C4_beta_rel,C4_beta_mean,C4_beta_std,C4_beta_max,C4_beta_min,C4_beta_range,Cz_beta_power,Cz_beta_rel,Cz_beta_mean,Cz_beta_std,Cz_beta_max,Cz_beta_min,Cz_beta_range,subject,label,epoch_id,C3_C4_alpha_diff_power,C3_Cz_alpha_diff_power,C4_Cz_alpha_diff_power,C3_C4_alpha_diff_rel,C3_Cz_alpha_diff_rel,C4_Cz_alpha_diff_rel,C3_C4_alpha_ratio_rel,C3_Cz_alpha_ratio_rel,C4_Cz_alpha_ratio_rel,C3_C4_alpha_ratio_power,C3_Cz_alpha_ratio_power,C4_Cz_alpha_ratio_power,C3_C4_alpha_diff_mean,C3_Cz_alpha_diff_mean,C4_Cz_alpha_diff_mean,C3_C4_alpha_ratio_mean,C3_Cz_alpha_ratio_mean,C4_Cz_alpha_ratio_mean,C3_C4_alpha_diff_std,C3_Cz_alpha_diff_std,C4_Cz_alpha_diff_std,C3_C4_alpha_ratio_std,C3_Cz_alpha_ratio_std,C4_Cz_alpha_ratio_std,C3_C4_alpha_diff_max,C3_Cz_alpha_diff_max,C4_Cz_alpha_diff_max,C3_C4_alpha_ratio_max,C3_Cz_alpha_ratio_max,C4_Cz_alpha_ratio_max,C3_C4_alpha_diff_min,C3_Cz_alpha_diff_min,C4_Cz_alpha_diff_min,C3_C4_alpha_ratio_min,C3_Cz_alpha_ratio_min,C4_Cz_alpha_ratio_min,C3_C4_alpha_diff_range,C3_Cz_alpha_diff_range,C4_Cz_alpha_diff_range,C3_C4_alpha_ratio_range,C3_Cz_alpha_ratio_range,C4_Cz_alpha_ratio_range,C3_C4_beta_diff_power,C3_Cz_beta_diff_power,C4_Cz_beta_diff_power,C3_C4_beta_diff_rel,C3_Cz_beta_diff_rel,C4_Cz_beta_diff_rel,C3_C4_beta_ratio_rel,C3_Cz_beta_ratio_rel,C4_Cz_beta_ratio_rel,C3_C4_beta_ratio_power,C3_Cz_beta_ratio_power,C4_Cz_beta_ratio_power,C3_C4_beta_diff_mean,C3_Cz_beta_diff_mean,C4_Cz_beta_diff_mean,C3_C4_beta_ratio_mean,C3_Cz_beta_ratio_mean,C4_Cz_beta_ratio_mean,C3_C4_beta_diff_std,C3_Cz_beta_diff_std,C4_Cz_beta_diff_std,C3_C4_beta_ratio_std,C3_Cz_beta_ratio_std,C4_Cz_beta_ratio_std,C3_C4_beta_diff_max,C3_Cz_beta_diff_max,C4_Cz_beta_diff_max,C3_C4_beta_ratio_max,C3_Cz_beta_ratio_max,C4_Cz_beta_ratio_max,C3_C4_beta_diff_min,C3_Cz_beta_diff_min,C4_Cz_beta_diff_min,C3_C4_beta_ratio_min,C3_Cz_beta_ratio_min,C4_Cz_beta_ratio_min,C3_C4_beta_diff_range,C3_Cz_beta_diff_range,C4_Cz_beta_diff_range,C3_C4_beta_ratio_range,C3_Cz_beta_ratio_range,C4_Cz_beta_ratio_range
-21.812629717139785,0.29264328182449734,-3.250144498954094e-08,2.170952686645747e-05,0.00012289212438841834,-5.5967185646143885e-05,0.00017885931003456222,-21.21227248072065,0.2431998940364062,1.5711057975986807e-08,3.935924843686425e-05,0.00014747909254720742,-0.00013538105123253233,0.00028286014377973975,-22.092585212417724,0.2512962501546715,3.3701950783843744e-08,1.9992817480534977e-05,0.0001122943575218836,-5.337183317407211e-05,0.0001656661906959557,-21.599529037488427,0.39154662189175493,-3.250144498954094e-08,2.170952686645747e-05,0.00012289212438841834,-5.5967185646143885e-05,0.00017885931003456222,-20.453394186669204,0.5732699325832682,1.5711057975986807e-08,3.935924843686425e-05,0.00014747909254720742,-0.00013538105123253233,0.00028286014377973975,-21.730886895244144,0.43178148867908533,3.3701950783843744e-08,1.9992817480534977e-05,0.0001122943575218836,-5.337183317407211e-05,0.0001656661906959557,3.0,0.0,0.0,-0.6003572364191356,0.27995549527793884,0.8803127316970745,0.049443387788091125,0.04134703166982584,-0.008096356118265285,1.203303491819611,1.1645350120740896,0.9677816274215784,-0.6003572364191356,0.27995549527793884,0.8803127316970745,-4.8212502965527744e-08,-6.620339577338468e-08,-1.7990892807856936e-08,-2.055614813309951,-0.961525717772348,0.46479737446089037,-1.7649721570406778e-05,1.716709385922493e-06,1.936643095632927e-05,0.5515723132785443,1.0858608748619993,1.9686595753313267,-2.4586968158789085e-05,1.0597766866534731e-05,3.5184735025323816e-05,0.8332844943471,1.0943739085650732,1.3133247695547854,7.941386558638845e-05,-2.5953524720717777e-06,-8.200921805846023e-05,0.4134051735979741,1.048629720597731,2.53656838894451,-0.00010400083374517753,1.3193119338606509e-05,0.00011719395308378404,0.6323239619839898,1.0796361123508187,1.70740916930933,-1.146134850819223,0.13135785775571662,1.2774927085749397,-0.18172331069151326,-0.0402348667873304,0.14148844390418286,0.6830056829582314,0.9068166006812858,1.3276852933280179,-1.146134850819223,0.13135785775571662,1.2774927085749397,-4.8212502965527744e-08,-6.620339577338468e-08,-1.7990892807856936e-08,-2.055614813309951,-0.961525717772348,0.46479737446089037,-1.7649721570406778e-05,1.716709385922493e-06,1.936643095632927e-05,0.5515723132785443,1.0858608748619993,1.9686595753313267,-2.4586968158789085e-05,1.0597766866534731e-05,3.5184735025323816e-05,0.8332844943471,1.0943739085650732,1.3133247695547854,7.941386558638845e-05,-2.5953524720717777e-06,-8.200921805846023e-05,0.4134051735979741,1.048629720597731,2.53656838894451,-0.00010400083374517753,1.3193119338606509e-05,0.00011719395308378404,0.6323239619839898,1.0796361123508187,1.70740916930933
-20.573676944247737,0.6100096043165877,6.073128875299139e-09,3.07795320821587e-05,0.00010353844757574274,-8.061078050092313e-05,0.00018414922807666589,-20.34171917270575,0.2995542299230687,1.897128199072312e-07,5.207517952311889e-05,0.0001598536208119165,-0.0001500232318837052,0.0003098768526956217,-20.28984010876447,0.6927963908636574,1.0015662438643942e-07,3.212749931360971e-05,0.00010824916267551706,-8.494918488309923e-05,0.00019319834755861628,-21.473437668722934,0.21396921905926916,6.073128875299139e-09,3.07795320821587e-05,0.00010353844757574274,-8.061078050092313e-05,0.00018414922807666589,-20.003810663201023,0.42880392023625247,1.897128199072312e-07,5.207517952311889e-05,0.0001598536208119165,-0.0001500232318837052,0.0003098768526956217,-21.531507611087882,0.1659988471644225,1.0015662438643942e-07,3.212749931360971e-05,0.00010824916267551706,-8.494918488309923e-05,0.00019319834755861628,3.0,0.0,1.0,-0.23195777154198538,-0.28383683548326744,-0.051879063941282055,0.310455374393519,-0.08278678654706972,-0.3932421609405887,2.036391221281071,0.8805034383451161,0.4323842240378857,-0.23195777154198538,-0.28383683548326744,-0.051879063941282055,-1.8363969103193207e-07,-9.408349551114028e-08,8.955619552079179e-08,0.031995356679634754,0.06057583638453903,1.8922721672333855,-2.129564744096019e-05,-1.3479672314510119e-06,1.994768020950918e-05,0.5910584132053307,0.9580402127687159,1.6208861114953925,-5.631517323617376e-05,-4.710715099774318e-06,5.160445813639944e-05,0.6477074606074752,0.9564817811840878,1.4767178718906038,6.941245138278206e-05,4.338404382176099e-06,-6.507404700060596e-05,0.5373223414867178,0.9489305342353462,1.7660370572579596,-0.0001257276246189558,-9.04911948195039e-06,0.00011667850513700541,0.5942656479442906,0.9531610134744749,1.6039303452560365,-1.469627005521911,0.058069942364948446,1.5276969478868594,-0.2148347011769833,0.04797037189484665,0.26280507307183,0.4989908182077306,1.2889801500755833,2.5831740840537467,-1.469627005521911,0.058069942364948446,1.5276969478868594,-1.8363969103193207e-07,-9.408349551114028e-08,8.955619552079179e-08,0.031995356679634754,0.06057583638453903,1.8922721672333855,-2.129564744096019e-05,-1.3479672314510119e-06,1.994768020950918e-05,0.5910584132053307,0.9580402127687159,1.6208861114953925,-5.631517323617376e-05,-4.710715099774318e-06,5.160445813639944e-05,0.6477074606074752,0.9564817811840878,1.4767178718906038,6.941245138278206e-05,4.338404382176099e-06,-6.507404700060596e-05,0.5373223414867178,0.9489305342353462,1.7660370572579596,-0.0001257276246189558,-9.04911948195039e-06,0.00011667850513700541,0.5942656479442906,0.9531610134744749,1.6039303452560365
-21.595582370090302,0.3875859732346915,-3.327139759505211e-08,1.9999055554675402e-05,9.672112180511664e-05,-5.051697980605537e-05,0.000147238101611172,-21.5818382324164,0.3468124841731591,-9.616674542110913e-08,2.0151390073383632e-05,8.144210577240763e-05,-6.028985002335313e-05,0.00014173195579576076,-21.448317978033757,0.4058904943738419,-5.4605271981313215e-08,2.0775968158997152e-05,8.720204212202227e-05,-5.720844067396429e-05,0.00014441048279598655,-21.92182363590788,0.2457639043447359,-3.327139759505211e-08,1.9999055554675402e-05,9.672112180511664e-05,-5.051697980605537e-05,0.000147238101611172,-21.927362944240908,0.21419615245502951,-9.616674542110913e-08,2.0151390073383632e-05,8.144210577240763e-05,-6.028985002335313e-05,0.00014173195579576076,-22.05671330686732,0.17275677961913707,-5.4605271981313215e-08,2.0775968158997152e-05,8.720204212202227e-05,-5.720844067396429e-05,0.00014441048279598655,3.0,0.0,2.0,-0.013744137673903367,-0.1472643920565453,-0.13352025438264192,0.04077348906153244,-0.018304521139150376,-0.05907801020068282,1.1175663818647834,0.9549028087911282,0.8544484014653608,-0.013744137673903367,-0.1472643920565453,-0.13352025438264192,6.289534782605702e-08,2.1333874386261103e-08,-4.156147343979592e-08,0.3463362628681418,0.6104253109031178,1.7643567663340767,-1.5233451870822994e-07,-7.769126043217502e-07,-6.245780856135203e-07,0.9924355708608582,0.9626005941848403,0.9699328053396378,1.5279016032709e-05,9.519079683094366e-06,-5.759936349614635e-06,1.1876043985769043,1.109159929463366,0.9339461599285647,9.772870217297758e-06,6.69146086790892e-06,-3.081409349388838e-06,0.8379032884775224,0.8830352219784942,1.0538646867412331,5.506145815411243e-06,2.8276188151854596e-06,-2.678527000225784e-06,1.0388482745452134,1.0195797202700856,0.981451310919436,0.005539308333027293,0.1348896709594385,0.1293503626264112,0.0315677518897064,0.07300712472559884,0.04143937283589244,1.1473777722575864,1.4226006339333928,1.239871180762129,0.005539308333027293,0.1348896709594385,0.1293503626264112,6.289534782605702e-08,2.1333874386261103e-08,-4.156147343979592e-08,0.3463362628681418,0.6104253109031178,1.7643567663340767,-1.5233451870822994e-07,-7.769126043217502e-07,-6.245780856135203e-07,0.9924355708608582,0.9626005941848403,0.9699328053396378,1.5279016032709e-05,9.519079683094366e-06,-5.759936349614635e-06,1.1876043985769043,1.109159929463366,0.9339461599285647,9.772870217297758e-06,6.69146086790892e-06,-3.081409349388838e-06,0.8379032884775224,0.8830352219784942,1.0538646867412331,5.506145815411243e-06,2.8276188151854596e-06,-2.678527000225784e-06,1.0388482745452134,1.0195797202700856,0.981451310919436
-22.34615026175571,0.17525294410542291,1.991496812431301e-07,1.8828370909852026e-05,6.888251393501384e-05,-5.8774514452773476e-05,0.00012765702838778733,-22.67214227015209,0.07850083296748603,1.2569641549866578e-07,1.8654500294605166e-05,6.545722610168919e-05,-6.462101198538364e-05,0.00013007823808707284,-22.57524766167309,0.09702321668960893,2.0253242284079616e-07,1.977239633379833e-05,6.218563852325443e-05,-6.728257000738356e-05,0.000129468208530638,-21.979454439133377,0.33264330390489727,1.991496812431301e-07,1.8828370909852026e-05,6.888251393501384e-05,-5.8774514452773476e-05,0.00012765702838778733,-22.018999609438644,0.32133079369216944,1.2569641549866578e-07,1.8654500294605166e-05,6.545722610168919e-05,-6.462101198538364e-05,0.00013007823808707284,-22.07343442885008,0.2713312127456344,2.0253242284079616e-07,1.977239633379833e-05,6.218563852325443e-05,-6.728257000738356e-05,0.000129468208530638,3.0,1.0,3.0,0.3259920083963799,0.22909739991737865,-0.09689460847900122,0.09675211113793689,0.07822972741581398,-0.018522383722122907,2.232497888968395,1.8062990478397773,0.8090932826697761,0.3259920083963799,0.22909739991737865,-0.09689460847900122,7.345326574446432e-08,-3.382741597666062e-09,-7.683600734213038e-08,1.5831109372527574,0.9828125156436471,0.6203173891743015,1.738706152468601e-07,-9.440254239463037e-07,-1.1178960391931638e-06,1.0093151615420628,0.9522505702867445,0.9434570111775868,3.4252878333246545e-06,6.696875411759418e-06,3.271587578434763e-06,1.0523270356018448,1.1076898911356525,1.052608325576312,5.846497532610161e-06,8.508055554610087e-06,2.661558021999926e-06,0.9095277774177415,0.8735487036418783,0.9604435149050286,-2.4212096992855064e-06,-1.8111801428506691e-06,6.100295564348372e-07,0.9813857577295866,0.9860098570576286,1.004711033637166,0.03954517030526716,0.09397998971670418,0.05443481941143702,0.011312510212727833,0.061312091159262894,0.04999958094653506,1.0352051852211976,1.2259677035171936,1.1842750796053116,0.03954517030526716,0.09397998971670418,0.05443481941143702,7.345326574446432e-08,-3.382741597666062e-09,-7.683600734213038e-08,1.5831109372527574,0.9828125156436471,0.6203173891743015,1.738706152468601e-07,-9.440254239463037e-07,-1.1178960391931638e-06,1.0093151615420628,0.9522505702867445,0.9434570111775868,3.4252878333246545e-06,6.696875411759418e-06,3.271587578434763e-06,1.0523270356018448,1.1076898911356525,1.052608325576312,5.846497532610161e-06,8.508055554610087e-06,2.661558021999926e-06,0.9095277774177415,0.8735487036418783,0.9604435149050286,-2.4212096992855064e-06,-1.8111801428506691e-06,6.100295564348372e-07,0.9813857577295866,0.9860098570576286,1.004711033637166
-21.910242420299895,0.2875931343995061,1.5758320880258768e-07,1.8314717601467565e-05,7.9813512960489e-05,-5.135430279686379e-05,0.0001311678157573528,-21.93553820608139,0.328974163047878,1.4221706839817578e-07,1.8104007334719357e-05,5.509510744685623e-05,-6.623771614441728e-05,0.0001213328235912735,-21.85478586295328,0.32616123146646187,1.9118564136834477e-07,1.8576152909765673e-05,6.742887925098774e-05,-5.146622176148771e-05,0.00011889510101247545,-21.644848716565466,0.41761593929080565,1.5758320880258768e-07,1.8314717601467565e-05,7.9813512960489e-05,-5.135430279686379e-05,0.0001311678157573528,-21.841737774632513,0.37770446492777343,1.4221706839817578e-07,1.8104007334719357e-05,5.509510744685623e-05,-6.623771614441728e-05,0.0001213328235912735,-21.71544447346993,0.39684102621248224,1.9118564136834477e-07,1.8576152909765673e-05,6.742887925098774e-05,-5.146622176148771e-05,0.00011889510101247545,3.0,0.0,4.0,0.02529578578149483,-0.055456557346616364,-0.08075234312811119,-0.0413810286483719,-0.03856809706695574,0.002812931581416156,0.8742119187950617,0.8817514363012309,1.0086243587807981,0.02529578578149483,-0.055456557346616364,-0.08075234312811119,1.5366140404411895e-08,-3.360243256575709e-08,-4.896857297016899e-08,1.1072685137224734,0.8238109649805926,0.7434801032677553,2.107102667482072e-07,-2.614353082981085e-07,-4.721455750463157e-07,1.0116332864611506,0.9859209868874784,0.9745779960393384,2.4718405513632774e-05,1.2384633709501265e-05,-1.2333771804131509e-05,1.4486471085071342,1.1836678212701828,0.8170835160024934,1.4883413347553491e-05,1.1191896462391972e-07,-1.4771494382929571e-05,0.7753042121095732,0.9978273287203934,1.2870158830188603,9.83499216607929e-06,1.2272714744877345e-05,2.4377225787980557e-06,1.0810570772959323,1.1032221203241803,1.020502278965341,0.19688905806704682,0.07059575690446351,-0.1262933011625833,0.03991147436303222,0.02077491307832341,-0.01913656128470881,1.1056685264763746,1.0523507188038688,0.9517777646063231,0.19688905806704682,0.07059575690446351,-0.1262933011625833,1.5366140404411895e-08,-3.360243256575709e-08,-4.896857297016899e-08,1.1072685137224734,0.8238109649805926,0.7434801032677553,2.107102667482072e-07,-2.614353082981085e-07,-4.721455750463157e-07,1.0116332864611506,0.9859209868874784,0.9745779960393384,2.4718405513632774e-05,1.2384633709501265e-05,-1.2333771804131509e-05,1.4486471085071342,1.1836678212701828,0.8170835160024934,1.4883413347553491e-05,1.1191896462391972e-07,-1.4771494382929571e-05,0.7753042121095732,0.9978273287203934,1.2870158830188603,9.83499216607929e-06,1.2272714744877345e-05,2.4377225787980557e-06,1.0810570772959323,1.1032221203241803,1.020502278965341
-21.962148282001852,0.29808240568415995,1.331984753725946e-07,2.000671249551372e-05,7.918102803272337e-05,-5.4151696246747434e-05,0.00013333272427947082,-22.165161936100542,0.22975183111129874,1.9722718020063732e-07,1.960708466195245e-05,8.752775265922507e-05,-5.8442805116292544e-05,0.0001459705577755176,-22.00997328494434,0.27527435662286165,2.1794300023147122e-07,2.070242458726585e-05,8.465461524125113e-05,-5.752970261590982e-05,0.00014218431785716095,-21.854045897697368,0.3500499501286118,1.331984753725946e-07,2.000671249551372e-05,7.918102803272337e-05,-5.4151696246747434e-05,0.00013333272427947082,-21.846723224756204,0.3790289183724251,1.9722718020063732e-07,1.960708466195245e-05,8.752775265922507e-05,-5.8442805116292544e-05,0.0001459705577755176,-21.83534644262116,0.3576094575655525,2.1794300023147122e-07,2.070242458726585e-05,8.465461524125113e-05,-5.752970261590982e-05,0.00014218431785716095,3.0,1.0,5.0,0.2030136540986902,0.04782500294248848,-0.15518865115620173,0.06833057457286121,0.022808049061298297,-0.04552252551156291,1.2974103584402719,1.0828556979764765,0.8346285278675859,0.2030136540986902,0.04782500294248848,-0.15518865115620173,-6.402870482804272e-08,-8.474452485887661e-08,-2.07158200308339e-08,0.6750133217185881,0.6108816849483499,0.9045334176802918,3.996278335612703e-07,-6.957120917521304e-07,-1.0953399253134007e-06,1.0203766038036328,0.9663899883891395,0.947086650195928,-8.346724626501697e-06,-5.473587208527754e-06,2.8731374179739432e-06,0.9046380737912234,0.9353410239119144,1.033938303493034,4.29110886954511e-06,3.3780063691623866e-06,-9.131025003827233e-07,0.9265775110682056,0.9412840309064081,1.0158736104346073,-1.263783349604678e-05,-8.851593577690134e-06,3.786239918356646e-06,0.9134214116135438,0.9377449814044843,1.0266283744408633,-0.007322672941164399,-0.018699455076209404,-0.011376782135045005,-0.028978968243813297,-0.007559507436940727,0.02141946080687257,0.9235441758359618,0.9788609966126494,1.0598962366563154,-0.007322672941164399,-0.018699455076209404,-0.011376782135045005,-6.402870482804272e-08,-8.474452485887661e-08,-2.07158200308339e-08,0.6750133217185881,0.6108816849483499,0.9045334176802918,3.996278335612703e-07,-6.957120917521304e-07,-1.0953399253134007e-06,1.0203766038036328,0.9663899883891395,0.947086650195928,-8.346724626501697e-06,-5.473587208527754e-06,2.8731374179739432e-06,0.9046380737912234,0.9353410239119144,1.033938303493034,4.29110886954511e-06,3.3780063691623866e-06,-9.131025003827233e-07,0.9265775110682056,0.9412840309064081,1.0158736104346073,-1.263783349604678e-05,-8.851593577690134e-06,3.786239918356646e-06,0.9134214116135438,0.9377449814044843,1.0266283744408633
-22.477976803694684,0.15060066763145863,-8.899866062116593e-08,1.8709599932505716e-05,7.052331932132542e-05,-5.784458152292206e-05,0.00012836790084424748,-22.327344582162485,0.19996742672197956,-6.838406578949803e-08,1.86510289072176e-05,7.112175249129593e-05,-5.883487999345258e-05,0.00012995663248474852,-22.27439719760896,0.2138397370304624,-1.869550685259726e-07,1.9229542225492728e-05,6.50061616759474e-05,-6.2300207002225e-05,0.0001273063686781724,-22.0997328210909,0.31473135705135,-8.899866062116593e-08,1.8709599932505716e-05,7.052331932132542e-05,-5.784458152292206e-05,0.00012836790084424748,-22.06351355996284,0.3200691087229012,-6.838406578949803e-08,1.86510289072176e-05,7.112175249129593e-05,-5.883487999345258e-05,0.00012995663248474852,-22.19704619638492,0.24639059300477453,-1.869550685259726e-07,1.9229542225492728e-05,6.50061616759474e-05,-6.2300207002225e-05,0.0001273063686781724,3.0,0.0,6.0,-0.15063222153219868,-0.20357960608572512,-0.05294738455352643,-0.049366759090520934,-0.06323906939900378,-0.01387231030848285,0.7531259966931036,0.7042688587836133,0.935127537123657,-0.15063222153219868,-0.20357960608572512,-0.05294738455352643,-2.06145948316679e-08,9.795640790480667e-08,1.1857100273647457e-07,1.3033591305990124,0.4762978137186321,0.36597383377905396,5.8571025288114856e-08,-5.199422929870123e-07,-5.785133182751272e-07,1.0031349858541532,0.9729562158833307,0.9699103440672412,-5.984331699705113e-07,5.5171576453780154e-06,6.115590815348527e-06,0.991584398479444,1.0848696341420192,1.0940754114708813,9.902984705305198e-07,4.455625479302938e-06,3.465327008772418e-06,0.9831698449345657,0.9284828599227957,0.9443784742031235,-1.5887316405010447e-06,1.0615321660750775e-06,2.6502638065761222e-06,0.987774149056206,1.0083376137685378,1.0208171967543587,-0.03621926112806051,0.0973133752940214,0.1335326364220819,-0.00533775167155115,0.06834076404657549,0.07367851571812664,0.983323127335901,1.27736758569153,1.2990313659693808,-0.03621926112806051,0.0973133752940214,0.1335326364220819,-2.06145948316679e-08,9.795640790480667e-08,1.1857100273647457e-07,1.3033591305990124,0.4762978137186321,0.36597383377905396,5.8571025288114856e-08,-5.199422929870123e-07,-5.785133182751272e-07,1.0031349858541532,0.9729562158833307,0.9699103440672412,-5.984331699705113e-07,5.5171576453780154e-06,6.115590815348527e-06,0.991584398479444,1.0848696341420192,1.0940754114708813,9.902984705305198e-07,4.455625479302938e-06,3.465327008772418e-06,0.9831698449345657,0.9284828599227957,0.9443784742031235,-1.5887316405010447e-06,1.0615321660750775e-06,2.6502638065761222e-06,0.987774149056206,1.0083376137685378,1.0208171967543587
-21.85246024033684,0.35472130408613034,-2.0503382369757237e-07,1.9877160838562984e-05,7.151382061236882e-05,-5.135214123325306e-05,0.00012286596184562186,-22.095910704447117,0.3293300564432371,-1.206577834003009e-07,1.9082610013151752e-05,8.867988855731828e-05,-5.852848180165651e-05,0.0001472083703589748,-21.91900576893623,0.32810800463131146,-2.3645304164590968e-07,2.150601809589627e-05,9.765398161219136e-05,-6.80919140099694e-05,0.00016574589562216076,-22.01454069542316,0.27787575833614886,-2.0503382369757237e-07,1.9877160838562984e-05,7.151382061236882e-05,-5.135214123325306e-05,0.00012286596184562186,-22.087960305505685,0.3336720496259743,-1.206577834003009e-07,1.9082610013151752e-05,8.867988855731828e-05,-5.852848180165651e-05,0.0001472083703589748,-22.04009770886201,0.2722073257840401,-2.3645304164590968e-07,2.150601809589627e-05,9.765398161219136e-05,-6.80919140099694e-05,0.00016574589562216076,3.0,1.0,7.0,0.24345046411027838,0.06654552859939145,-0.17690493551088693,0.025391247642893244,0.026613299454818884,0.0012220518119256396,1.0770996969101716,1.081111399207138,1.00372454098743,0.24345046411027838,0.06654552859939145,-0.17690493551088693,-8.437604029727148e-08,3.141921794833731e-08,1.1579525824560879e-07,1.700709965915487,0.8674896767554279,0.5104981199313836,7.945508254112326e-07,-1.6288572573332846e-06,-2.4234080827445172e-06,1.0416319707664006,0.9242561000516352,0.8873107609686676,-1.7166067944949463e-05,-2.614016099982254e-05,-8.974093054873078e-06,0.8064256860627118,0.7323177836679473,0.9081022225930931,7.176340568403455e-06,1.6739772776716346e-05,9.563432208312891e-06,0.8773887070255486,0.7541602757966549,0.85955239484569,-2.4342408513352925e-05,-4.28799337765389e-05,-1.8537525263185976e-05,0.8346392129882705,0.7412906802630126,0.8881564215557589,0.0734196100825244,0.025557013438849197,-0.047862596643675204,-0.05579629128982544,0.005668432552108749,0.06146472384193419,0.8327810452339424,1.0208239526019351,1.2258011372115607,0.0734196100825244,0.025557013438849197,-0.047862596643675204,-8.437604029727148e-08,3.141921794833731e-08,1.1579525824560879e-07,1.700709965915487,0.8674896767554279,0.5104981199313836,7.945508254112326e-07,-1.6288572573332846e-06,-2.4234080827445172e-06,1.0416319707664006,0.9242561000516352,0.8873107609686676,-1.7166067944949463e-05,-2.614016099982254e-05,-8.974093054873078e-06,0.8064256860627118,0.7323177836679473,0.9081022225930931,7.176340568403455e-06,1.6739772776716346e-05,9.563432208312891e-06,0.8773887070255486,0.7541602757966549,0.85955239484569,-2.4342408513352925e-05,-4.28799337765389e-05,-1.8537525263185976e-05,0.8346392129882705,0.7412906802630126,0.8881564215557589
-22.13913594368788,0.2150045080705174,1.641114533456099e-07,2.0084333287010664e-05,9.300170971159835e-05,-4.608670984760224e-05,0.00013908841955920058,-22.272413476968964,0.19906287698076508,1.3482010969663228e-07,1.7911004053055514e-05,6.863909257131902e-05,-4.700679879117642e-05,0.00011564589136249545,-22.002170843275678,0.2652153385082182,1.5281984302637457e-07,1.9007687847562975e-05,7.580189190007551e-05,-5.1101318745242004e-05,0.00012690321064531753,-21.88467388236907,0.32096043304372346,1.641114533456099e-07,2.0084333287010664e-05,9.300170971159835e-05,-4.608670984760224e-05,0.00013908841955920058,-22.01277640396596,0.31056705625594433,1.3482010969663228e-07,1.7911004053055514e-05,6.863909257131902e-05,-4.700679879117642e-05,0.00011564589136249545,-22.06241638493288,0.24101439720770745,1.5281984302637457e-07,1.9007687847562975e-05,7.580189190007551e-05,-5.1101318745242004e-05,0.00012690321064531753,3.0,0.0,8.0,0.13327753328108471,-0.13696510041220122,-0.27024263369328594,0.01594163108975233,-0.050210830437700804,-0.06615246152745313,1.0800833948726882,0.8106790097390508,0.7505707551659561,0.13327753328108471,-0.13696510041220122,-0.27024263369328594,2.9291343648977633e-08,1.1291610319235343e-08,-1.799973332974229e-08,1.2163602128297577,1.0731861222045924,0.8816390798503463,2.1733292339551496e-06,1.0766454394476884e-06,-1.0966837945074611e-06,1.1213341861851565,1.0566370715036002,0.9422981883371514,2.436261714027933e-05,1.7199817811522843e-05,-7.162799328756488e-06,1.3549359517154234,1.226903243310493,0.9055051305485635,9.200889435741834e-07,5.014608897639764e-06,4.09451995406558e-06,0.9804285566263404,0.9018710508131147,0.9198762758579646,2.3442528196705134e-05,1.2185208913883052e-05,-1.1257319282822082e-05,1.2027085238365438,1.0960188418404564,0.9112913664302621,0.12810252159689028,0.17774250256380952,0.04963998096691924,0.01039337678777913,0.079946035836016,0.06955265904823688,1.033465805451906,1.3317064732607964,1.2885830046884614,0.12810252159689028,0.17774250256380952,0.04963998096691924,2.9291343648977633e-08,1.1291610319235343e-08,-1.799973332974229e-08,1.2163602128297577,1.0731861222045924,0.8816390798503463,2.1733292339551496e-06,1.0766454394476884e-06,-1.0966837945074611e-06,1.1213341861851565,1.0566370715036002,0.9422981883371514,2.436261714027933e-05,1.7199817811522843e-05,-7.162799328756488e-06,1.3549359517154234,1.226903243310493,0.9055051305485635,9.200889435741834e-07,5.014608897639764e-06,4.09451995406558e-06,0.9804285566263404,0.9018710508131147,0.9198762758579646,2.3442528196705134e-05,1.2185208913883052e-05,-1.1257319282822082e-05,1.2027085238365438,1.0960188418404564,0.9112913664302621
-21.616631097416683,0.3835425037342731,9.164742467272899e-08,2.103260120776193e-05,7.394411813590909e-05,-8.371355803178807e-05,0.00015765767616769715,-21.91133753590472,0.294288424479847,1.7876080178198184e-07,2.1180370587571122e-05,6.85381877435971e-05,-7.810734596392028e-05,0.00014664553370751738,-21.593688491944214,0.37684362410158284,1.5826990901674382e-07,2.256082489083115e-05,8.598392237595103e-05,-8.806756845186794e-05,0.00017405149082781897,-21.842259403544016,0.28102373991083124,9.164742467272899e-08,2.103260120776193e-05,7.394411813590909e-05,-8.371355803178807e-05,0.00015765767616769715,-21.792578980695055,0.34951657318969187,1.7876080178198184e-07,2.1180370587571122e-05,6.85381877435971e-05,-7.810734596392028e-05,0.00014664553370751738,-21.825050703426985,0.27458998294266035,1.5826990901674382e-07,2.256082489083115e-05,8.598392237595103e-05,-8.806756845186794e-05,0.00017405149082781897,3.0,1.0,9.0,0.29470643848803846,-0.02294260547246907,-0.3176490439605075,0.08925407925442613,0.00669887963269028,-0.08255519962173585,1.3032877670328127,1.0177762846509164,0.7809298222926148,0.29470643848803846,-0.02294260547246907,-0.3176490439605075,-8.711337710925285e-08,-6.662248434401483e-08,2.049089276523802e-08,0.512395246804498,0.5786921596516132,1.1287548429612482,-1.477693798091914e-07,-1.5282236830692183e-06,-1.380454303260027e-06,0.9930185979958367,0.9322579331093676,0.9388077257497058,5.405930392311987e-06,-1.2039804240041938e-05,-1.7445734632353925e-05,1.0788731462410515,0.8599750987759165,0.7971037624167561,-5.606212067867797e-06,4.354010420079871e-06,9.960222487947668e-06,1.0717771059353123,0.9505616489650835,0.8869034995210378,1.101214246017977e-05,-1.6393814660121823e-05,-2.7405957120301593e-05,1.0750928764926144,0.9058100268882946,0.8425406111489488,-0.04968042284896157,-0.017208700117031128,0.03247172273193044,-0.06849283327886063,0.0064337569681708895,0.07492659024703152,0.8040355204498663,1.0234304135820254,1.2728671647697756,-0.04968042284896157,-0.017208700117031128,0.03247172273193044,-8.711337710925285e-08,-6.662248434401483e-08,2.049089276523802e-08,0.512395246804498,0.5786921596516132,1.1287548429612482,-1.477693798091914e-07,-1.5282236830692183e-06,-1.380454303260027e-06,0.9930185979958367,0.9322579331093676,0.9388077257497058,5.405930392311987e-06,-1.2039804240041938e-05,-1.7445734632353925e-05,1.0788731462410515,0.8599750987759165,0.7971037624167561,-5.606212067867797e-06,4.354010420079871e-06,9.960222487947668e-06,1.0717771059353123,0.9505616489650835,0.8869034995210378,1.101214246017977e-05,-1.6393814660121823e-05,-2.7405957120301593e-05,1.0750928764926144,0.9058100268882946,0.8425406111489488
-22.216594220543854,0.23355025197191354,-9.610731896936015e-08,1.780389856472178e-05,6.637093701844168e-05,-5.82686550852609e-05,0.00012463959210370259,-22.24478399333806,0.24544737150083124,-2.1771197649561595e-07,1.7481666582735086e-05,7.148831124017673e-05,-6.924655659131669e-05,0.0001407348678314934,-22.193268070910293,0.22591287005104563,-1.636324455106936e-07,1.7857785440769416e-05,5.748092451566212e-05,-6.608149589992492e-05,0.00012356242041558702,-21.7275916864507,0.4990415632836054,-9.610731896936015e-08,1.780389856472178e-05,6.637093701844168e-05,-5.82686550852609e-05,0.00012463959210370259,-21.862945607957396,0.45598156023618835,-2.1771197649561595e-07,1.7481666582735086e-05,7.148831124017673e-05,-6.924655659131669e-05,0.0001407348678314934,-21.73568221704712,0.45789414705443776,-1.636324455106936e-07,1.7857785440769416e-05,5.748092451566212e-05,-6.608149589992492e-05,0.00012356242041558702,3.0,0.0,10.0,0.028189772794206647,-0.0233261496335615,-0.051515922427768146,-0.011897119528917699,0.007637381920867908,0.019534501449785607,0.9515288367061193,1.033806758400978,1.0864691831710376,0.028189772794206647,-0.0233261496335615,-0.051515922427768146,1.2160465752625578e-07,6.752512654133345e-08,-5.407953098492235e-08,0.44164535664376153,0.5876957240456333,1.3313075323720973,3.2223198198669506e-07,-5.388687604763529e-08,-3.7611885803433035e-07,1.0184267408251997,0.9969768606576239,0.978932620030397,-5.117374221735047e-06,8.890012502779564e-06,1.4007386724514611e-05,0.9284153314788033,1.1546582124742277,1.2436854047494923,1.0977901506055794e-05,7.81284081466402e-06,-3.1650606913917733e-06,0.8414676786879463,0.8817709476583121,1.0478979090602922,-1.609527572779082e-05,1.0771716881155643e-06,1.7172447415906384e-05,0.8856334287363298,1.008716815459032,1.138976992037305,0.13535392150669523,0.008090530596419399,-0.12726339091027583,0.04306000304741703,0.04114741622916762,-0.0019125868182494066,1.0944336497196718,1.0898622888824334,0.9958230806614693,0.13535392150669523,0.008090530596419399,-0.12726339091027583,1.2160465752625578e-07,6.752512654133345e-08,-5.407953098492235e-08,0.44164535664376153,0.5876957240456333,1.3313075323720973,3.2223198198669506e-07,-5.388687604763529e-08,-3.7611885803433035e-07,1.0184267408251997,0.9969768606576239,0.978932620030397,-5.117374221735047e-06,8.890012502779564e-06,1.4007386724514611e-05,0.9284153314788033,1.1546582124742277,1.2436854047494923,1.0977901506055794e-05,7.81284081466402e-06,-3.1650606913917733e-06,0.8414676786879463,0.8817709476583121,1.0478979090602922,-1.609527572779082e-05,1.0771716881155643e-06,1.7172447415906384e-05,0.8856334287363298,1.008716815459032,1.138976992037305
-21.75408599992707,0.36229831852193295,9.114923559015077e-08,2.014877718072936e-05,8.774187619576369e-05,-6.88456359375942e-05,0.00015658751213335788,-21.92878534389399,0.28974221999318633,2.8824070117825476e-08,2.0549818888398676e-05,8.075686730507812e-05,-5.87492685187316e-05,0.00013950613582380973,-21.630238120668185,0.32284935144318905,6.039138964859373e-08,2.283607268738173e-05,8.862235680479191e-05,-6.218780068473476e-05,0.00015081015748952666,-21.746696785101268,0.3660320288103849,9.114923559015077e-08,2.014877718072936e-05,8.774187619576369e-05,-6.88456359375942e-05,0.00015658751213335788,-21.883206305871475,0.310025556876598,2.8824070117825476e-08,2.0549818888398676e-05,8.075686730507812e-05,-5.87492685187316e-05,0.00013950613582380973,-21.71154003379682,0.2893401643030859,6.039138964859373e-08,2.283607268738173e-05,8.862235680479191e-05,-6.218780068473476e-05,0.00015081015748952666,3.0,1.0,11.0,0.17469934396691755,-0.12384787925888574,-0.2985472232258033,0.07255609852874662,0.0394489670787439,-0.033107131450002714,1.2504160367288248,1.1221900146002513,0.8974533125380187,0.17469934396691755,-0.12384787925888574,-0.2985472232258033,6.23251654723253e-08,3.075784594155704e-08,-3.1567319530768255e-08,3.1513281228694314,1.5068133848412881,0.476498726269476,-4.0104170766931595e-07,-2.6872955066523713e-06,-2.2862537989830554e-06,0.9804796452069805,0.8823184802706756,0.8998801668614813,6.985008890685566e-06,-8.804806090282203e-07,-7.865489499713787e-06,1.086492956877621,0.9900636854271839,0.9112460906264508,-1.0096367418862607e-05,-6.657835252859445e-06,3.438532166003162e-06,1.1718571968494065,1.1070619299242521,0.9447088069161045,1.7081376309548146e-05,5.777354643831225e-06,-1.1304021665716922e-05,1.1224409518949465,1.0383081014514708,0.9250440795348289,0.13650952077020762,-0.03515675130444862,-0.17166627207465623,0.05600647193378688,0.07669186450729898,0.020685392573512096,1.1806511449571058,1.2650577895589288,1.0714916040646705,0.13650952077020762,-0.03515675130444862,-0.17166627207465623,6.23251654723253e-08,3.075784594155704e-08,-3.1567319530768255e-08,3.1513281228694314,1.5068133848412881,0.476498726269476,-4.0104170766931595e-07,-2.6872955066523713e-06,-2.2862537989830554e-06,0.9804796452069805,0.8823184802706756,0.8998801668614813,6.985008890685566e-06,-8.804806090282203e-07,-7.865489499713787e-06,1.086492956877621,0.9900636854271839,0.9112460906264508,-1.0096367418862607e-05,-6.657835252859445e-06,3.438532166003162e-06,1.1718571968494065,1.1070619299242521,0.9447088069161045,1.7081376309548146e-05,5.777354643831225e-06,-1.1304021665716922e-05,1.1224409518949465,1.0383081014514708,0.9250440795348289
-21.72742554462227,0.3168909410675212,1.1669001255319718e-07,2.104775617728333e-05,9.437331013459021e-05,-4.91402955429639e-05,0.00014351360567755412,-21.90963186674237,0.31121487643076495,8.809843358813689e-08,1.890396456098006e-05,7.445384244316193e-05,-4.641812250537716e-05,0.00012087196494853908,-21.705943323005528,0.32143593252671937,1.2039292575487238e-07,2.1324425263206883e-05,8.343428728118448e-05,-5.5395180538678734e-05,0.0001388294678198632,-21.586843458177167,0.3826819945887264,1.1669001255319718e-07,2.104775617728333e-05,9.437331013459021e-05,-4.91402955429639e-05,0.00014351360567755412,-21.894060160330785,0.31847761136128966,8.809843358813689e-08,1.890396456098006e-05,7.445384244316193e-05,-4.641812250537716e-05,0.00012087196494853908,-21.689043492959538,0.32891147142114097,1.2039292575487238e-07,2.1324425263206883e-05,8.343428728118448e-05,-5.5395180538678734e-05,0.0001388294678198632,3.0,0.0,12.0,0.18220632212009846,-0.021482221616743402,-0.20368854373684186,0.0056760646367562395,-0.004544991459198178,-0.010221056095954417,1.0182384100658348,0.9858603500795406,0.9682018867261364,0.18220632212009846,-0.021482221616743402,-0.20368854373684186,2.859157896506029e-08,-3.702913201675202e-09,-3.2294492166735493e-08,1.3230395122220464,0.9684387014602687,0.7311502566330077,2.1437916163032698e-06,-2.7666908592355286e-07,-2.4204607022268226e-06,1.1133984498089406,0.9870210903873632,0.8864893510007825,1.991946769142828e-05,1.093902285340573e-05,-8.98044483802255e-06,1.2675394618174143,1.1311080863642011,0.8923639864729039,-2.72217303758674e-06,6.254884995714832e-06,8.977058033301572e-06,1.0586468981368473,0.8870877172685483,0.8379466561650081,2.264164072901504e-05,4.684137857690918e-06,-1.7957502871324122e-05,1.187318225585495,1.0337394831032582,0.8706500124337719,0.3072167021536174,0.10220003478237061,-0.2050166673712468,0.06420438322743677,0.05377052316758546,-0.010433860059851308,1.2015977915459866,1.1634802301631773,0.9682776033575324,0.3072167021536174,0.10220003478237061,-0.2050166673712468,2.859157896506029e-08,-3.702913201675202e-09,-3.2294492166735493e-08,1.3230395122220464,0.9684387014602687,0.7311502566330077,2.1437916163032698e-06,-2.7666908592355286e-07,-2.4204607022268226e-06,1.1133984498089406,0.9870210903873632,0.8864893510007825,1.991946769142828e-05,1.093902285340573e-05,-8.98044483802255e-06,1.2675394618174143,1.1311080863642011,0.8923639864729039,-2.72217303758674e-06,6.254884995714832e-06,8.977058033301572e-06,1.0586468981368473,0.8870877172685483,0.8379466561650081,2.264164072901504e-05,4.684137857690918e-06,-1.7957502871324122e-05,1.187318225585495,1.0337394831032582,0.8706500124337719
-21.79705973413158,0.32148031005471733,-6.378663978811278e-08,2.047379825065831e-05,8.587903980353183e-05,-5.968926530858033e-05,0.00014556830511211217,-21.813849394008738,0.30537025041805976,-1.796032213411518e-08,2.0156682524082802e-05,8.431167160500447e-05,-5.335285008939352e-05,0.00013766452169439798,-21.70119173800192,0.33114791197011967,-8.312966622687581e-08,2.1452812796598212e-05,8.868323694196582e-05,-5.5184835333907337e-05,0.00014386807227587315,-21.553866503692703,0.4466063087711403,-6.378663978811278e-08,2.047379825065831e-05,8.587903980353183e-05,-5.968926530858033e-05,0.00014556830511211217,-21.494002150441194,0.4692363285104234,-1.796032213411518e-08,2.0156682524082802e-05,8.431167160500447e-05,-5.335285008939352e-05,0.00013766452169439798,-21.54539070777369,0.4071987914030915,-8.312966622687581e-08,2.1452812796598212e-05,8.868323694196582e-05,-5.5184835333907337e-05,0.00014386807227587315,3.0,1.0,13.0,0.016789659877158414,-0.0958679961296589,-0.11265765600681732,0.01611005963665757,-0.009667601915402335,-0.025777661552059905,1.0527558251313835,0.9708057890053818,0.9221566535300951,0.016789659877158414,-0.0958679961296589,-0.11265765600681732,-4.58263176539976e-08,1.9343026438763032e-08,6.516934409276064e-08,3.5714159749825165,0.7682391449559474,0.21631210807278442,3.171157265755093e-07,-9.790145459399008e-07,-1.29613027251541e-06,1.0157274964988459,0.9543598319154516,0.9395778892682138,1.5673681985273657e-06,-2.8041971384339906e-06,-4.371565336961356e-06,1.018588960576821,0.9683785338358534,0.9507047717450894,-6.336415219186814e-06,-4.504429974672996e-06,1.8319852445138185e-06,1.1187664217602629,1.0816263763415255,0.966804493426858,7.903783417714187e-06,1.7002328362390187e-06,-6.203550581475168e-06,1.057412596790914,1.0118172964134065,0.9568796177546524,-0.05986435325150907,-0.008475795919011375,0.0513885573324977,-0.02263001973928308,0.03940751736804882,0.0620375371073319,0.9517726602577881,1.0967770977968376,1.1523519673973808,-0.05986435325150907,-0.008475795919011375,0.0513885573324977,-4.58263176539976e-08,1.9343026438763032e-08,6.516934409276064e-08,3.5714159749825165,0.7682391449559474,0.21631210807278442,3.171157265755093e-07,-9.790145459399008e-07,-1.29613027251541e-06,1.0157274964988459,0.9543598319154516,0.9395778892682138,1.5673681985273657e-06,-2.8041971384339906e-06,-4.371565336961356e-06,1.018588960576821,0.9683785338358534,0.9507047717450894,-6.336415219186814e-06,-4.504429974672996e-06,1.8319852445138185e-06,1.1187664217602629,1.0816263763415255,0.966804493426858,7.903783417714187e-06,1.7002328362390187e-06,-6.203550581475168e-06,1.057412596790914,1.0118172964134065,0.9568796177546524
-21.26964224465542,0.41496026956432974,1.0654480706780947e-07,2.288772880197386e-05,8.957025229614217e-05,-7.681432189727105e-05,0.00016638457419341322,-21.771079028428876,0.3015894592821514,4.3620319090521645e-08,2.0487761068307248e-05,7.564264592926497e-05,-6.392821754699833e-05,0.0001395708634762633,-21.498131789282702,0.34637143021189526,3.3085513092846064e-08,2.1687480286633358e-05,8.456958280211169e-05,-6.565337207347167e-05,0.00015022295487558337,-21.592058514225176,0.2767223342605295,1.0654480706780947e-07,2.288772880197386e-05,8.957025229614217e-05,-7.681432189727105e-05,0.00016638457419341322,-21.783838573764662,0.2962405757396331,4.3620319090521645e-08,2.0487761068307248e-05,7.564264592926497e-05,-6.392821754699833e-05,0.0001395708634762633,-21.69745469140793,0.26642658176076617,3.3085513092846064e-08,2.1687480286633358e-05,8.456958280211169e-05,-6.565337207347167e-05,0.00015022295487558337,3.0,0.0,14.0,0.5014367837734568,0.22848954462728344,-0.27294723914617336,0.11337081028217832,0.06858883935243448,-0.04478197092974384,1.3759110494592033,1.198021064239255,0.8707111294097806,0.5014367837734568,0.22848954462728344,-0.27294723914617336,6.292448797728783e-08,7.34592939749634e-08,1.0534805997675582e-08,2.4369631623047296,3.210581881609592,1.3144385915770294,2.3999677336666103e-06,1.2002485153405003e-06,-1.19971921832611e-06,1.1171360800263808,1.0553380552131113,0.9446771284546855,1.3927606366877205e-05,5.0006694940304855e-06,-8.92693687284672e-06,1.1841221679062406,1.0591295760885322,0.8944416417673521,-1.288610435027271e-05,-1.1160949823799373e-05,1.7251545264733377e-06,1.2015733427595312,1.1699999020811818,0.973724774531529,2.6813710717149916e-05,1.6161619317829845e-05,-1.065209139932007e-05,1.1921145347807969,1.1075834819842734,0.9290908349045202,0.19178005953948585,0.10539617718275451,-0.08638388235673133,-0.019518241479103582,0.010295752499763333,0.029813993978866915,0.9341135442915504,1.0386438632656552,1.1119032255364354,0.19178005953948585,0.10539617718275451,-0.08638388235673133,6.292448797728783e-08,7.34592939749634e-08,1.0534805997675582e-08,2.4369631623047296,3.210581881609592,1.3144385915770294,2.3999677336666103e-06,1.2002485153405003e-06,-1.19971921832611e-06,1.1171360800263808,1.0553380552131113,0.9446771284546855,1.3927606366877205e-05,5.0006694940304855e-06,-8.92693687284672e-06,1.1841221679062406,1.0591295760885322,0.8944416417673521,-1.288610435027271e-05,-1.1160949823799373e-05,1.7251545264733377e-06,1.2015733427595312,1.1699999020811818,0.973724774531529,2.6813710717149916e-05,1.6161619317829845e-05,-1.065209139932007e-05,1.1921145347807969,1.1075834819842734,0.9290908349045202
-21.907093420010916,0.27545928381418605,1.1006881007618605e-08,2.247601597835326e-05,8.138234023072733e-05,-5.838662844067487e-05,0.0001397689686714022,-21.84089393747463,0.34413695756840484,2.7597014735788434e-08,2.0687667901868947e-05,6.727232603306826e-05,-6.126141586252266e-05,0.00012853374189559092,-21.764862026480433,0.3318377989091495,4.3308490062816444e-08,2.2761547500829342e-05,7.336253124378489e-05,-5.786990179492622e-05,0.00013123243303871112,-21.52344600621122,0.46677022690125347,1.1006881007618605e-08,2.247601597835326e-05,8.138234023072733e-05,-5.838662844067487e-05,0.0001397689686714022,-21.73468189401028,0.39968423742551934,2.7597014735788434e-08,2.0687667901868947e-05,6.727232603306826e-05,-6.126141586252266e-05,0.00012853374189559092,-21.5851748725874,0.42298698397418605,4.3308490062816444e-08,2.2761547500829342e-05,7.336253124378489e-05,-5.786990179492622e-05,0.00013123243303871112,3.0,1.0,15.0,-0.06619948253628749,-0.14223139353048353,-0.07603191099419604,-0.0686776737542188,-0.056378515094963444,0.01229915865925535,0.8004350526036975,0.8301021903975172,1.0370637660808382,-0.06619948253628749,-0.14223139353048353,-0.07603191099419604,-1.659013372816983e-08,-3.230160905519784e-08,-1.571147532702801e-08,0.3974031538278444,0.2535651664384212,0.635751547585571,1.788348076484313e-06,-2.8553152247608234e-07,-2.0738795989603952e-06,1.0864398752425466,0.9874511929566753,0.9088827116365444,1.4110014197659065e-05,8.019808986942437e-06,-6.090205210716629e-06,1.2097429070080399,1.1093159944099178,0.9169835499700322,2.874787421847791e-06,-5.167266457486514e-07,-3.3915140675964424e-06,0.9530749971434025,1.0089308521840137,1.0586076669074371,1.1235226775811274e-05,8.536535632691075e-06,-2.6986911431201997e-06,1.0874098728406303,1.0650481662970948,0.9794350449493792,0.21123588779905944,0.06172886637618191,-0.14950702142287753,0.06708598947573413,0.04378324292706742,-0.02330274654866671,1.1678474732730755,1.1035096692700797,0.9449090692479092,0.21123588779905944,0.06172886637618191,-0.14950702142287753,-1.659013372816983e-08,-3.230160905519784e-08,-1.571147532702801e-08,0.3974031538278444,0.2535651664384212,0.635751547585571,1.788348076484313e-06,-2.8553152247608234e-07,-2.0738795989603952e-06,1.0864398752425466,0.9874511929566753,0.9088827116365444,1.4110014197659065e-05,8.019808986942437e-06,-6.090205210716629e-06,1.2097429070080399,1.1093159944099178,0.9169835499700322,2.874787421847791e-06,-5.167266457486514e-07,-3.3915140675964424e-06,0.9530749971434025,1.0089308521840137,1.0586076669074371,1.1235226775811274e-05,8.536535632691075e-06,-2.6986911431201997e-06,1.0874098728406303,1.0650481662970948,0.9794350449493792
-21.14833799327136,0.5117356850532567,1.268094537096288e-07,2.4531092857524942e-05,8.943931860702597e-05,-7.655462955947917e-05,0.00016599394816650513,-21.184037255018474,0.5268252225099028,2.5573138617643923e-08,2.1556810501637042e-05,9.176545327656402e-05,-7.47765728431005e-05,0.00016654202611966453,-20.716789050911835,0.6517150257021018,7.265898016826081e-08,2.4638116648236094e-05,8.859936815962614e-05,-8.231128725786935e-05,0.00017091065541749548,-21.557130444675938,0.3090134223065046,1.268094537096288e-07,2.4531092857524942e-05,8.943931860702597e-05,-7.655462955947917e-05,0.00016599394816650513,-21.616122836135133,0.30716850370929416,2.5573138617643923e-08,2.1556810501637042e-05,9.176545327656402e-05,-7.47765728431005e-05,0.00016654202611966453,-21.62618502849401,0.219552313581649,7.265898016826081e-08,2.4638116648236094e-05,8.859936815962614e-05,-8.231128725786935e-05,0.00017091065541749548,3.0,0.0,16.0,0.03569926174711213,-0.4315489423595267,-0.4672482041066388,-0.015089537456646096,-0.1399793406488451,-0.124889803192199,0.9713576022767243,0.7852138815173629,0.8083674637722367,0.03569926174711213,-0.4315489423595267,-0.4672482041066388,1.0123631509198489e-07,5.415047354136799e-08,-4.708584155061689e-08,4.939382581858484,1.7428701366672825,0.3514774198113284,2.9742823558879e-06,-1.0702379071115203e-07,-3.081306146599052e-06,1.1379688594829969,0.9956521288760232,0.8749338805404304,-2.3261346695380446e-06,8.3995044739983e-07,3.1660851169378745e-06,0.9746502408967426,1.0094791815892925,1.0357336808301587,-1.778056716378673e-06,5.756657698390179e-06,7.534714414768852e-06,1.0237796281205946,0.9300634835899559,0.9084618426027076,-5.480779531593987e-07,-4.916707250990349e-06,-4.36862929783095e-06,0.9967084727093881,0.9712317271140735,0.9744385349701418,0.05899239145919566,0.0690545838180725,0.010062192358876842,0.001844918597210421,0.08946110872485558,0.08761619012764515,1.0060062098630913,1.4074705801305025,1.39906748673434,0.05899239145919566,0.0690545838180725,0.010062192358876842,1.0123631509198489e-07,5.415047354136799e-08,-4.708584155061689e-08,4.939382581858484,1.7428701366672825,0.3514774198113284,2.9742823558879e-06,-1.0702379071115203e-07,-3.081306146599052e-06,1.1379688594829969,0.9956521288760232,0.8749338805404304,-2.3261346695380446e-06,8.3995044739983e-07,3.1660851169378745e-06,0.9746502408967426,1.0094791815892925,1.0357336808301587,-1.778056716378673e-06,5.756657698390179e-06,7.534714414768852e-06,1.0237796281205946,0.9300634835899559,0.9084618426027076,-5.480779531593987e-07,-4.916707250990349e-06,-4.36862929783095e-06,0.9967084727093881,0.9712317271140735,0.9744385349701418
-21.84802134537505,0.30647101603951865,-3.5591581755163715e-08,2.3546831512929605e-05,8.843220379614674e-05,-6.871849938691876e-05,0.00015715070318306548,-22.127653740659333,0.22283477739774277,-7.387908765023872e-08,2.3268143564486845e-05,9.725668365403862e-05,-9.018333017769092e-05,0.00018744001383172953,-22.033734028773956,0.2425390932883264,-8.641958067858176e-08,2.3627010156557218e-05,8.692869348171336e-05,-7.276533714812001e-05,0.00015969403062983335,-21.52141983663549,0.4775186175720692,-3.5591581755163715e-08,2.3546831512929605e-05,8.843220379614674e-05,-6.871849938691876e-05,0.00015715070318306548,-21.620287638236167,0.47131582902376484,-7.387908765023872e-08,2.3268143564486845e-05,9.725668365403862e-05,-9.018333017769092e-05,0.00018744001383172953,-21.606222235914036,0.4481613525495034,-8.641958067858176e-08,2.3627010156557218e-05,8.692869348171336e-05,-7.276533714812001e-05,0.00015969403062983335,3.0,1.0,17.0,0.27963239528428474,0.18571268339890779,-0.09391971188537696,0.08363623864177588,0.06393192275119225,-0.019704315890583635,1.375328480953217,1.2635943004405958,0.9187581856792245,0.27963239528428474,0.18571268339890779,-0.09391971188537696,3.8287505895075004e-08,5.0827998923418044e-08,1.254049302834304e-08,0.48240745296134807,0.41232338567180915,0.8558786670353941,2.7868794844275967e-07,-8.017864362761353e-08,-3.588665920703732e-07,1.0119728825972905,0.9966022656560335,0.984807003916611,-8.824479857891875e-06,1.5035103144333861e-06,1.0327990172325261e-05,0.909265148133187,1.0172947334734337,1.118808622076388,2.1464830790772165e-05,4.046837761201253e-06,-1.7417993029570912e-05,0.7619875585684887,0.9443863866895154,1.2393738234387233,-3.028931064866404e-05,-2.5433274467678672e-06,2.7745983201896173e-05,0.8384048642018233,0.9840731313246354,1.1737439133953542,0.09886780160067588,0.08480239927854427,-0.014065402322131604,0.006202788548304361,0.029357265022565804,0.023154476474261443,1.0131605773984635,1.0655060164135246,1.0516654910946104,0.09886780160067588,0.08480239927854427,-0.014065402322131604,3.8287505895075004e-08,5.0827998923418044e-08,1.254049302834304e-08,0.48240745296134807,0.41232338567180915,0.8558786670353941,2.7868794844275967e-07,-8.017864362761353e-08,-3.588665920703732e-07,1.0119728825972905,0.9966022656560335,0.984807003916611,-8.824479857891875e-06,1.5035103144333861e-06,1.0327990172325261e-05,0.909265148133187,1.0172947334734337,1.118808622076388,2.1464830790772165e-05,4.046837761201253e-06,-1.7417993029570912e-05,0.7619875585684887,0.9443863866895154,1.2393738234387233,-3.028931064866404e-05,-2.5433274467678672e-06,2.7745983201896173e-05,0.8384048642018233,0.9840731313246354,1.1737439133953542
-21.38320793594399,0.41523568321840804,1.338719914982728e-07,2.3269921300971267e-05,8.654198653189885e-05,-6.844963948297496e-05,0.00015499162601487383,-21.604290944901052,0.3389730158261344,1.1924849761851207e-07,2.4566097796936614e-05,7.957523211109493e-05,-7.426973421863354e-05,0.00015384496632972846,-21.351137624610107,0.4478227715012667,1.500723469952705e-07,2.450280993899107e-05,9.434670741966413e-05,-7.548243274509111e-05,0.00016982914016475524,-21.497309375198927,0.35971907123457225,1.338719914982728e-07,2.3269921300971267e-05,8.654198653189885e-05,-6.844963948297496e-05,0.00015499162601487383,-21.613366716978597,0.33493627698493506,1.1924849761851207e-07,2.4566097796936614e-05,7.957523211109493e-05,-7.426973421863354e-05,0.00015384496632972846,-21.663994402640956,0.2997796231110769,1.500723469952705e-07,2.450280993899107e-05,9.434670741966413e-05,-7.548243274509111e-05,0.00016982914016475524,3.0,0.0,18.0,0.2210830089570628,-0.03207031133388227,-0.25315332029094506,0.07626266739227361,-0.03258708828285867,-0.10884975567513228,1.2249815286444274,0.9272321765453374,0.7569356391013315,0.2210830089570628,-0.03207031133388227,-0.25315332029094506,1.4623493879760738e-08,-1.6200355496997684e-08,-3.082384937675842e-08,1.1216897922434175,0.8914556786043235,0.7940776048620167,-1.2961764959653469e-06,-1.232888638019802e-06,6.328785794554477e-08,0.9472333282227748,0.9496799098111295,1.0025787899520047,6.966754420803918e-06,-7.804720887765276e-06,-1.4771475308569194e-05,1.087547915113666,0.9172751987987401,0.8434332256430922,5.820094735658576e-06,7.032793262116147e-06,1.2126985264575708e-06,0.9216369543638011,0.9068299427646728,0.9839353331785253,1.1466596851453692e-06,-1.4837514149881409e-05,-1.598417383502678e-05,1.0074526906354475,0.9126321584228541,0.9058803194342736,0.11605734177966909,0.1666850274420284,0.05062768566235931,0.024782794249637197,0.05993944812349533,0.035156653873858135,1.0739925646912014,1.1999450375627818,1.1172749948688276,0.11605734177966909,0.1666850274420284,0.05062768566235931,1.4623493879760738e-08,-1.6200355496997684e-08,-3.082384937675842e-08,1.1216897922434175,0.8914556786043235,0.7940776048620167,-1.2961764959653469e-06,-1.232888638019802e-06,6.328785794554477e-08,0.9472333282227748,0.9496799098111295,1.0025787899520047,6.966754420803918e-06,-7.804720887765276e-06,-1.4771475308569194e-05,1.087547915113666,0.9172751987987401,0.8434332256430922,5.820094735658576e-06,7.032793262116147e-06,1.2126985264575708e-06,0.9216369543638011,0.9068299427646728,0.9839353331785253,1.1466596851453692e-06,-1.4837514149881409e-05,-1.598417383502678e-05,1.0074526906354475,0.9126321584228541,0.9058803194342736
-21.989374527665007,0.25794743099628076,1.9549372432157697e-08,2.1844246998725285e-05,0.00010474961030531794,-5.8808447375471856e-05,0.00016355805768078979,-22.14820513219375,0.24088620639137384,9.261976237144704e-08,1.9917465952964197e-05,8.374038656496462e-05,-5.455333872331442e-05,0.00013829372528827903,-21.858804672427,0.2845651653122675,1.3156739915954262e-07,2.2239959360760614e-05,9.88988929427685e-05,-5.8051095733796796e-05,0.0001569499886765653,-21.54262722684674,0.48308530869041943,1.9549372432157697e-08,2.1844246998725285e-05,0.00010474961030531794,-5.8808447375471856e-05,0.00016355805768078979,-21.713026486993442,0.46569227405621844,9.261976237144704e-08,1.9917465952964197e-05,8.374038656496462e-05,-5.455333872331442e-05,0.00013829372528827903,-21.58792540810852,0.41311325573020036,1.3156739915954262e-07,2.2239959360760614e-05,9.88988929427685e-05,-5.8051095733796796e-05,0.0001569499886765653,3.0,1.0,19.0,0.15883060452874176,-0.1305698552380079,-0.28940045976674966,0.017061224604906916,-0.02661773431598674,-0.04367895892089366,1.0708269051740738,0.9064617259901648,0.8465063038983945,0.15883060452874176,-0.1305698552380079,-0.28940045976674966,-7.307038993928935e-08,-1.1201802672738492e-07,-3.8947636788095576e-08,0.21084364252186552,0.1484754203162283,0.7034373198123159,1.9267810457610884e-06,-3.9571236203532893e-07,-2.3224934077964173e-06,1.0967327559156068,0.9822027290658368,0.8955671219163066,2.1009223740353327e-05,5.850717362549442e-06,-1.5158506377803885e-05,1.2508837075367931,1.059157501896254,0.8467263828806026,-4.2551086521574335e-06,-7.573516416750607e-07,3.497757010482373e-06,1.078001027101969,1.0130480387476641,0.9397485440814572,2.5264332392510754e-05,6.608069004224496e-06,-1.8656263388286257e-05,1.1826851801940284,1.042102359163631,0.8811318709941455,0.17039926014670215,0.04529818126178142,-0.12510107888492072,0.017393034634201,0.06997205296021908,0.05257901832601808,1.037348771923939,1.1693774089132092,1.1272750692067586,0.17039926014670215,0.04529818126178142,-0.12510107888492072,-7.307038993928935e-08,-1.1201802672738492e-07,-3.8947636788095576e-08,0.21084364252186552,0.1484754203162283,0.7034373198123159,1.9267810457610884e-06,-3.9571236203532893e-07,-2.3224934077964173e-06,1.0967327559156068,0.9822027290658368,0.8955671219163066,2.1009223740353327e-05,5.850717362549442e-06,-1.5158506377803885e-05,1.2508837075367931,1.059157501896254,0.8467263828806026,-4.2551086521574335e-06,-7.573516416750607e-07,3.497757010482373e-06,1.078001027101969,1.0130480387476641,0.9397485440814572,2.5264332392510754e-05,6.608069004224496e-06,-1.8656263388286257e-05,1.1826851801940284,1.042102359163631,0.8811318709941455
-22.02466754592685,0.21154403724467447,5.948407848359881e-08,1.9660058317199836e-05,8.407139080605497e-05,-6.580773177009461e-05,0.0001498791225761496,-22.002715253569956,0.1948790306093461,6.548315617841307e-09,2.082339031726275e-05,6.91471642229219e-05,-7.712956532982568e-05,0.00014627672955274757,-21.995287063240664,0.18450258672380945,7.101887634763383e-08,2.1699389174315827e-05,7.990379876699409e-05,-7.900482977092701e-05,0.0001589086285379211,-21.616966760723383,0.37988057724090785,5.948407848359881e-08,1.9660058317199836e-05,8.407139080605497e-05,-6.580773177009461e-05,0.0001498791225761496,-21.511733147836562,0.38774582269600366,6.548315617841307e-09,2.082339031726275e-05,6.91471642229219e-05,-7.712956532982568e-05,0.00014627672955274757,-21.55103783885064,0.3449452632245302,7.101887634763383e-08,2.1699389174315827e-05,7.990379876699409e-05,-7.900482977092701e-05,0.0001589086285379211,3.0,0.0,20.0,-0.02195229235689311,-0.02938048268618587,-0.007428190329292761,0.016665006635328355,0.027041450520865012,0.010376443885536657,1.0855146214278102,1.1465640720077719,1.0562400991995067,-0.02195229235689311,-0.02938048268618587,-0.007428190329292761,5.29357628657575e-08,-1.1534797864035025e-08,-6.447056072979252e-08,8.94724045951855,0.8364035195499525,0.09207563384202953,-1.1633320000629146e-06,-2.0393308571159915e-06,-8.759988570530769e-07,0.9441288668548314,0.9060147987478929,0.959625830358714,1.492422658313307e-05,4.167592039060886e-06,-1.0756634544072184e-05,1.215831049150688,1.052156304052367,0.8653791027714475,1.1321833559731068e-05,1.31970980008324e-05,1.875264441101332e-06,0.8532113050269907,0.8329593932021931,0.9762651622689129,3.6023930234020283e-06,-9.029505961771501e-06,-1.263189898517353e-05,1.0246265456697161,0.9431774072774314,0.9205078342681529,-0.10523361288682054,-0.06592892187274302,0.03930469101407752,-0.007865245455095815,0.03493531401637767,0.04280055947147349,0.9797154602507896,1.1012778479103507,1.1240792784309261,-0.10523361288682054,-0.06592892187274302,0.03930469101407752,5.29357628657575e-08,-1.1534797864035025e-08,-6.447056072979252e-08,8.94724045951855,0.8364035195499525,0.09207563384202953,-1.1633320000629146e-06,-2.0393308571159915e-06,-8.759988570530769e-07,0.9441288668548314,0.9060147987478929,0.959625830358714,1.492422658313307e-05,4.167592039060886e-06,-1.0756634544072184e-05,1.215831049150688,1.052156304052367,0.8653791027714475,1.1321833559731068e-05,1.31970980008324e-05,1.875264441101332e-06,0.8532113050269907,0.8329593932021931,0.9762651622689129,3.6023930234020283e-06,-9.029505961771501e-06,-1.263189898517353e-05,1.0246265456697161,0.9431774072774314,0.9205078342681529
-21.894070039150023,0.2965416238676085,1.1317140791504756e-07,2.1175544429983575e-05,0.00011319736079160253,-5.367096737611929e-05,0.0001668683281677218,-21.894757443225743,0.3405940567337238,-2.338653256583863e-08,1.8887343139260408e-05,9.204626540754645e-05,-4.763815664903504e-05,0.0001396844220565815,-21.7940882749608,0.3901001933664944,5.398176693141243e-08,1.9277188044638517e-05,9.096899457727414e-05,-5.3080899221013325e-05,0.00014404989379828746,-21.750774397672483,0.36397431429301513,1.1317140791504756e-07,2.1175544429983575e-05,0.00011319736079160253,-5.367096737611929e-05,0.0001668683281677218,-21.82381022531401,0.3775662953977964,-2.338653256583863e-08,1.8887343139260408e-05,9.204626540754645e-05,-4.763815664903504e-05,0.0001396844220565815,-21.933608104178475,0.31837059153879926,5.398176693141243e-08,1.9277188044638517e-05,9.096899457727414e-05,-5.3080899221013325e-05,0.00014404989379828746,3.0,1.0,21.0,0.0006874040757196553,-0.09998176418922355,-0.10066916826494321,-0.044052432866115265,-0.09355856949888586,-0.04950613663277059,0.8706600068843202,0.7601678461948222,0.8730937908724142,0.0006874040757196553,-0.09998176418922355,-0.10066916826494321,1.365579404808862e-07,5.918964098363513e-08,-7.736829949725106e-08,-4.859951029423339,2.092598195960827,-0.4324291511314321,2.288201290723167e-06,1.8983563853450575e-06,-3.898449053781094e-07,1.1211440465420648,1.0984711325031535,0.979771796506067,2.1151095384056083e-05,2.2228366214328398e-05,1.0772708302723153e-06,1.2297863179106256,1.2443496477305982,1.0118410635532633,-6.032810727084254e-06,-5.900681551059683e-07,5.442742571978286e-06,1.1266405716658565,1.0111182982126679,0.8974649468008823,2.7183906111140317e-05,2.2818434369434353e-05,-4.365471741705964e-06,1.1946085773206072,1.1584056602000743,0.9696940511651874,0.07303582764152594,0.18283370650599196,0.10979787886446601,-0.01359198110478127,0.04560372275421587,0.05919570385899714,0.9640010738064924,1.1432410023158,1.1859333283714735,0.07303582764152594,0.18283370650599196,0.10979787886446601,1.365579404808862e-07,5.918964098363513e-08,-7.736829949725106e-08,-4.859951029423339,2.092598195960827,-0.4324291511314321,2.288201290723167e-06,1.8983563853450575e-06,-3.898449053781094e-07,1.1211440465420648,1.0984711325031535,0.979771796506067,2.1151095384056083e-05,2.2228366214328398e-05,1.0772708302723153e-06,1.2297863179106256,1.2443496477305982,1.0118410635532633,-6.032810727084254e-06,-5.900681551059683e-07,5.442742571978286e-06,1.1266405716658565,1.0111182982126679,0.8974649468008823,2.7183906111140317e-05,2.2818434369434353e-05,-4.365471741705964e-06,1.1946085773206072,1.1584056602000743,0.9696940511651874
-21.5371792096626,0.34460571406868507,-1.2137178393741074e-07,2.480174777166396e-05,0.00011318981753902379,-7.058185132992638e-05,0.00018377166886895016,-21.99096857573639,0.22097270244931133,-3.708579930777345e-08,2.31148422312009e-05,9.30731410412896e-05,-7.930077803428506e-05,0.00017237391907557468,-21.76243184247918,0.2735755975961215,-6.16709200777791e-08,2.4968412940727523e-05,0.00011373299186385062,-8.81144645103292e-05,0.00020184745637417983,-21.608985680655145,0.31376943722702166,-1.2137178393741074e-07,2.480174777166396e-05,0.00011318981753902379,-7.058185132992638e-05,0.00018377166886895016,-21.618090846214546,0.3758573594043059,-3.708579930777345e-08,2.31148422312009e-05,9.30731410412896e-05,-7.930077803428506e-05,0.00017237391907557468,-21.672760357101346,0.309355547759376,-6.16709200777791e-08,2.4968412940727523e-05,0.00011373299186385062,-8.81144645103292e-05,0.00020184745637417983,3.0,0.0,22.0,0.4537893660737886,0.2252526328165807,-0.2285367332572079,0.12363301161937373,0.07103011647256358,-0.05260289514681016,1.5594944990627713,1.259636155310392,0.8077208066443131,0.4537893660737886,0.2252526328165807,-0.2285367332572079,-8.42859846296373e-08,-5.970086385963164e-08,2.4585120770005654e-08,3.281577962596622,1.97125174975603,0.6023265408560572,1.6869055404630594e-06,-1.6666516906356198e-07,-1.8535707095266214e-06,1.072974681207993,0.993320981130937,0.9257596672285999,2.0116676497734183e-05,-5.431743248268293e-07,-2.0659850822561012e-05,1.2161370580058557,0.9952232519495982,0.81834705727254,8.718926704358684e-06,1.7532613180402823e-05,8.81368647604414e-06,0.8900535667476995,0.8010254823054692,0.8999755996082685,1.1397749793375485e-05,-1.8075787505229666e-05,-2.947353729860515e-05,1.0661216223564316,0.9104478259240303,0.8539807078765537,0.009105165559400774,0.06377467644620083,0.054669510886800055,-0.06208792217728426,0.004413889467645649,0.06650181164492991,0.8348098801120509,1.0142680142579892,1.2149688667460383,0.009105165559400774,0.06377467644620083,0.054669510886800055,-8.42859846296373e-08,-5.970086385963164e-08,2.4585120770005654e-08,3.281577962596622,1.97125174975603,0.6023265408560572,1.6869055404630594e-06,-1.6666516906356198e-07,-1.8535707095266214e-06,1.072974681207993,0.993320981130937,0.9257596672285999,2.0116676497734183e-05,-5.431743248268293e-07,-2.0659850822561012e-05,1.2161370580058557,0.9952232519495982,0.81834705727254,8.718926704358684e-06,1.7532613180402823e-05,8.81368647604414e-06,0.8900535667476995,0.8010254823054692,0.8999755996082685,1.1397749793375485e-05,-1.8075787505229666e-05,-2.947353729860515e-05,1.0661216223564316,0.9104478259240303,0.8539807078765537
-21.662810736461708,0.29792640023874006,-1.8452855653581498e-08,2.240992389978551e-05,7.422776805759094e-05,-6.738486480053037e-05,0.00014161263285812132,-22.118036966017723,0.18096764303444168,-2.031867278510734e-09,2.139750198609715e-05,5.938203477899229e-05,-6.42085602103165e-05,0.00012359059498930877,-21.83687208432401,0.25113085445540184,-4.049942237050863e-08,2.1727133183325266e-05,6.349476397479216e-05,-6.402608493992395e-05,0.0001275208489147161,-21.639624674208115,0.30731797667981725,-1.8452855653581498e-08,2.240992389978551e-05,7.422776805759094e-05,-6.738486480053037e-05,0.00014161263285812132,-21.587086807836755,0.39346762118518624,-2.031867278510734e-09,2.139750198609715e-05,5.938203477899229e-05,-6.42085602103165e-05,0.00012359059498930877,-21.66346714042021,0.3195035714085537,-4.049942237050863e-08,2.1727133183325266e-05,6.349476397479216e-05,-6.402608493992395e-05,0.0001275208489147161,3.0,1.0,23.0,0.45522622955601477,0.17406134786230254,-0.28116488169371223,0.11695875720429838,0.04679554578333822,-0.07016321142096016,1.6462965151035822,1.1863392921836877,0.7206109474473934,0.45522622955601477,0.17406134786230254,-0.28116488169371223,-1.6420988375070763e-08,2.204656671692713e-08,3.8467555091997894e-08,9.551823698679087,0.4567603834616207,0.05029446361574681,1.01242191368836e-06,6.827907164602424e-07,-3.296311972281176e-07,1.0473100637326604,1.0314209688228586,0.9848240595364359,1.4845733278598646e-05,1.0733004082798776e-05,-4.11272919579987e-06,1.2500016770001776,1.1690357835408516,0.9352257972009723,-3.1763045902138753e-06,-3.3587798606064215e-06,-1.8247527039254622e-07,1.0494701878819312,1.0524611978052048,1.0028515808161929,1.802203786881255e-05,1.4091783943405211e-05,-3.930253925407337e-06,1.1458195365789596,1.1105048547970693,0.9691787587933031,-0.0525378663713596,0.02384246621209485,0.07638033258345445,-0.086149644505369,-0.012185594728736426,0.07396404977663257,0.7810502314676421,0.9618608494070927,1.2314967852390732,-0.0525378663713596,0.02384246621209485,0.07638033258345445,-1.6420988375070763e-08,2.204656671692713e-08,3.8467555091997894e-08,9.551823698679087,0.4567603834616207,0.05029446361574681,1.01242191368836e-06,6.827907164602424e-07,-3.296311972281176e-07,1.0473100637326604,1.0314209688228586,0.9848240595364359,1.4845733278598646e-05,1.0733004082798776e-05,-4.11272919579987e-06,1.2500016770001776,1.1690357835408516,0.9352257972009723,-3.1763045902138753e-06,-3.3587798606064215e-06,-1.8247527039254622e-07,1.0494701878819312,1.0524611978052048,1.0028515808161929,1.802203786881255e-05,1.4091783943405211e-05,-3.930253925407337e-06,1.1458195365789596,1.1105048547970693,0.9691787587933031
-21.576349382092133,0.36183025552906023,8.566575779470727e-08,3.011413507158614e-05,0.00011095354415922043,-0.0001546574898068968,0.00026561103396611726,-21.815432937998203,0.32799433785902177,4.4561116276144614e-08,2.7612855634084285e-05,0.00010259033408460284,-0.00014851368207453614,0.00025110401615913895,-21.6823567943926,0.37275085708402594,3.8295453945003764e-08,2.9906477210931705e-05,0.00011153546960229521,-0.00016176557530440873,0.00027330104490670394,-21.37355607079542,0.4681219885262297,8.566575779470727e-08,3.011413507158614e-05,0.00011095354415922043,-0.0001546574898068968,0.00026561103396611726,-21.55844242061142,0.46492178798815653,4.4561116276144614e-08,2.7612855634084285e-05,0.00010259033408460284,-0.00014851368207453614,0.00025110401615913895,-21.604597721399806,0.41353394486010336,3.8295453945003764e-08,2.9906477210931705e-05,0.00011153546960229521,-0.00016176557530440873,0.00027330104490670394,3.0,0.0,24.0,0.23908355590607044,0.10600741230046751,-0.13307614360560294,0.03383591767003846,-0.010920601554965714,-0.04475651922500418,1.1031600660565848,0.9707026786270427,0.879929131047154,0.23908355590607044,0.10600741230046751,-0.13307614360560294,4.110464151856266e-08,4.737030384970351e-08,6.26566233114085e-09,1.9181284512690286,2.231143247255567,1.1605831341380237,2.5012794375018534e-06,2.076578606544335e-07,-2.29362157684742e-06,1.0905799245342103,1.006940207807484,0.9233037749298506,8.363210074617588e-06,-5.819254430747798e-07,-8.945135517692367e-06,1.0815193945638326,0.9947817055568002,0.919799257316849,-6.143807732360664e-06,7.10808549751193e-06,1.3251893229872594e-05,1.041369332330003,0.9560599350131035,0.9180802133153846,1.4507017806978306e-05,-7.690010940586682e-06,-2.219702874756499e-05,1.0577725209322513,0.9718621341918936,0.918781427881898,0.18488634981600072,0.23104165060438575,0.046155300788385034,0.0032002005380731835,0.05458804366612635,0.05138784312805317,1.006883309236233,1.13200377920945,1.1242651145192226,0.18488634981600072,0.23104165060438575,0.046155300788385034,4.110464151856266e-08,4.737030384970351e-08,6.26566233114085e-09,1.9181284512690286,2.231143247255567,1.1605831341380237,2.5012794375018534e-06,2.076578606544335e-07,-2.29362157684742e-06,1.0905799245342103,1.006940207807484,0.9233037749298506,8.363210074617588e-06,-5.819254430747798e-07,-8.945135517692367e-06,1.0815193945638326,0.9947817055568002,0.919799257316849,-6.143807732360664e-06,7.10808549751193e-06,1.3251893229872594e-05,1.041369332330003,0.9560599350131035,0.9180802133153846,1.4507017806978306e-05,-7.690010940586682e-06,-2.219702874756499e-05,1.0577725209322513,0.9718621341918936,0.918781427881898
-21.605979548091522,0.34248947498096327,4.597989857255259e-08,2.21753580106964e-05,6.103715304300316e-05,-7.018226443822651e-05,0.00013121941748122967,-21.80420738829155,0.3419491046238507,4.992760690875003e-08,2.0086945993363983e-05,5.9830407023532725e-05,-5.123139213919713e-05,0.00011106179916272986,-21.724077070558454,0.356796418527453,8.607748297217623e-08,2.055331374143629e-05,5.359047039998107e-05,-5.589695266162959e-05,0.00010948742306161066,-21.634114458402877,0.3299585696352972,4.597989857255259e-08,2.21753580106964e-05,6.103715304300316e-05,-7.018226443822651e-05,0.00013121941748122967,-21.863734322318017,0.3139291755264155,4.992760690875003e-08,2.0086945993363983e-05,5.9830407023532725e-05,-5.123139213919713e-05,0.00011106179916272986,-21.86050994606,0.2942866340853939,8.607748297217623e-08,2.055331374143629e-05,5.359047039998107e-05,-5.589695266162959e-05,0.00010948742306161066,3.0,1.0,25.0,0.1982278402000297,0.1180975224669325,-0.0801303177330972,0.000540370357112574,-0.014306943546489703,-0.014847313903602277,1.0015802651612407,0.9599016612848118,0.9583871551717983,0.1982278402000297,0.1180975224669325,-0.0801303177330972,-3.947708336197445e-09,-4.009758439962364e-08,-3.6149876063426194e-08,0.9190905064961346,0.5335488689939799,0.5793579156271014,2.0884120173324164e-06,1.622044269260108e-06,-4.6636774807230845e-07,1.1039631222043458,1.0789136193950215,0.9773046096409816,1.206746019470437e-06,7.446682643022089e-06,6.239936623551652e-06,1.0201677384916,1.1389532260515876,1.116435346311482,-1.895087229902938e-05,-1.428531177659692e-05,4.6655605224324616e-06,1.3699100980615315,1.255567372694011,0.9165344683953007,2.0157618318499812e-05,2.173199441961901e-05,1.5743761011191972e-06,1.1814980517212719,1.1984874057968238,1.0143785890583472,0.2296198639151399,0.22639548765712192,-0.003224376258017969,0.016029394108881656,0.03567193554990328,0.01964254144102162,1.0510605424834967,1.1212149357331354,1.0667462910620917,0.2296198639151399,0.22639548765712192,-0.003224376258017969,-3.947708336197445e-09,-4.009758439962364e-08,-3.6149876063426194e-08,0.9190905064961346,0.5335488689939799,0.5793579156271014,2.0884120173324164e-06,1.622044269260108e-06,-4.6636774807230845e-07,1.1039631222043458,1.0789136193950215,0.9773046096409816,1.206746019470437e-06,7.446682643022089e-06,6.239936623551652e-06,1.0201677384916,1.1389532260515876,1.116435346311482,-1.895087229902938e-05,-1.428531177659692e-05,4.6655605224324616e-06,1.3699100980615315,1.255567372694011,0.9165344683953007,2.0157618318499812e-05,2.173199441961901e-05,1.5743761011191972e-06,1.1814980517212719,1.1984874057968238,1.0143785890583472
-21.91638553445788,0.18238221080825504,-7.809317321523612e-08,2.2924816870632496e-05,7.397151512413756e-05,-7.540490356744401e-05,0.00014937641869158157,-22.03771506393174,0.1649544200174837,-9.318652356058003e-08,2.1686188304267346e-05,8.513718792665176e-05,-7.724847922447137e-05,0.00016238566715112314,-21.825988004856256,0.1971135402692576,-3.153321433224797e-08,2.3392784297873255e-05,9.220439187649808e-05,-7.796504215427415e-05,0.00017016943403077222,-21.27446170061065,0.4273126133746789,-7.809317321523612e-08,2.2924816870632496e-05,7.397151512413756e-05,-7.540490356744401e-05,0.00014937641869158157,-21.37373581670246,0.412625625519217,-9.318652356058003e-08,2.1686188304267346e-05,8.513718792665176e-05,-7.724847922447137e-05,0.00016238566715112314,-21.25336739305792,0.41514185895107636,-3.153321433224797e-08,2.3392784297873255e-05,9.220439187649808e-05,-7.796504215427415e-05,0.00017016943403077222,3.0,0.0,26.0,0.12132952947385789,-0.09039752960162417,-0.21172705907548206,0.017427790790771336,-0.014731329461002557,-0.03215912025177389,1.1056521594168796,0.9252647507958813,0.8368497654117042,0.12132952947385789,-0.09039752960162417,-0.21172705907548206,1.509335034534391e-08,-4.655995888298815e-08,-6.165330922833206e-08,0.8389310313475575,2.4844157644774736,2.9645877947957135,1.23862856636515e-06,-4.679674272407582e-07,-1.7065959936059081e-06,1.057111136262144,0.9799910339708168,0.927042088018147,-1.11656728025142e-05,-1.8232876752360516e-05,-7.067203949846315e-06,0.8688497945561311,0.8022550053550276,0.9233518475508492,1.8435756570273656e-06,2.5601385868301383e-06,7.165629298027727e-07,0.9761357367554531,0.9671642341276361,0.9908104474908085,-1.3009248459541566e-05,-2.0793015339190654e-05,-7.783766879649088e-06,0.9198861532770017,0.877809412491953,0.9542581642243816,0.09927411609180936,-0.021094307552729674,-0.12036842364453904,0.014686987855461908,0.012170754423602548,-0.0025162334318593604,1.0355939787632469,1.0293170974168258,0.9939388585443758,0.09927411609180936,-0.021094307552729674,-0.12036842364453904,1.509335034534391e-08,-4.655995888298815e-08,-6.165330922833206e-08,0.8389310313475575,2.4844157644774736,2.9645877947957135,1.23862856636515e-06,-4.679674272407582e-07,-1.7065959936059081e-06,1.057111136262144,0.9799910339708168,0.927042088018147,-1.11656728025142e-05,-1.8232876752360516e-05,-7.067203949846315e-06,0.8688497945561311,0.8022550053550276,0.9233518475508492,1.8435756570273656e-06,2.5601385868301383e-06,7.165629298027727e-07,0.9761357367554531,0.9671642341276361,0.9908104474908085,-1.3009248459541566e-05,-2.0793015339190654e-05,-7.783766879649088e-06,0.9198861532770017,0.877809412491953,0.9542581642243816
-21.744081919526558,0.3422144300998016,-8.799835195866046e-08,2.2981468058012696e-05,0.00011947341907622648,-6.617122510419496e-05,0.00018564464418042143,-22.016819318532445,0.24321693801342087,-1.3761938617717423e-07,2.256964777844813e-05,9.391682929214685e-05,-7.04065693085478e-05,0.00016432339860069465,-21.883903543878336,0.25803288287578025,-1.3856796866785582e-07,2.4190054430883026e-05,0.00011885461581707084,-7.926832621270068e-05,0.00019812294202977153,-21.738520852724665,0.34485595245760814,-8.799835195866046e-08,2.2981468058012696e-05,0.00011947341907622648,-6.617122510419496e-05,0.00018564464418042143,-21.78178265400986,0.3446313624913111,-1.3761938617717423e-07,2.256964777844813e-05,9.391682929214685e-05,-7.04065693085478e-05,0.00016432339860069465,-21.709815094973337,0.33010620490958953,-1.3856796866785582e-07,2.4190054430883026e-05,0.00011885461581707084,-7.926832621270068e-05,0.00019812294202977153,3.0,1.0,27.0,0.2727373990058872,0.1398216243517787,-0.13291577465410853,0.09899749208638076,0.08418154722402138,-0.014815944862359376,1.407033707250334,1.3262434855325123,0.9425811749592007,0.2727373990058872,0.1398216243517787,-0.13291577465410853,4.962103421851377e-08,5.056961670919536e-08,9.485824906815904e-10,0.6398977948119043,0.6355141395172972,0.9938716332820836,4.1182027956456567e-07,-1.2085863728703296e-06,-1.6204066524348953e-06,1.018242130289011,0.9500339538416825,0.9330096607251903,2.555658978407963e-05,6.188032591556423e-07,-2.493778652492399e-05,1.2721180300154535,1.0052055423708042,0.7901817664239267,4.235344204352848e-06,1.3097101108505723e-05,8.861756904152875e-06,0.939845808972576,0.8347761551600448,0.8882066960805409,2.1321245579726783e-05,-1.2478297849350095e-05,-3.379954342907688e-05,1.1297510445023877,0.9370169278570082,0.8294007446948151,0.04326180128519397,-0.028705757751328775,-0.07196755903652274,0.00022458996629703964,0.01474974754801861,0.01452515758172157,1.0006516814506037,1.0446818242861873,1.0440014675922242,0.04326180128519397,-0.028705757751328775,-0.07196755903652274,4.962103421851377e-08,5.056961670919536e-08,9.485824906815904e-10,0.6398977948119043,0.6355141395172972,0.9938716332820836,4.1182027956456567e-07,-1.2085863728703296e-06,-1.6204066524348953e-06,1.018242130289011,0.9500339538416825,0.9330096607251903,2.555658978407963e-05,6.188032591556423e-07,-2.493778652492399e-05,1.2721180300154535,1.0052055423708042,0.7901817664239267,4.235344204352848e-06,1.3097101108505723e-05,8.861756904152875e-06,0.939845808972576,0.8347761551600448,0.8882066960805409,2.1321245579726783e-05,-1.2478297849350095e-05,-3.379954342907688e-05,1.1297510445023877,0.9370169278570082,0.8294007446948151
-21.460950488750736,0.275036803468971,2.174744765593402e-08,2.6073562919831153e-05,0.00013302044693794604,-8.82811718187728e-05,0.00022130161875671885,-21.935047919147287,0.18213233077061242,-3.51230693084021e-08,2.379530314668851e-05,0.00010657373461474429,-7.943805896054349e-05,0.00018601179357528776,-21.70878297424914,0.22542552471907706,-1.034726171240542e-08,2.522189209815804e-05,0.00011444524096892932,-8.27749450434376e-05,0.00019722018601236693,-21.31872087344157,0.3281882255255148,2.174744765593402e-08,2.6073562919831153e-05,0.00013302044693794604,-8.82811718187728e-05,0.00022130161875671885,-21.469463868073312,0.34476130922618875,-3.51230693084021e-08,2.379530314668851e-05,0.00010657373461474429,-7.943805896054349e-05,0.00018601179357528776,-21.502384834373927,0.2960149326945787,-1.034726171240542e-08,2.522189209815804e-05,0.00011444524096892932,-8.27749450434376e-05,0.00019722018601236693,3.0,0.0,28.0,0.47409743039655083,0.2478324854984031,-0.22626494489814775,0.09290447269835861,0.04961127874989396,-0.04329319394846465,1.5100932500795716,1.2200783548788947,0.8079490151649371,0.47409743039655083,0.2478324854984031,-0.22626494489814775,5.6870516964336116e-08,3.209470936833944e-08,-2.477580759599668e-08,-0.6209463672196419,-2.1222691745645936,3.4275565799087393,2.278259773142644e-06,8.516708216731148e-07,-1.4265889514695293e-06,1.0957394904847277,1.0337630278512102,0.9434347237158274,2.644671232320175e-05,1.8575205969016722e-05,-7.871506354185028e-06,1.2481529581703061,1.162305479731671,0.9312195124105395,-8.84311285822931e-06,-5.506226775335202e-06,3.336886082894107e-06,1.1113222566886656,1.0665217406622223,0.9596884043558997,3.528982518143109e-05,2.4081432744351924e-05,-1.1208392437079163e-05,1.1897175739848467,1.1221037309663058,0.9431676494152517,0.15074299463174157,0.18366396093235693,0.03292096630061536,-0.016573083700673952,0.03217329283093612,0.04874637653161007,0.9519288175547748,1.1086880733589983,1.164675396512641,0.15074299463174157,0.18366396093235693,0.03292096630061536,5.6870516964336116e-08,3.209470936833944e-08,-2.477580759599668e-08,-0.6209463672196419,-2.1222691745645936,3.4275565799087393,2.278259773142644e-06,8.516708216731148e-07,-1.4265889514695293e-06,1.0957394904847277,1.0337630278512102,0.9434347237158274,2.644671232320175e-05,1.8575205969016722e-05,-7.871506354185028e-06,1.2481529581703061,1.162305479731671,0.9312195124105395,-8.84311285822931e-06,-5.506226775335202e-06,3.336886082894107e-06,1.1113222566886656,1.0665217406622223,0.9596884043558997,3.528982518143109e-05,2.4081432744351924e-05,-1.1208392437079163e-05,1.1897175739848467,1.1221037309663058,0.9431676494152517
-21.9898104986883,0.24259512130883662,1.4624641695442167e-08,2.2703485001414653e-05,6.798575131031716e-05,-7.052819514007234e-05,0.00013851394645038952,-21.680804092814718,0.32476096937672805,4.874757097862866e-08,2.089171093738676e-05,6.682700323601594e-05,-5.967529925685171e-05,0.00012650230249286763,-21.810702395193758,0.2572018365371072,1.0992925029768684e-07,2.342414730844562e-05,6.956928891138845e-05,-6.93517071278144e-05,0.00013892099603920284,-21.52303389824143,0.4662765530061492,1.4624641695442167e-08,2.2703485001414653e-05,6.798575131031716e-05,-7.052819514007234e-05,0.00013851394645038952,-21.538258988024825,0.39204546673173457,4.874757097862866e-08,2.089171093738676e-05,6.682700323601594e-05,-5.967529925685171e-05,0.00012650230249286763,-21.569637697541772,0.3568900092428879,1.0992925029768684e-07,2.342414730844562e-05,6.956928891138845e-05,-6.93517071278144e-05,0.00013892099603920284,3.0,1.0,29.0,-0.30900640587358197,-0.1791081034945421,0.12989830237903988,-0.08216584806789143,-0.01460671522827059,0.06755913283962084,0.7469959265724531,0.943209132876918,1.2626697134940827,-0.30900640587358197,-0.1791081034945421,0.12989830237903988,-3.412292928318649e-08,-9.530460860224467e-08,-6.118167931905819e-08,0.2993934273997085,0.13291594422278477,0.4430419260945695,1.811774064027892e-06,-7.206623070309687e-07,-2.5324363710588607e-06,1.0867169471070517,0.9692300761027614,0.8918839808293113,1.1587480743012262e-06,-1.5835376010712868e-06,-2.742285675372513e-06,1.0173379963846283,0.9772365745070956,0.9605805697263559,-1.0852895883220633e-05,-1.1764880122579408e-06,9.676407870962692e-06,1.1818677778771645,1.016965547894074,0.8604746411553326,1.2011643957521886e-05,-4.070495888133189e-07,-1.2418693546335205e-05,1.0949511133450538,0.9970692025875002,0.9106054163089047,0.015225089783395873,0.04660379930034253,0.03137870951694666,0.0742310862744146,0.10938654376326129,0.035155457488846686,1.1893430544531063,1.3064993157546374,1.0985050196657944,0.015225089783395873,0.04660379930034253,0.03137870951694666,-3.412292928318649e-08,-9.530460860224467e-08,-6.118167931905819e-08,0.2993934273997085,0.13291594422278477,0.4430419260945695,1.811774064027892e-06,-7.206623070309687e-07,-2.5324363710588607e-06,1.0867169471070517,0.9692300761027614,0.8918839808293113,1.1587480743012262e-06,-1.5835376010712868e-06,-2.742285675372513e-06,1.0173379963846283,0.9772365745070956,0.9605805697263559,-1.0852895883220633e-05,-1.1764880122579408e-06,9.676407870962692e-06,1.1818677778771645,1.016965547894074,0.8604746411553326,1.2011643957521886e-05,-4.070495888133189e-07,-1.2418693546335205e-05,1.0949511133450538,0.9970692025875002,0.9106054163089047
-21.627719961953503,0.30685977112494955,3.423852500429295e-08,2.4549894339970098e-05,8.76193016483805e-05,-7.169844697911337e-05,0.00015931774862749386,-21.63617448605076,0.33765076011163336,6.060037711071445e-08,2.316743630261761e-05,0.00010609570021576827,-6.424218316863016e-05,0.00017033788338439843,-21.54328039600555,0.32895675066474456,-2.047705346065278e-09,2.4268052551783704e-05,0.00010233233439851334,-6.881649799373566e-05,0.000171148832392249,-21.558475958824527,0.3360800040751111,3.423852500429295e-08,2.4549894339970098e-05,8.76193016483805e-05,-7.169844697911337e-05,0.00015931774862749386,-21.66001941958358,0.3270546489195553,6.060037711071445e-08,2.316743630261761e-05,0.00010609570021576827,-6.424218316863016e-05,0.00017033788338439843,-21.626133524465985,0.29511669677535324,-2.047705346065278e-09,2.4268052551783704e-05,0.00010233233439851334,-6.881649799373566e-05,0.000171148832392249,3.0,0.0,30.0,0.008454524097256666,-0.0844395659479531,-0.09289409004520977,-0.03079098898668381,-0.022096979539795003,0.008694009446888806,0.9088081748508886,0.9328270978223584,1.0264290345970324,0.008454524097256666,-0.0844395659479531,-0.09289409004520977,-2.6361852106421498e-08,3.628623035035823e-08,6.264808245677972e-08,0.5640578631306293,-17.57890384880909,-31.11372941145247,1.3824580373524869e-06,2.818417881863938e-07,-1.100616249166093e-06,1.059667891280969,1.011609527655029,0.9546435911502793,-1.847639856738777e-05,-1.471303275013284e-05,3.763365817254931e-06,0.8258508015415135,0.8562221954689805,1.0367749075781745,-7.456263810483202e-06,-2.8819489853777085e-06,4.574314825105493e-06,1.1160666566635278,1.0418802650153247,0.9335301620186239,-1.1020134756904569e-05,-1.183108376475513e-05,-8.109490078505623e-07,0.9353037147796013,0.9308719978595031,0.9952611506451483,0.10154346075905352,0.06765756564145775,-0.033885895117595766,0.009025355155555803,0.04096330729975789,0.031937952144202086,1.0275958622897183,1.138803760117508,1.1082214336984515,0.10154346075905352,0.06765756564145775,-0.033885895117595766,-2.6361852106421498e-08,3.628623035035823e-08,6.264808245677972e-08,0.5640578631306293,-17.57890384880909,-31.11372941145247,1.3824580373524869e-06,2.818417881863938e-07,-1.100616249166093e-06,1.059667891280969,1.011609527655029,0.9546435911502793,-1.847639856738777e-05,-1.471303275013284e-05,3.763365817254931e-06,0.8258508015415135,0.8562221954689805,1.0367749075781745,-7.456263810483202e-06,-2.8819489853777085e-06,4.574314825105493e-06,1.1160666566635278,1.0418802650153247,0.9335301620186239,-1.1020134756904569e-05,-1.183108376475513e-05,-8.109490078505623e-07,0.9353037147796013,0.9308719978595031,0.9952611506451483
-21.777061003808324,0.2837403395292493,-3.9100352727195e-08,2.2844562718950193e-05,8.503904703948432e-05,-8.063448203157682e-05,0.00016567352907106113,-21.834038873806712,0.29872024991700036,-2.091243475599472e-07,2.2030782171058873e-05,7.98285487491438e-05,-6.071622763900223e-05,0.00014054477638814604,-21.80662226170148,0.2697585070010528,-1.2612247580858167e-07,2.3024153049545732e-05,8.27648166764144e-05,-8.330846592474632e-05,0.00016607328260116071,-21.390851033296606,0.47129372269234227,-3.9100352727195e-08,2.2844562718950193e-05,8.503904703948432e-05,-8.063448203157682e-05,0.00016567352907106113,-21.50777390555547,0.4642181168349371,-2.091243475599472e-07,2.2030782171058873e-05,7.98285487491438e-05,-6.071622763900223e-05,0.00014054477638814604,-21.37970194559683,0.4736564123528449,-1.2612247580858167e-07,2.3024153049545732e-05,8.27648166764144e-05,-8.330846592474632e-05,0.00016607328260116071,3.0,1.0,31.0,0.05697786999838783,0.029561257893156778,-0.027416612105231053,-0.014979910387751039,0.013981832528196514,0.028961742915947553,0.949853046497857,1.0518309230669,1.1073617404217704,0.05697786999838783,0.029561257893156778,-0.027416612105231053,1.700239948327522e-07,8.702212308138668e-08,-8.300187175136553e-08,0.18706123561027363,0.3102649148599921,1.6594210375424683,8.137805478913196e-07,-1.7959033059553977e-07,-9.933708784868594e-07,1.0369336344125257,0.9921956065107144,0.9568511136344351,5.210498290340521e-06,2.274230363069927e-06,-2.9362679272705935e-06,1.065269779358459,1.0274769848674057,0.9645215866192327,-1.9918254392574587e-05,2.673983893169499e-06,2.2592238285744086e-05,1.3280570610662534,0.9679037769677914,0.7288130905586132,2.5128752682915094e-05,-3.997535300995854e-07,-2.552850621301468e-05,1.1787945126759136,0.9975923081481403,0.8462811691243516,0.11692287225886488,-0.011149087699777738,-0.12807195995864262,0.007075605857405187,-0.002362689660502626,-0.009438295517907813,1.015241985392821,0.9950118066632575,0.9800735398703222,0.11692287225886488,-0.011149087699777738,-0.12807195995864262,1.700239948327522e-07,8.702212308138668e-08,-8.300187175136553e-08,0.18706123561027363,0.3102649148599921,1.6594210375424683,8.137805478913196e-07,-1.7959033059553977e-07,-9.933708784868594e-07,1.0369336344125257,0.9921956065107144,0.9568511136344351,5.210498290340521e-06,2.274230363069927e-06,-2.9362679272705935e-06,1.065269779358459,1.0274769848674057,0.9645215866192327,-1.9918254392574587e-05,2.673983893169499e-06,2.2592238285744086e-05,1.3280570610662534,0.9679037769677914,0.7288130905586132,2.5128752682915094e-05,-3.997535300995854e-07,-2.552850621301468e-05,1.1787945126759136,0.9975923081481403,0.8462811691243516
-21.93369364285685,0.20127066383828643,-9.329335612665766e-09,2.5511326975758383e-05,0.0001013746295726874,-7.921453032583121e-05,0.00018058915989851862,-22.184019408024856,0.16003687103338057,1.1659471466816852e-07,2.4305549073295964e-05,9.694740499181183e-05,-7.461379645915382e-05,0.00017156120145096564,-22.031122323008045,0.19786043899480207,2.785092506599125e-08,2.5191288415112258e-05,8.885796010464881e-05,-8.758727676249766e-05,0.00017644523686714646,-21.377368164352834,0.42669453916770056,-9.329335612665766e-09,2.5511326975758383e-05,0.0001013746295726874,-7.921453032583121e-05,0.00018058915989851862,-21.50576500382697,0.43294324084363,1.1659471466816852e-07,2.4305549073295964e-05,9.694740499181183e-05,-7.461379645915382e-05,0.00017156120145096564,-21.530349306677795,0.4019439055663104,2.785092506599125e-08,2.5191288415112258e-05,8.885796010464881e-05,-8.758727676249766e-05,0.00017644523686714646,3.0,0.0,32.0,0.2503257651680073,0.09742868015119655,-0.15289708501681076,0.041233792804905856,0.003410224843484355,-0.0378235679614215,1.2576518299369905,1.017235505789262,0.808837136749207,0.2503257651680073,0.09742868015119655,-0.15289708501681076,-1.2592405028083428e-07,-3.7180260678657014e-08,8.874378960217727e-08,-0.07994651376623643,-0.3337755580768615,4.1714080801580655,1.205777902462419e-06,3.200385606461248e-07,-8.857393418162943e-07,1.0496048428423608,1.012700314701757,0.9648356284608401,4.4272245808755605e-06,1.2516669468038582e-05,8.089444887163022e-06,1.0456651729330164,1.1408602602093465,1.0910367036781599,-4.600733866677391e-06,8.372746436666444e-06,1.2973480303343836e-05,1.0616620551589484,0.9044078511701569,0.8518803689891432,9.027958447552979e-06,4.143923031372165e-06,-4.884035416180814e-06,1.0526217647639684,1.023485024342084,0.9723192717761745,0.12839683947413505,0.15298114232496118,0.024584302850826134,-0.006248701675929447,0.024750633601390182,0.03099933527731963,0.9855669261349133,1.06157733243986,1.0771235357479334,0.12839683947413505,0.15298114232496118,0.024584302850826134,-1.2592405028083428e-07,-3.7180260678657014e-08,8.874378960217727e-08,-0.07994651376623643,-0.3337755580768615,4.1714080801580655,1.205777902462419e-06,3.200385606461248e-07,-8.857393418162943e-07,1.0496048428423608,1.012700314701757,0.9648356284608401,4.4272245808755605e-06,1.2516669468038582e-05,8.089444887163022e-06,1.0456651729330164,1.1408602602093465,1.0910367036781599,-4.600733866677391e-06,8.372746436666444e-06,1.2973480303343836e-05,1.0616620551589484,0.9044078511701569,0.8518803689891432,9.027958447552979e-06,4.143923031372165e-06,-4.884035416180814e-06,1.0526217647639684,1.023485024342084,0.9723192717761745
-21.927930241201146,0.22179816274092218,6.245947656911655e-08,2.3037501873030144e-05,9.859420793384321e-05,-0.00010138207582428756,0.00019997628375813077,-22.074022173412537,0.19541277239926577,-7.236049057890446e-09,2.1674859637598433e-05,8.538024434653939e-05,-8.052836576260942e-05,0.00016590861010914881,-21.84448150920657,0.24638257204610695,7.589167268737938e-10,2.3048409916459927e-05,9.460270504304502e-05,-8.835230497410119e-05,0.0001829550100171462,-21.261783275890597,0.536878976998765,6.245947656911655e-08,2.3037501873030144e-05,9.859420793384321e-05,-0.00010138207582428756,0.00019997628375813077,-21.2639440886843,0.5926524007807177,-7.236049057890446e-09,2.1674859637598433e-05,8.538024434653939e-05,-8.052836576260942e-05,0.00016590861010914881,-21.264100338425717,0.526028014203139,7.589167268737938e-10,2.3048409916459927e-05,9.460270504304502e-05,-8.835230497410119e-05,0.0001829550100171462,3.0,1.0,33.0,0.14609193221139094,-0.08344873199457581,-0.22954066420596675,0.026385390341656406,-0.024584409305184768,-0.050969799646841174,1.1350238774272319,0.9002185536458885,0.7931274143991984,0.14609193221139094,-0.08344873199457581,-0.22954066420596675,6.9695525627007e-08,6.170055984224276e-08,-7.99496578476424e-09,-8.752669167829513,72.7188965063596,-8.42462235451806,1.362642235431711e-06,-1.090804342978349e-08,-1.3735502788614945e-06,1.0628625039314112,0.999522396741929,0.9404017750457476,1.3213963587303817e-05,3.991502890798187e-06,-9.22246069650563e-06,1.1547647024433605,1.0421911685280587,0.9025128198650211,-2.085371006167814e-05,-1.3029770850186376e-05,7.823939211491765e-06,1.2589626122478959,1.1474764648375877,0.9114471538793493,3.406767364898196e-05,1.7021273740984563e-05,-1.7046399907997395e-05,1.2053392713774305,1.0930346998200233,0.9068268718681876,0.002160812793704281,0.0023170625351198737,0.00015624974141559278,-0.05577342378195271,0.010850962795625918,0.06662438657757863,0.9058918452045921,1.0206281080105606,1.126655586139913,0.002160812793704281,0.0023170625351198737,0.00015624974141559278,6.9695525627007e-08,6.170055984224276e-08,-7.99496578476424e-09,-8.752669167829513,72.7188965063596,-8.42462235451806,1.362642235431711e-06,-1.090804342978349e-08,-1.3735502788614945e-06,1.0628625039314112,0.999522396741929,0.9404017750457476,1.3213963587303817e-05,3.991502890798187e-06,-9.22246069650563e-06,1.1547647024433605,1.0421911685280587,0.9025128198650211,-2.085371006167814e-05,-1.3029770850186376e-05,7.823939211491765e-06,1.2589626122478959,1.1474764648375877,0.9114471538793493,3.406767364898196e-05,1.7021273740984563e-05,-1.7046399907997395e-05,1.2053392713774305,1.0930346998200233,0.9068268718681876
-22.475841848588598,0.10295208787700245,3.232133956449977e-08,2.2072972952055072e-05,7.440762650942876e-05,-8.66957632531061e-05,0.00016110338976253486,-22.39988996652111,0.12941412925604204,1.051080294849152e-08,2.017041592954327e-05,6.93953881278346e-05,-6.243185652616476e-05,0.00013182724465399937,-22.350717944994354,0.12814955749985604,5.995587442711361e-08,2.203109839715103e-05,7.586423437871216e-05,-8.30077804789736e-05,0.00015887201485768578,-21.349729417898274,0.6100147977777226,3.232133956449977e-08,2.2072972952055072e-05,7.440762650942876e-05,-8.66957632531061e-05,0.00016110338976253486,-21.389950711966108,0.6149220184814851,1.051080294849152e-08,2.017041592954327e-05,6.93953881278346e-05,-6.243185652616476e-05,0.00013182724465399937,-21.377457873174638,0.5579741192342392,5.995587442711361e-08,2.203109839715103e-05,7.586423437871216e-05,-8.30077804789736e-05,0.00015887201485768578,3.0,0.0,34.0,-0.07595188206748915,-0.1251239035942433,-0.04917202152675415,-0.026462041379039583,-0.02519746962285359,0.0012645717561859948,0.7955243248112603,0.8033745087007471,1.0098679361823049,-0.07595188206748915,-0.1251239035942433,-0.04917202152675415,2.1810536616008248e-08,-2.7634534862613846e-08,-4.944507147862209e-08,3.046078578727609,0.5381878104818262,0.17501706616973636,1.9025570225118014e-06,4.1874554904042704e-08,-1.8606824676077587e-06,1.094318709008594,1.0018961544511098,0.9155387539949535,5.012238381594167e-06,-1.4566078692833997e-06,-6.4688462508775664e-06,1.072225709722817,0.9807985151229093,0.9147300730461194,-2.426390672694134e-05,-3.6879827741324942e-06,2.0575923952808846e-05,1.388648471179446,1.04443062079137,0.7521214442557416,2.9276145108535494e-05,2.231374904849081e-06,-2.7044770203686413e-05,1.2220786983563603,1.0140444715981014,0.829769558818345,0.040221294067833924,0.027728455276363917,-0.012492838791470007,-0.004907220703762483,0.052040678543483376,0.05694789924724586,0.9920197672949124,1.0932671904309414,1.1020619006759573,0.040221294067833924,0.027728455276363917,-0.012492838791470007,2.1810536616008248e-08,-2.7634534862613846e-08,-4.944507147862209e-08,3.046078578727609,0.5381878104818262,0.17501706616973636,1.9025570225118014e-06,4.1874554904042704e-08,-1.8606824676077587e-06,1.094318709008594,1.0018961544511098,0.9155387539949535,5.012238381594167e-06,-1.4566078692833997e-06,-6.4688462508775664e-06,1.072225709722817,0.9807985151229093,0.9147300730461194,-2.426390672694134e-05,-3.6879827741324942e-06,2.0575923952808846e-05,1.388648471179446,1.04443062079137,0.7521214442557416,2.9276145108535494e-05,2.231374904849081e-06,-2.7044770203686413e-05,1.2220786983563603,1.0140444715981014,0.829769558818345
-21.99697179552254,0.18414540062237347,-1.3326618541203108e-07,2.5893841946183735e-05,0.0001331218610869034,-8.176603109521438e-05,0.00021488789218211777,-22.10362919051977,0.17703721021993157,-1.8267364030281862e-07,2.285156970089976e-05,0.00011399881208656338,-7.983141966253022e-05,0.00019383023174909358,-21.9892688077713,0.16814942822202963,-1.287092824274776e-07,2.5804845280907703e-05,0.0001305725196062882,-7.834172519593138e-05,0.00020891424480221958,-21.307904502440987,0.46837814786528187,-1.3326618541203108e-07,2.5893841946183735e-05,0.0001331218610869034,-8.176603109521438e-05,0.00021488789218211777,-21.45984294459543,0.44263033976240423,-1.8267364030281862e-07,2.285156970089976e-05,0.00011399881208656338,-7.983141966253022e-05,0.00019383023174909358,-21.36665205756896,0.3932220277698053,-1.287092824274776e-07,2.5804845280907703e-05,0.0001305725196062882,-7.834172519593138e-05,0.00020891424480221958,3.0,1.0,35.0,0.10665739499722804,-0.007702987751240897,-0.11436038274846894,0.0071081904024419,0.01599597240034384,0.008887781997901939,1.0401508264256785,1.0951295074860992,1.0528564502811188,0.10665739499722804,-0.007702987751240897,-0.11436038274846894,4.940745489078754e-08,-4.556902984553479e-09,-5.396435787534102e-08,0.7299311400648766,1.036209695728452,1.4203767943875105,3.0422722452839768e-06,8.899666527603236e-08,-2.9532755800079444e-06,1.1331269130484674,1.0034449468622515,0.8855500157873593,1.9123049000340027e-05,2.549341480615207e-06,-1.657370751972482e-05,1.1677467674938802,1.0195235531637632,0.8730682774865103,-1.9346114326841587e-06,-3.4243058992829953e-06,-1.4896944665988366e-06,1.0242349924924545,1.0437111930052332,1.0190166397859741,2.1057660433024185e-05,5.9736473798981885e-06,-1.5084013053125997e-05,1.1086391394112787,1.028593284896513,0.9277976193190266,0.1519384421544423,0.05874755512797236,-0.09319088702646994,0.025747808102877634,0.07515612009547656,0.04940831199259893,1.0581700025598824,1.1911289670179936,1.1256499086794747,0.1519384421544423,0.05874755512797236,-0.09319088702646994,4.940745489078754e-08,-4.556902984553479e-09,-5.396435787534102e-08,0.7299311400648766,1.036209695728452,1.4203767943875105,3.0422722452839768e-06,8.899666527603236e-08,-2.9532755800079444e-06,1.1331269130484674,1.0034449468622515,0.8855500157873593,1.9123049000340027e-05,2.549341480615207e-06,-1.657370751972482e-05,1.1677467674938802,1.0195235531637632,0.8730682774865103,-1.9346114326841587e-06,-3.4243058992829953e-06,-1.4896944665988366e-06,1.0242349924924545,1.0437111930052332,1.0190166397859741,2.1057660433024185e-05,5.9736473798981885e-06,-1.5084013053125997e-05,1.1086391394112787,1.028593284896513,0.9277976193190266
-21.77106775315837,0.27373232680756676,5.2051117225211014e-08,2.3818212074224692e-05,9.403512797806133e-05,-7.779778025217994e-05,0.00017183290823024125,-21.908711596577362,0.24043996972344664,2.3815467116392424e-08,2.223265764871129e-05,7.651176267673463e-05,-7.573498679928233e-05,0.00015224674947601698,-22.00523300811678,0.20582164086945132,9.720632249595442e-08,2.3726210981774148e-05,9.360307708937727e-05,-7.960680877814832e-05,0.0001732098858675256,-21.176030692546,0.5850807287510199,5.2051117225211014e-08,2.3818212074224692e-05,9.403512797806133e-05,-7.779778025217994e-05,0.00017183290823024125,-21.268445125229405,0.5610047896591651,2.3815467116392424e-08,2.223265764871129e-05,7.651176267673463e-05,-7.573498679928233e-05,0.00015224674947601698,-21.24810724757621,0.5701252701131413,9.720632249595442e-08,2.3726210981774148e-05,9.360307708937727e-05,-7.960680877814832e-05,0.0001732098858675256,3.0,0.0,36.0,0.13764384341899216,0.234165254958409,0.09652141153941685,0.03329235708412012,0.06791068593811544,0.03461832885399532,1.1384643202565965,1.3299492002796487,1.1681957669316876,0.13764384341899216,0.234165254958409,0.09652141153941685,2.823565010881859e-08,-4.5155205270743407e-08,-7.3390855379562e-08,2.176462494831787,0.5349201972705842,0.24474737617776657,1.5855544255134026e-06,9.200109245054389e-08,-1.4935533330628587e-06,1.0713116407134182,1.0038733831197415,0.937046541528928,1.7523365301326692e-05,4.32050888684053e-07,-1.709131441264264e-05,1.2290267768720142,1.004614703283753,0.8174056165174517,-2.0627934528976046e-06,1.8090285259683806e-06,3.871821978865985e-06,1.02723835130783,0.9772766824086448,0.9513643757129078,1.958615875422427e-05,-1.3769776372843411e-06,-2.096313639150861e-05,1.128646726166308,0.9920496637050847,0.8789721257321635,0.09241443268340532,0.07207655503021115,-0.02033787765319417,0.024075939091854792,0.014955458637878616,-0.009120480453976176,1.0429157458748086,1.026231881516649,0.9840026726923251,0.09241443268340532,0.07207655503021115,-0.02033787765319417,2.823565010881859e-08,-4.5155205270743407e-08,-7.3390855379562e-08,2.176462494831787,0.5349201972705842,0.24474737617776657,1.5855544255134026e-06,9.200109245054389e-08,-1.4935533330628587e-06,1.0713116407134182,1.0038733831197415,0.937046541528928,1.7523365301326692e-05,4.32050888684053e-07,-1.709131441264264e-05,1.2290267768720142,1.004614703283753,0.8174056165174517,-2.0627934528976046e-06,1.8090285259683806e-06,3.871821978865985e-06,1.02723835130783,0.9772766824086448,0.9513643757129078,1.958615875422427e-05,-1.3769776372843411e-06,-2.096313639150861e-05,1.128646726166308,0.9920496637050847,0.8789721257321635
-21.479680216486837,0.2736446341841248,-1.5324313059670415e-07,2.941526231256391e-05,0.00012308652147905672,-0.00010587184014927126,0.00022895836162832798,-21.73695524048764,0.25519139896417004,-3.659384600963979e-08,2.553898593878367e-05,0.00010799331881908076,-7.956035564970103e-05,0.0001875536744687818,-21.403633859468354,0.29851412585487896,-7.711814749452991e-08,2.9511825922514028e-05,0.0001220974427779328,-7.92652868874285e-05,0.0002013627296653613,-20.859583759651507,0.5723850751006813,-1.5324313059670415e-07,2.941526231256391e-05,0.00012308652147905672,-0.00010587184014927126,0.00022895836162832798,-21.085013110500334,0.5790184577597597,-3.659384600963979e-08,2.553898593878367e-05,0.00010799331881908076,-7.956035564970103e-05,0.0001875536744687818,-20.966351495417275,0.5025327068320965,-7.711814749452991e-08,2.9511825922514028e-05,0.0001220974427779328,-7.92652868874285e-05,0.0002013627296653613,3.0,1.0,37.0,0.25727502400080127,-0.07604635701848395,-0.3333213810192852,0.01845323521995479,-0.02486949167075414,-0.04332272689070893,1.0723113521365764,0.9166890622304646,0.8548721041185928,0.25727502400080127,-0.07604635701848395,-0.3333213810192852,-1.1664928458706436e-07,-7.612498310217424e-08,4.052430148489012e-08,4.199149921228506,1.989701590882694,0.4751327732498215,3.87627637378024e-06,-9.656360995011651e-08,-3.972839983730357e-06,1.1517742797479638,0.9967245916039531,0.8653784915914456,1.5093202659975958e-05,9.890787011239193e-07,-1.4104123958852039e-05,1.1397594670584617,1.008099906669888,0.8844839655413511,-2.6311484499570224e-05,-2.660655326184276e-05,-2.9506876227253784e-07,1.3307126690921975,1.3356663159027078,1.0037238133645194,4.140468715954618e-05,2.759563196296668e-05,-1.3809055196579501e-05,1.2207611511782075,1.137043822878467,0.931421527898031,0.22542935084882743,0.10676773576576792,-0.1186616150830595,-0.006633382659078424,0.06985236826858476,0.07648575092766319,0.9885437455938839,1.1390006405653181,1.1522005429151065,0.22542935084882743,0.10676773576576792,-0.1186616150830595,-1.1664928458706436e-07,-7.612498310217424e-08,4.052430148489012e-08,4.199149921228506,1.989701590882694,0.4751327732498215,3.87627637378024e-06,-9.656360995011651e-08,-3.972839983730357e-06,1.1517742797479638,0.9967245916039531,0.8653784915914456,1.5093202659975958e-05,9.890787011239193e-07,-1.4104123958852039e-05,1.1397594670584617,1.008099906669888,0.8844839655413511,-2.6311484499570224e-05,-2.660655326184276e-05,-2.9506876227253784e-07,1.3307126690921975,1.3356663159027078,1.0037238133645194,4.140468715954618e-05,2.759563196296668e-05,-1.3809055196579501e-05,1.2207611511782075,1.137043822878467,0.931421527898031
-21.656987822278396,0.28675016608608106,1.071430187566615e-07,2.8645131646591985e-05,0.00010751895415425902,-8.920851044305235e-05,0.00019672746459731136,-21.856843045082158,0.2563139805501781,-1.9323812366050855e-08,2.4826008501733964e-05,9.052500679922868e-05,-6.748557973395555e-05,0.00015801058653318423,-21.8871414404801,0.2369682831204125,9.764014018356728e-08,2.7517769605151764e-05,0.00010266238081627064,-7.339273205362835e-05,0.00017605511286989897,-21.22458631460249,0.4947943362306014,1.071430187566615e-07,2.8645131646591985e-05,0.00010751895415425902,-8.920851044305235e-05,0.00019672746459731136,-21.3630239766049,0.4937526174133578,-1.9323812366050855e-08,2.4826008501733964e-05,9.052500679922868e-05,-6.748557973395555e-05,0.00015801058653318423,-21.317105955510264,0.5048093675559613,9.764014018356728e-08,2.7517769605151764e-05,0.00010266238081627064,-7.339273205362835e-05,0.00017605511286989897,3.0,0.0,38.0,0.19985522280376244,0.23015361820170455,0.0302983953979421,0.030436185535902938,0.04978188296566857,0.019345697429765635,1.1187457093003552,1.2100782526215321,1.0816383402321041,0.19985522280376244,0.23015361820170455,0.0302983953979421,1.2646683112271235e-07,9.502878573094217e-09,-1.1696395254961813e-07,-5.5734532108665125,1.0962028349400208,-0.1977060021579517,3.819123144858021e-06,1.127362041440221e-06,-2.6917611034178e-06,1.1538309213701892,1.0409647279246204,0.9021777069939366,1.6993947355030338e-05,4.856573337988382e-06,-1.2137374017041956e-05,1.1877252395042206,1.0473052404283874,0.8817730302196406,-2.1722930709096793e-05,-1.5815778389424e-05,5.907152319672794e-06,1.321891920969286,1.2154968141470557,0.9195143687535762,3.871687806412713e-05,2.0672351727412394e-05,-1.8044526336714737e-05,1.2450263264693564,1.117419140225565,0.8975058673778132,0.13843766200240992,0.0925196409077742,-0.04591802109463572,0.0010417188172435754,-0.010015031325359913,-0.011056750142603489,1.0021097988755785,0.980160765494777,0.9780971769720824,0.13843766200240992,0.0925196409077742,-0.04591802109463572,1.2646683112271235e-07,9.502878573094217e-09,-1.1696395254961813e-07,-5.5734532108665125,1.0962028349400208,-0.1977060021579517,3.819123144858021e-06,1.127362041440221e-06,-2.6917611034178e-06,1.1538309213701892,1.0409647279246204,0.9021777069939366,1.6993947355030338e-05,4.856573337988382e-06,-1.2137374017041956e-05,1.1877252395042206,1.0473052404283874,0.8817730302196406,-2.1722930709096793e-05,-1.5815778389424e-05,5.907152319672794e-06,1.321891920969286,1.2154968141470557,0.9195143687535762,3.871687806412713e-05,2.0672351727412394e-05,-1.8044526336714737e-05,1.2450263264693564,1.117419140225565,0.8975058673778132
-21.772131444693553,0.30251094057766703,-1.107908736264734e-07,2.628514018090702e-05,7.621139984798174e-05,-6.252025771658526e-05,0.000138731657564567,-21.70815090383139,0.34422985514650356,1.7448932373005923e-10,2.3668644254454182e-05,6.943982623157374e-05,-6.670699356745313e-05,0.00013614681979902686,-21.64264640033211,0.338275841600813,-3.372984499337247e-08,2.590473787404952e-05,8.36125386370873e-05,-7.135993753072098e-05,0.00015497247616780827,-21.38229257562894,0.5043416446054265,-1.107908736264734e-07,2.628514018090702e-05,7.621139984798174e-05,-6.252025771658526e-05,0.000138731657564567,-21.495695209800356,0.4555076276594505,1.7448932373005923e-10,2.3668644254454182e-05,6.943982623157374e-05,-6.670699356745313e-05,0.00013614681979902686,-21.378174559411093,0.4749642469704151,-3.372984499337247e-08,2.590473787404952e-05,8.36125386370873e-05,-7.135993753072098e-05,0.00015497247616780827,3.0,1.0,39.0,-0.06398054086216476,-0.12948504436144148,-0.06550450349927672,-0.04171891456883653,-0.035764901023145945,0.005954013545690584,0.8788050657635098,0.8942729668683284,1.0176010601754901,-0.06398054086216476,-0.12948504436144148,-0.06550450349927672,-1.1096536295020346e-07,-7.706102863310093e-08,3.390433431710253e-08,-403.62543839930316,3.294421180005655,-0.005188525958548021,2.6164959264528375e-06,3.8040230685749835e-07,-2.236093619595339e-06,1.1105422365599502,1.0146807445275876,0.9136766023988333,6.771573616408001e-06,-7.401138789105553e-06,-1.4172712405513554e-05,1.0975155646598178,0.9114818177042597,0.8304943769681843,4.186735850867873e-06,8.839679814135718e-06,4.652943963267845e-06,0.9372383328473479,0.87612668245874,0.9347974417505538,2.5848377655401282e-06,-1.6240818603241284e-05,-1.8825656368781413e-05,1.018984915482154,0.895201338166727,0.8785220144472761,0.11340263417141472,-0.004118016217848464,-0.11752065038926318,0.048834016945976,0.029377397635011404,-0.019456619310964596,1.1072079014048142,1.0618518082491715,0.959035612615111,0.11340263417141472,-0.004118016217848464,-0.11752065038926318,-1.1096536295020346e-07,-7.706102863310093e-08,3.390433431710253e-08,-403.62543839930316,3.294421180005655,-0.005188525958548021,2.6164959264528375e-06,3.8040230685749835e-07,-2.236093619595339e-06,1.1105422365599502,1.0146807445275876,0.9136766023988333,6.771573616408001e-06,-7.401138789105553e-06,-1.4172712405513554e-05,1.0975155646598178,0.9114818177042597,0.8304943769681843,4.186735850867873e-06,8.839679814135718e-06,4.652943963267845e-06,0.9372383328473479,0.87612668245874,0.9347974417505538,2.5848377655401282e-06,-1.6240818603241284e-05,-1.8825656368781413e-05,1.018984915482154,0.895201338166727,0.8785220144472761
-21.687266954800652,0.18871471056137093,1.9997905058466551e-07,3.1441237045942e-05,0.00011986314320472721,-9.451014708683989e-05,0.0002143732902915671,-21.75863534622818,0.21275019648514593,1.4497244915682013e-07,2.740615536800606e-05,9.954589078228784e-05,-8.209671259585223e-05,0.00018164260337814007,-21.600974845997197,0.2051740656927215,2.3167548541691653e-07,3.1031643381069756e-05,0.00011061628828511223,-8.69529620215093e-05,0.00019756925030662155,-20.877108660944096,0.5080032520113453,1.9997905058466551e-07,3.1441237045942e-05,0.00011986314320472721,-9.451014708683989e-05,0.0002143732902915671,-21.02626646236713,0.532593376340527,1.4497244915682013e-07,2.740615536800606e-05,9.954589078228784e-05,-8.209671259585223e-05,0.00018164260337814007,-20.875857945419863,0.492884064524772,2.3167548541691653e-07,3.1031643381069756e-05,0.00011061628828511223,-8.69529620215093e-05,0.00019756925030662155,3.0,0.0,40.0,0.07136839142752649,-0.08629210880345539,-0.15766050023098188,-0.024035485923774996,-0.016459355131350578,0.007576130792424418,0.8870248469351913,0.919778578409716,1.0369253816906774,0.07136839142752649,-0.08629210880345539,-0.15766050023098188,5.500660142784539e-08,-3.169643483225101e-08,-8.67030362600964e-08,1.3784771108985177,0.8628136415071863,0.6254865517638521,4.0350816779359376e-06,4.0959366487224166e-07,-3.625488013063696e-06,1.1472284930485745,1.0131959606601428,0.883165184484111,2.031725242243937e-05,9.246854919614986e-06,-1.1070397502824385e-05,1.2040981486323645,1.0835929925300183,0.8999199153538595,-1.2413434490987654e-05,-7.557185065330582e-06,4.856249425657072e-06,1.1512064152037231,1.0869124361135019,0.944151931141084,3.273068691342704e-05,1.6804039984945568e-05,-1.592664692848147e-05,1.1801921371170587,1.0850533747206557,0.91938655007083,0.14915780142303348,-0.001250715524232504,-0.15040851694726598,-0.024590124329181617,0.015119187486573316,0.03970931181575493,0.9538294588011507,1.0306749365047607,1.0805652171895337,0.14915780142303348,-0.001250715524232504,-0.15040851694726598,5.500660142784539e-08,-3.169643483225101e-08,-8.67030362600964e-08,1.3784771108985177,0.8628136415071863,0.6254865517638521,4.0350816779359376e-06,4.0959366487224166e-07,-3.625488013063696e-06,1.1472284930485745,1.0131959606601428,0.883165184484111,2.031725242243937e-05,9.246854919614986e-06,-1.1070397502824385e-05,1.2040981486323645,1.0835929925300183,0.8999199153538595,-1.2413434490987654e-05,-7.557185065330582e-06,4.856249425657072e-06,1.1512064152037231,1.0869124361135019,0.944151931141084,3.273068691342704e-05,1.6804039984945568e-05,-1.592664692848147e-05,1.1801921371170587,1.0850533747206557,0.91938655007083
-21.38905920656487,0.32148128390508124,8.495560367662352e-08,2.7919386481529317e-05,0.00010660635102515518,-9.733820912686864e-05,0.00020394456015202382,-21.58429080418857,0.29875725029977024,8.477984595249461e-08,2.6116345752229644e-05,0.00010111710948627291,-8.893070562152744e-05,0.00019004781510780037,-21.43613632708417,0.32061504085376924,9.595870921129453e-08,2.7452936176908558e-05,9.890615459470418e-05,-9.158591959071351e-05,0.0001904920741854177,-21.153342984937183,0.4275837447619266,8.495560367662352e-08,2.7919386481529317e-05,0.00010660635102515518,-9.733820912686864e-05,0.00020394456015202382,-21.257684060505497,0.4499107196271358,8.477984595249461e-08,2.6116345752229644e-05,0.00010111710948627291,-8.893070562152744e-05,0.00019004781510780037,-21.236659382674453,0.4095331822882516,9.595870921129453e-08,2.7452936176908558e-05,9.890615459470418e-05,-9.158591959071351e-05,0.0001904920741854177,3.0,1.0,41.0,0.19523159762369957,0.04707712051930102,-0.14815447710439855,0.022724033605311,0.000866243051311999,-0.021857790553999,1.0760618645234676,1.0027018163238228,0.931825435921608,0.19523159762369957,0.04707712051930102,-0.14815447710439855,1.7575772412890966e-10,-1.1003105534671012e-08,-1.1178863258799922e-08,1.0008925290011874,0.8844133381987449,0.882583647527571,1.8030407292996728e-06,4.6645030462075894e-07,-1.3365904246789139e-06,1.0690346897278604,1.0169872032228267,0.9513099237525051,5.4892415388822666e-06,7.700196430451004e-06,2.2109548915687374e-06,1.0542849389017945,1.0778524721414666,1.0223530342001963,-8.407503505341197e-06,-5.752289536155124e-06,2.6552139691860726e-06,1.0945411700120702,1.0628087356957865,0.9710095516854959,1.389674504422345e-05,1.3452485966606128e-05,-4.4425907761732166e-07,1.073121796870757,1.0706191003600605,0.9976673105889127,0.10434107556831407,0.08331639773727062,-0.021024677831043448,-0.02232697486520918,0.018050562473675036,0.04037753733888422,0.9503746543786505,1.0440759458572089,1.0985940553178544,0.10434107556831407,0.08331639773727062,-0.021024677831043448,1.7575772412890966e-10,-1.1003105534671012e-08,-1.1178863258799922e-08,1.0008925290011874,0.8844133381987449,0.882583647527571,1.8030407292996728e-06,4.6645030462075894e-07,-1.3365904246789139e-06,1.0690346897278604,1.0169872032228267,0.9513099237525051,5.4892415388822666e-06,7.700196430451004e-06,2.2109548915687374e-06,1.0542849389017945,1.0778524721414666,1.0223530342001963,-8.407503505341197e-06,-5.752289536155124e-06,2.6552139691860726e-06,1.0945411700120702,1.0628087356957865,0.9710095516854959,1.389674504422345e-05,1.3452485966606128e-05,-4.4425907761732166e-07,1.073121796870757,1.0706191003600605,0.9976673105889127
-21.51308787349549,0.35433104158728285,1.1821129780332973e-07,2.4709642794029775e-05,7.57258171422973e-05,-6.411199106393903e-05,0.00013983780820623633,-21.88262006197522,0.2742829902944286,1.3243416929826556e-07,2.184364359591019e-05,5.7907338386381415e-05,-6.670057597112928e-05,0.0001246079143575107,-21.4918753141955,0.3687093498311424,1.3376429678010204e-07,2.4174694737357987e-05,6.790062060055667e-05,-6.599985498927682e-05,0.0001339004755898335,-21.327356342440996,0.44708291425098207,1.1821129780332973e-07,2.4709642794029775e-05,7.57258171422973e-05,-6.411199106393903e-05,0.00013983780820623633,-21.443417574539183,0.4963262666764187,1.3243416929826556e-07,2.184364359591019e-05,5.7907338386381415e-05,-6.670057597112928e-05,0.0001246079143575107,-21.37551830606125,0.4267180384502593,1.3376429678010204e-07,2.4174694737357987e-05,6.790062060055667e-05,-6.599985498927682e-05,0.0001339004755898335,3.0,0.0,42.0,0.3695321884797309,-0.021212559299989664,-0.39074474777972057,0.08004805129285425,-0.01437830824385955,-0.0944263595367138,1.2918447515747962,0.9610036785165748,0.7439002844534639,0.3695321884797309,-0.021212559299989664,-0.39074474777972057,-1.4222871494935833e-08,-1.555299897677231e-08,-1.3301274818364756e-09,0.8919307257081568,0.8830681566834405,0.9893165876470726,2.8659991981195867e-06,5.349480566717882e-07,-2.3310511414477985e-06,1.1312000017550183,1.0221242026036843,0.903571005802775,1.781847875591589e-05,7.825196541740633e-06,-9.993282214175258e-06,1.3077044893097256,1.1152432032021247,0.8528236206363129,2.588584907190251e-06,1.8878639253377938e-06,-7.00720981852457e-07,0.9611924072579233,0.9713974101018328,1.0106185391440667,1.5229893848725626e-05,5.937332616402839e-06,-9.292561232322787e-06,1.1222216237635412,1.044340605634063,0.9306002891220705,0.1160612320981862,0.04816196362025238,-0.06789926847793382,-0.04924335242543665,0.02036487580072277,0.06960822822615942,0.9007843110031906,1.0477244312659264,1.1631246439982894,0.1160612320981862,0.04816196362025238,-0.06789926847793382,-1.4222871494935833e-08,-1.555299897677231e-08,-1.3301274818364756e-09,0.8919307257081568,0.8830681566834405,0.9893165876470726,2.8659991981195867e-06,5.349480566717882e-07,-2.3310511414477985e-06,1.1312000017550183,1.0221242026036843,0.903571005802775,1.781847875591589e-05,7.825196541740633e-06,-9.993282214175258e-06,1.3077044893097256,1.1152432032021247,0.8528236206363129,2.588584907190251e-06,1.8878639253377938e-06,-7.00720981852457e-07,0.9611924072579233,0.9713974101018328,1.0106185391440667,1.5229893848725626e-05,5.937332616402839e-06,-9.292561232322787e-06,1.1222216237635412,1.044340605634063,0.9306002891220705
-21.338164583003262,0.3102602560934161,9.704798791846778e-08,2.722995476373065e-05,8.559258518048269e-05,-8.166253733645431e-05,0.000167255122516937,-21.725724604478508,0.2292003143337774,1.4172936221872103e-07,2.5143945512646272e-05,8.81906780836583e-05,-7.839724964240984e-05,0.00016658792772606814,-21.437183850456414,0.27632351201412014,1.7181748932966282e-07,2.703473146377783e-05,8.116442661305467e-05,-8.317152990872464e-05,0.0001643359565217793,-21.0123004561634,0.45690183826770353,9.704798791846778e-08,2.722995476373065e-05,8.559258518048269e-05,-8.166253733645431e-05,0.000167255122516937,-21.104661864780468,0.5004290456889358,1.4172936221872103e-07,2.5143945512646272e-05,8.81906780836583e-05,-7.839724964240984e-05,0.00016658792772606814,-21.025186248559795,0.4533501749114096,1.7181748932966282e-07,2.703473146377783e-05,8.116442661305467e-05,-8.317152990872464e-05,0.0001643359565217793,3.0,1.0,43.0,0.38756002147524526,0.09901926745315137,-0.2885407540220939,0.08105994175963871,0.03393674407929598,-0.04712319768034273,1.353664181743779,1.122815259981497,0.8294636695234204,0.38756002147524526,0.09901926745315137,-0.2885407540220939,-4.4681374300253256e-08,-7.476950141119505e-08,-3.008812711094179e-08,0.6842587909886105,0.564503287576356,0.8244033970676822,2.0860092510843787e-06,1.9522329995282247e-07,-1.8907859511315562e-06,1.0829583787555295,1.0072174779492986,0.9300574167194262,-2.5980929031756085e-06,4.42815856742802e-06,7.026251470603628e-06,0.9705389502209524,1.0545565748019259,1.0865667769381597,-3.265287694044467e-06,1.5089925722703331e-06,4.7742802663148e-06,1.041651867560731,0.9818580421915765,0.9425983144505972,6.671947908688585e-07,2.9191659951576865e-06,2.251971204288828e-06,1.0040044581833083,1.0177627847286868,1.0137028431371078,0.09236140861706943,0.012885792396396312,-0.07947561622067312,-0.04352720742123223,0.0035516633562939215,0.04707887077752615,0.913020221572849,1.0078342602519224,1.1038465920440887,0.09236140861706943,0.012885792396396312,-0.07947561622067312,-4.4681374300253256e-08,-7.476950141119505e-08,-3.008812711094179e-08,0.6842587909886105,0.564503287576356,0.8244033970676822,2.0860092510843787e-06,1.9522329995282247e-07,-1.8907859511315562e-06,1.0829583787555295,1.0072174779492986,0.9300574167194262,-2.5980929031756085e-06,4.42815856742802e-06,7.026251470603628e-06,0.9705389502209524,1.0545565748019259,1.0865667769381597,-3.265287694044467e-06,1.5089925722703331e-06,4.7742802663148e-06,1.041651867560731,0.9818580421915765,0.9425983144505972,6.671947908688585e-07,2.9191659951576865e-06,2.251971204288828e-06,1.0040044581833083,1.0177627847286868,1.0137028431371078
-20.589191380731172,0.5008732514310926,1.3539987196770376e-08,3.323041334776819e-05,0.00011580255012474109,-9.79057351635242e-05,0.0002137082852882653,-22.023880460658784,0.16890010728940208,-6.407613097348446e-08,2.8025917948661694e-05,0.00010972888525701266,-7.806723515965662e-05,0.0001877961204166693,-21.542728659163345,0.26152569859739166,-7.637237940432189e-08,3.0099740664571387e-05,0.00012142509157392785,-8.494475723402141e-05,0.00020636984880794925,-21.223977475411445,0.24292946664669432,1.3539987196770376e-08,3.323041334776819e-05,0.00011580255012474109,-9.79057351635242e-05,0.0002137082852882653,-21.365756538890547,0.4174192353078854,-6.407613097348446e-08,2.8025917948661694e-05,0.00010972888525701266,-7.806723515965662e-05,0.0001877961204166693,-21.310930186012037,0.3497750001031527,-7.637237940432189e-08,3.0099740664571387e-05,0.00012142509157392785,-8.494475723402141e-05,0.00020636984880794925,3.0,0.0,44.0,1.4346890799276117,0.9535372784321723,-0.48115180149543946,0.33197314414169055,0.23934755283370096,-0.09262559130798959,2.9654998991582686,1.9151970683028257,0.6458260435997704,1.4346890799276117,0.9535372784321723,-0.48115180149543946,7.761611817025484e-08,8.991236660109227e-08,1.2296248430837425e-08,-0.2116412322961849,-0.17752149995209338,0.8400961327535779,5.204495399106496e-06,3.1306726831968027e-06,-2.073822715909693e-06,1.1856987106994634,1.1040062875442926,0.931098548360398,6.073664867728426e-06,-5.622541449186764e-06,-1.169620631691519e-05,1.0553505972328334,0.9536946050790169,0.9036747962650397,-1.9838500003867583e-05,-1.2960977929502796e-05,6.877522074364787e-06,1.2541223008029598,1.1525826149818368,0.9190364373898456,2.591216487159601e-05,7.338436480316046e-06,-1.8573728391279963e-05,1.1379796931700974,1.0355591331136356,0.9099974172665758,0.14177906347910252,0.08695271060059184,-0.054826352878510676,-0.17448976866119106,-0.10684553345645839,0.06764423520473267,0.5819795688363842,0.6945306740207234,1.1933935674803637,0.14177906347910252,0.08695271060059184,-0.054826352878510676,7.761611817025484e-08,8.991236660109227e-08,1.2296248430837425e-08,-0.2116412322961849,-0.17752149995209338,0.8400961327535779,5.204495399106496e-06,3.1306726831968027e-06,-2.073822715909693e-06,1.1856987106994634,1.1040062875442926,0.931098548360398,6.073664867728426e-06,-5.622541449186764e-06,-1.169620631691519e-05,1.0553505972328334,0.9536946050790169,0.9036747962650397,-1.9838500003867583e-05,-1.2960977929502796e-05,6.877522074364787e-06,1.2541223008029598,1.1525826149818368,0.9190364373898456,2.591216487159601e-05,7.338436480316046e-06,-1.8573728391279963e-05,1.1379796931700974,1.0355591331136356,0.9099974172665758
-22.301281948085425,0.10862387756415312,1.545010043308514e-07,2.5222072096333373e-05,7.121027848157831e-05,-8.695099802552759e-05,0.0001581612765071059,-22.037891776711206,0.1755500132755608,1.0792746086947286e-07,2.3577380267711706e-05,6.548297063770474e-05,-7.079232595749406e-05,0.0001362752965951988,-22.135805746902257,0.15700037375343567,1.2269735360342983e-07,2.4277414527215354e-05,7.0846856622418e-05,-7.096813563122836e-05,0.00014181499225364636,-20.991709840822647,0.6785596196634948,1.545010043308514e-07,2.5222072096333373e-05,7.121027848157831e-05,-8.695099802552759e-05,0.0001581612765071059,-21.195758139950925,0.5451055551018162,1.0792746086947286e-07,2.3577380267711706e-05,6.548297063770474e-05,-7.079232595749406e-05,0.0001362752965951988,-21.130617459741263,0.6185002417176892,1.2269735360342983e-07,2.4277414527215354e-05,7.0846856622418e-05,-7.096813563122836e-05,0.00014181499225364636,3.0,1.0,45.0,-0.26339017137421905,-0.16547620118316786,0.09791397019105119,-0.06692613571140768,-0.04837649618928255,0.018549639522125128,0.6187631403466198,0.691870184115336,1.11815028822442,-0.26339017137421905,-0.16547620118316786,0.09791397019105119,4.657354346137853e-08,3.180365072742156e-08,-1.4769892733956972e-08,1.4302012015031202,1.2581786153943308,0.8789070586815835,1.6446918286216664e-06,9.44657569118019e-07,-7.000342595036474e-07,1.0697526542254756,1.0389066833039748,0.9711612052082683,5.72730784387357e-06,3.634218591603124e-07,-5.363885984713257e-06,1.0874608931453482,1.005128263463689,0.9242877006940348,-1.6158672068033525e-05,-1.5982862394299226e-05,1.7580967373429955e-07,1.2282563070941683,1.2252135380687663,0.9975241012073753,2.1885979911907095e-05,1.6346284253459538e-05,-5.539695658447557e-06,1.1606003758471406,1.1152640667061247,0.960936487291922,0.20404829912827793,0.13890761891861558,-0.06514068020966235,0.13345406456167852,0.060059377945805514,-0.073394686615873,1.24482242602035,1.0971048575006197,0.8813344251892677,0.20404829912827793,0.13890761891861558,-0.06514068020966235,4.657354346137853e-08,3.180365072742156e-08,-1.4769892733956972e-08,1.4302012015031202,1.2581786153943308,0.8789070586815835,1.6446918286216664e-06,9.44657569118019e-07,-7.000342595036474e-07,1.0697526542254756,1.0389066833039748,0.9711612052082683,5.72730784387357e-06,3.634218591603124e-07,-5.363885984713257e-06,1.0874608931453482,1.005128263463689,0.9242877006940348,-1.6158672068033525e-05,-1.5982862394299226e-05,1.7580967373429955e-07,1.2282563070941683,1.2252135380687663,0.9975241012073753,2.1885979911907095e-05,1.6346284253459538e-05,-5.539695658447557e-06,1.1606003758471406,1.1152640667061247,0.960936487291922
-22.081661922799036,0.16655841417937575,2.5457430147896946e-07,2.572862044392645e-05,0.0001079040373318457,-8.268717572771495e-05,0.00019059121305956065,-22.17261754545375,0.17818676188754512,2.0940136583713495e-07,2.500282404387916e-05,0.00011438080870418143,-8.250287215996526e-05,0.0001968836808641467,-22.110911928604963,0.1644709691180469,2.889376791423099e-07,2.6638184630619646e-05,0.00011411531245034712,-7.981583785980567e-05,0.00019393115031015278,-21.341461077278797,0.46542237980176465,2.5457430147896946e-07,2.572862044392645e-05,0.0001079040373318457,-8.268717572771495e-05,0.00019059121305956065,-21.482879382010665,0.4865226331757031,2.0940136583713495e-07,2.500282404387916e-05,0.00011438080870418143,-8.250287215996526e-05,0.0001968836808641467,-21.478614855849933,0.4064419069933227,2.889376791423099e-07,2.6638184630619646e-05,0.00011411531245034712,-7.981583785980567e-05,0.00019393115031015278,3.0,0.0,46.0,0.09095562265471457,0.029250005805927515,-0.06170561684878706,-0.011628347708169368,0.002087445061328852,0.01371579276949822,0.9347406750172487,1.0126918748716158,1.0833933960182027,0.09095562265471457,0.029250005805927515,-0.06170561684878706,4.517293564183451e-08,-3.4363377663340425e-08,-7.953631330517494e-08,1.2151438748942283,0.8807651038245012,0.7244777444190402,7.257964000472894e-07,-9.095641866931974e-07,-1.6353605867404868e-06,1.029024461249961,0.9658512475819266,0.9386048835569318,-6.476771372335727e-06,-6.211275118501411e-06,2.654962538343157e-07,0.9433745417333012,0.9455693583791406,1.0023256828165066,-1.8430356774968345e-07,-2.8713378679092757e-06,-2.687034300159592e-06,1.0022351196562478,1.0359758356547788,1.0336667225313316,-6.292467804586057e-06,-3.339937250592122e-06,2.952530553993935e-06,0.9680391763254077,0.9827772097315393,1.0152241093133372,0.141418304731868,0.1371537785711361,-0.0042645261607319185,-0.02110025337393845,0.05898047280844193,0.08008072618238038,0.9566304791785887,1.1451141520574046,1.197028713537635,0.141418304731868,0.1371537785711361,-0.0042645261607319185,4.517293564183451e-08,-3.4363377663340425e-08,-7.953631330517494e-08,1.2151438748942283,0.8807651038245012,0.7244777444190402,7.257964000472894e-07,-9.095641866931974e-07,-1.6353605867404868e-06,1.029024461249961,0.9658512475819266,0.9386048835569318,-6.476771372335727e-06,-6.211275118501411e-06,2.654962538343157e-07,0.9433745417333012,0.9455693583791406,1.0023256828165066,-1.8430356774968345e-07,-2.8713378679092757e-06,-2.687034300159592e-06,1.0022351196562478,1.0359758356547788,1.0336667225313316,-6.292467804586057e-06,-3.339937250592122e-06,2.952530553993935e-06,0.9680391763254077,0.9827772097315393,1.0152241093133372
-21.841625874544086,0.24753574808574058,1.0263803629938452e-07,2.529278182385264e-05,8.155050431249726e-05,-7.334795894535521e-05,0.00015489846325785248,-22.00647663216509,0.19688451548518354,9.895046964823867e-08,2.4425638829969173e-05,7.397331089311037e-05,-8.197402624021414e-05,0.00015594733713332452,-21.765553017917505,0.2681042224958484,1.1417477342449372e-07,2.6054825709395848e-05,7.936381119296114e-05,-8.301920399765919e-05,0.00016238301519062035,-21.142938599597958,0.6081698209916911,1.0263803629938452e-07,2.529278182385264e-05,8.155050431249726e-05,-7.334795894535521e-05,0.00015489846325785248,-21.201735180084768,0.5776423470909822,9.895046964823867e-08,2.4425638829969173e-05,7.397331089311037e-05,-8.197402624021414e-05,0.00015594733713332452,-21.196182918900114,0.5551901592930932,1.1417477342449372e-07,2.6054825709395848e-05,7.936381119296114e-05,-8.301920399765919e-05,0.00016238301519062035,3.0,1.0,47.0,0.16485075762100365,-0.07607285662658114,-0.2409236142475848,0.05065123260055704,-0.02056847441010784,-0.07121970701066488,1.2572636672315778,0.923281795747344,0.7343581297560372,0.16485075762100365,-0.07607285662658114,-0.2409236142475848,3.687566651145845e-09,-1.1536737125109206e-08,-1.522430377625505e-08,1.0362195824400076,0.89816880159646,0.8658995041772674,8.671429938834682e-07,-7.620438855432068e-07,-1.629186879426675e-06,1.0354971040965872,0.9707485680809919,0.9374672222212813,7.577193419386883e-06,2.1866931195361133e-06,-5.39050029985077e-06,1.1024299586554902,1.0275514788355093,0.9320774364717945,8.62606729485893e-06,9.67124505230398e-06,1.0451777574450492e-06,0.894771817204636,0.8835069931304406,0.9874115991727094,-1.0488738754720333e-06,-7.484551932767866e-06,-6.435678057295833e-06,0.9932735420680544,0.9539074495277314,0.9603667040767082,0.0587965804868098,0.053244319302155674,-0.005552261184654128,0.03052747390070898,0.05297966169859791,0.022452187797888934,1.0528483999643743,1.0954261539082621,1.0404405361262752,0.0587965804868098,0.053244319302155674,-0.005552261184654128,3.687566651145845e-09,-1.1536737125109206e-08,-1.522430377625505e-08,1.0362195824400076,0.89816880159646,0.8658995041772674,8.671429938834682e-07,-7.620438855432068e-07,-1.629186879426675e-06,1.0354971040965872,0.9707485680809919,0.9374672222212813,7.577193419386883e-06,2.1866931195361133e-06,-5.39050029985077e-06,1.1024299586554902,1.0275514788355093,0.9320774364717945,8.62606729485893e-06,9.67124505230398e-06,1.0451777574450492e-06,0.894771817204636,0.8835069931304406,0.9874115991727094,-1.0488738754720333e-06,-7.484551932767866e-06,-6.435678057295833e-06,0.9932735420680544,0.9539074495277314,0.9603667040767082
-21.81667045643127,0.23743200912328988,2.3369734641986427e-07,2.659262928972139e-05,0.00010062848460361373,-8.181985023677566e-05,0.0001824483348403894,-21.986829815492662,0.21648407268652917,2.132378933928514e-07,2.5330246843430648e-05,0.00010534418497366528,-7.748764667881789e-05,0.00018283183165248315,-21.881873776857418,0.23436366784622573,1.7101347892357414e-07,2.597240558012116e-05,0.00010853359144177567,-8.661361402517243e-05,0.0001951472054669481,-21.134172303981302,0.5686974487461033,2.3369734641986427e-07,2.659262928972139e-05,0.00010062848460361373,-8.181985023677566e-05,0.0001824483348403894,-21.289472860654925,0.5543220448651166,2.132378933928514e-07,2.5330246843430648e-05,0.00010534418497366528,-7.748764667881789e-05,0.00018283183165248315,-21.273949443872628,0.5220914461290961,1.7101347892357414e-07,2.597240558012116e-05,0.00010853359144177567,-8.661361402517243e-05,0.0001951472054669481,3.0,0.0,48.0,0.17015935906139035,0.0652033204261464,-0.10495603863524394,0.02094793643676071,0.0030683412770641516,-0.01787959515969656,1.0967643303598462,1.0130922220323337,0.9237100382649797,0.17015935906139035,0.0652033204261464,-0.10495603863524394,2.0459453027012874e-08,6.268386749629013e-08,4.222441446927726e-08,1.0954328961593425,1.3657448138509445,1.2461782364210574,1.262382446290744e-06,6.202237096002329e-07,-6.421587366905112e-07,1.0498328133480774,1.0238761604146065,0.9752715911559151,-4.7157003700515435e-06,-7.905106838161934e-06,-3.18940646811039e-06,0.9552343976587774,0.9271635679838386,0.9706127523560605,-4.332203557957774e-06,4.793763788396766e-06,9.12596734635454e-06,1.0559096750851458,0.9446545514017178,0.8946369114673918,-3.8349681209375605e-07,-1.26988706265587e-05,-1.2315373814464944e-05,0.9979019156630534,0.9349262312581123,0.9368913970654296,0.1553005566736232,0.13977713989132567,-0.015523416782297517,0.014375403880986681,0.0466060026170072,0.03223059873602052,1.0259333070217176,1.089267891388813,1.0617336270663158,0.1553005566736232,0.13977713989132567,-0.015523416782297517,2.0459453027012874e-08,6.268386749629013e-08,4.222441446927726e-08,1.0954328961593425,1.3657448138509445,1.2461782364210574,1.262382446290744e-06,6.202237096002329e-07,-6.421587366905112e-07,1.0498328133480774,1.0238761604146065,0.9752715911559151,-4.7157003700515435e-06,-7.905106838161934e-06,-3.18940646811039e-06,0.9552343976587774,0.9271635679838386,0.9706127523560605,-4.332203557957774e-06,4.793763788396766e-06,9.12596734635454e-06,1.0559096750851458,0.9446545514017178,0.8946369114673918,-3.8349681209375605e-07,-1.26988706265587e-05,-1.2315373814464944e-05,0.9979019156630534,0.9349262312581123,0.9368913970654296
-21.605664456756518,0.2812095841211973,1.4005872760364625e-07,2.54095250050277e-05,8.719164690018683e-05,-7.752389923183236e-05,0.00016471554613201918,-21.752165077336358,0.2971492784390724,1.63544974902299e-07,2.2280731674163744e-05,9.834846718521513e-05,-7.25941032883219e-05,0.00017094257047353703,-21.64688407987856,0.2765128545189407,2.2606860470961705e-07,2.508000257900258e-05,8.380774748571969e-05,-8.207572409415152e-05,0.0001658834715798712,-21.285987270616683,0.4208938925327888,1.4005872760364625e-07,2.54095250050277e-05,8.719164690018683e-05,-7.752389923183236e-05,0.00016471554613201918,-21.502791134838823,0.41400427373472887,1.63544974902299e-07,2.2280731674163744e-05,9.834846718521513e-05,-7.25941032883219e-05,0.00017094257047353703,-21.41475032641451,0.37308240115901403,2.2606860470961705e-07,2.508000257900258e-05,8.380774748571969e-05,-8.207572409415152e-05,0.0001658834715798712,3.0,1.0,49.0,0.1465006205798396,0.04121962312204275,-0.10528099745779684,-0.01593969431787512,0.0046967296022565885,0.020636423920131708,0.9463579568618095,1.0169855738125777,1.0746309745656148,0.1465006205798396,0.04121962312204275,-0.10528099745779684,-2.348624729865275e-08,-8.60098771059708e-08,-6.252362980731805e-08,0.8558694068501984,0.619266886239453,0.7231108628550725,3.1287933308639547e-06,3.2952242602511856e-07,-2.799270904838836e-06,1.1404208503801905,1.0131348117491719,0.888382796839814,-1.1156820285028297e-05,3.3838994144671434e-06,1.454071969949544e-05,0.8865573683039327,1.0403756869551355,1.1734995007713696,-4.929795943510462e-06,4.5518248623191594e-06,9.481620805829621e-06,1.0679105121662786,0.9445423057996155,0.8844782368641745,-6.227024341517849e-06,-1.1679254478520295e-06,5.059098893665819e-06,0.9635718552642955,0.9929587635669537,1.0304972870157305,0.2168038642221397,0.1287630557978261,-0.08804080842431361,0.006889618798059938,0.04781149137377477,0.040921872575714835,1.0166414192642135,1.12815263092665,1.109685882629732,0.2168038642221397,0.1287630557978261,-0.08804080842431361,-2.348624729865275e-08,-8.60098771059708e-08,-6.252362980731805e-08,0.8558694068501984,0.619266886239453,0.7231108628550725,3.1287933308639547e-06,3.2952242602511856e-07,-2.799270904838836e-06,1.1404208503801905,1.0131348117491719,0.888382796839814,-1.1156820285028297e-05,3.3838994144671434e-06,1.454071969949544e-05,0.8865573683039327,1.0403756869551355,1.1734995007713696,-4.929795943510462e-06,4.5518248623191594e-06,9.481620805829621e-06,1.0679105121662786,0.9445423057996155,0.8844782368641745,-6.227024341517849e-06,-1.1679254478520295e-06,5.059098893665819e-06,0.9635718552642955,0.9929587635669537,1.0304972870157305
-21.525062267227245,0.31323160824903956,1.591521234619981e-07,2.7200019159584947e-05,0.00012687250604117184,-6.191520684055599e-05,0.00018878771288172782,-21.8927565292194,0.25092548753338334,2.1097027380588292e-07,2.4043397303295847e-05,0.0001017370466439832,-6.890965893812732e-05,0.00017064670558211053,-21.578081943773434,0.30662973479978656,2.550613041921694e-07,2.7095770639352497e-05,0.00012548091946837044,-6.51806172245118e-05,0.00019066153669288226,-21.26506545727343,0.4329241659546634,1.591521234619981e-07,2.7200019159584947e-05,0.00012687250604117184,-6.191520684055599e-05,0.00018878771288172782,-21.37029199951451,0.5048908754787313,2.1097027380588292e-07,2.4043397303295847e-05,0.0001017370466439832,-6.890965893812732e-05,0.00017064670558211053,-21.36185926095564,0.4033918616862594,2.550613041921694e-07,2.7095770639352497e-05,0.00012548091946837044,-6.51806172245118e-05,0.00019066153669288226,3.0,0.0,50.0,0.36769426199215616,0.053019676546188776,-0.3146745854459674,0.06230612071565622,0.006601873449253004,-0.05570424726640322,1.2483052686409004,1.0215304407819765,0.8183338371126707,0.36769426199215616,0.053019676546188776,-0.3146745854459674,-5.1818150343884824e-08,-9.590918073017131e-08,-4.409103038628649e-08,0.7540243379243782,0.6237314234063328,0.8268113947520627,3.1566218562891e-06,1.0424852023245001e-07,-3.05237333605665e-06,1.1312838068635052,1.003843704511978,0.8873454417949792,2.5135459397188648e-05,1.3915865728013994e-06,-2.374387282438725e-05,1.2470617687475234,1.0110892195385146,0.8107763793680979,6.994452097571329e-06,3.2654103839558116e-06,-3.729041713615517e-06,0.8984995375771968,0.9499035828036071,1.0572125210478251,1.8141007299617292e-05,-1.8738238111544393e-06,-2.001483111077173e-05,1.1063067500017654,0.990171468976882,0.8950238157086011,0.10522654224108052,0.09679380368221047,-0.008432738558870057,-0.07196670952406797,0.029532304268403975,0.10149901379247195,0.8574608631190331,1.0732099652125653,1.251613935003607,0.10522654224108052,0.09679380368221047,-0.008432738558870057,-5.1818150343884824e-08,-9.590918073017131e-08,-4.409103038628649e-08,0.7540243379243782,0.6237314234063328,0.8268113947520627,3.1566218562891e-06,1.0424852023245001e-07,-3.05237333605665e-06,1.1312838068635052,1.003843704511978,0.8873454417949792,2.5135459397188648e-05,1.3915865728013994e-06,-2.374387282438725e-05,1.2470617687475234,1.0110892195385146,0.8107763793680979,6.994452097571329e-06,3.2654103839558116e-06,-3.729041713615517e-06,0.8984995375771968,0.9499035828036071,1.0572125210478251,1.8141007299617292e-05,-1.8738238111544393e-06,-2.001483111077173e-05,1.1063067500017654,0.990171468976882,0.8950238157086011
-21.360458209204072,0.37416458656523854,-1.553960887045795e-08,2.5319691469921122e-05,8.905209330324927e-05,-6.45968632634204e-05,0.00015364895656666967,-21.81932941411077,0.3028438577830013,1.0534739165915299e-07,2.0475867638642013e-05,5.2965192926123365e-05,-5.7220282093296555e-05,0.00011018547501941992,-21.410523433154076,0.40499634814507,9.464985928826033e-09,2.375494659122826e-05,7.350594739925122e-05,-6.731213793822917e-05,0.00014081808533748037,-21.379351459233582,0.36552854620034947,-1.553960887045795e-08,2.5319691469921122e-05,8.905209330324927e-05,-6.45968632634204e-05,0.00015364895656666967,-21.69791813791309,0.35863137924538757,1.0534739165915299e-07,2.0475867638642013e-05,5.2965192926123365e-05,-5.7220282093296555e-05,0.00011018547501941992,-21.580597551116565,0.3259367853402871,9.464985928826033e-09,2.375494659122826e-05,7.350594739925122e-05,-6.731213793822917e-05,0.00014081808533748037,3.0,1.0,51.0,0.4588712049066963,0.05006522395000346,-0.40880598095669285,0.07132072878223722,-0.030831761579831474,-0.10215249036206869,1.2355033025295523,0.9238715069569599,0.7477693542059927,0.4588712049066963,0.05006522395000346,-0.40880598095669285,-1.2088700052961094e-07,-2.5004594799283984e-08,9.588240573032696e-08,-0.14736835711107976,-1.6246347863017943,11.013857463361989,4.843823831279109e-06,1.5647448786928628e-06,-3.2790789525862463e-06,1.236556528939716,1.0658657886729055,0.8619586393992967,3.6086900377125904e-05,1.5546145903998047e-05,-2.0540754473127856e-05,1.6813291947136064,1.2114934274667095,0.7205555842016735,-7.376581170123845e-06,2.715274674808767e-06,1.0091855844932611e-05,1.1289174710785836,0.9596628662870016,0.8500750214368252,4.346348154724975e-05,1.2830871229189294e-05,-3.0632610318060454e-05,1.3944561848462418,1.0911158682981141,0.782466233003592,0.31856667867950605,0.20124609188298237,-0.11732058679652368,0.0068971669549618975,0.039591760860062386,0.03269459390510049,1.019231911238641,1.1214706732367763,1.1003096160531112,0.31856667867950605,0.20124609188298237,-0.11732058679652368,-1.2088700052961094e-07,-2.5004594799283984e-08,9.588240573032696e-08,-0.14736835711107976,-1.6246347863017943,11.013857463361989,4.843823831279109e-06,1.5647448786928628e-06,-3.2790789525862463e-06,1.236556528939716,1.0658657886729055,0.8619586393992967,3.6086900377125904e-05,1.5546145903998047e-05,-2.0540754473127856e-05,1.6813291947136064,1.2114934274667095,0.7205555842016735,-7.376581170123845e-06,2.715274674808767e-06,1.0091855844932611e-05,1.1289174710785836,0.9596628662870016,0.8500750214368252,4.346348154724975e-05,1.2830871229189294e-05,-3.0632610318060454e-05,1.3944561848462418,1.0911158682981141,0.782466233003592
-21.420959736205052,0.3487225182167896,1.2735780636604924e-07,2.4871708059618688e-05,9.176240623524833e-05,-6.651533527730273e-05,0.00015827774151255106,-21.626722901489163,0.3209963816888862,1.076546723881614e-08,2.2649425313321863e-05,9.32743801789091e-05,-5.9455678484955846e-05,0.00015273005866386495,-21.40348419662106,0.3364349076616043,2.3252608255667327e-08,2.467538460518957e-05,0.00010007640015055989,-7.184055353410331e-05,0.00017191695368466318,-21.407689438388893,0.35455227625152236,1.2735780636604924e-07,2.4871708059618688e-05,9.176240623524833e-05,-6.651533527730273e-05,0.00015827774151255106,-21.527807645345593,0.3653078646705105,1.076546723881614e-08,2.2649425313321863e-05,9.32743801789091e-05,-5.9455678484955846e-05,0.00015273005866386495,-21.512813157084143,0.2930209265014141,2.3252608255667327e-08,2.467538460518957e-05,0.00010007640015055989,-7.184055353410331e-05,0.00017191695368466318,3.0,0.0,52.0,0.20576316528411098,-0.01747553958399095,-0.22323870486810193,0.0277261365279034,0.012287610555185347,-0.015438525972718053,1.086375230379196,1.0365229950035157,0.9541114024836634,0.20576316528411098,-0.01747553958399095,-0.22323870486810193,1.165923391272331e-07,1.0410519811038191e-07,-1.2487141016851188e-08,11.721337294274118,5.453686584886783,0.4609963529963948,2.2222827462968247e-06,1.9632345442911693e-07,-2.0259592918677077e-06,1.0981116696953377,1.007952162138605,0.9178918135029615,-1.5119739436607663e-06,-8.313993915311558e-06,-6.8020199716507915e-06,0.9837889855750419,0.9169226151713596,0.9320307968262544,-7.059656792346883e-06,5.3252182568005796e-06,1.2384875049147463e-05,1.1187400235981764,0.9258757706161654,0.8276072262925191,5.547682848686103e-06,-1.3639212172112124e-05,-1.9186895020798227e-05,1.0363227727727007,0.9206634136649999,0.8883938817611907,0.12011820695670039,0.10512371869524983,-0.014994488261450556,-0.01075558841898816,0.061531349750108266,0.07228693816909643,0.970557467943525,1.209989608468501,1.246695479764917,0.12011820695670039,0.10512371869524983,-0.014994488261450556,1.165923391272331e-07,1.0410519811038191e-07,-1.2487141016851188e-08,11.721337294274118,5.453686584886783,0.4609963529963948,2.2222827462968247e-06,1.9632345442911693e-07,-2.0259592918677077e-06,1.0981116696953377,1.007952162138605,0.9178918135029615,-1.5119739436607663e-06,-8.313993915311558e-06,-6.8020199716507915e-06,0.9837889855750419,0.9169226151713596,0.9320307968262544,-7.059656792346883e-06,5.3252182568005796e-06,1.2384875049147463e-05,1.1187400235981764,0.9258757706161654,0.8276072262925191,5.547682848686103e-06,-1.3639212172112124e-05,-1.9186895020798227e-05,1.0363227727727007,0.9206634136649999,0.8883938817611907
-21.070725798735012,0.4044894258886064,-8.462909007729837e-08,2.7729894516092344e-05,0.00010941493191474143,-7.613086306474157e-05,0.000185545794979483,-21.4946793138347,0.29087993818142077,1.424353537775463e-08,2.573649199087781e-05,9.834677783481392e-05,-7.76230607021952e-05,0.0001759698385370091,-21.22794394638069,0.3456894842300014,-1.5965010153452156e-08,2.8012777549786874e-05,0.000107375313232305,-8.40140153237795e-05,0.0001913893285560845,-21.077269615770312,0.4014161504746191,-8.462909007729837e-08,2.7729894516092344e-05,0.00010941493191474143,-7.613086306474157e-05,0.000185545794979483,-21.115851687132285,0.4618227483091244,1.424353537775463e-08,2.573649199087781e-05,9.834677783481392e-05,-7.76230607021952e-05,0.0001759698385370091,-21.095705341206003,0.4042662397222391,-1.5965010153452156e-08,2.8012777549786874e-05,0.000107375313232305,-8.40140153237795e-05,0.0001913893285560845,3.0,1.0,53.0,0.4239535150996865,0.1572181476456791,-0.2667353674540074,0.11360948770718565,0.058799941658605026,-0.054809546048580626,1.3905717536878417,1.1700946780969292,0.8414486160757542,0.4239535150996865,0.1572181476456791,-0.2667353674540074,-9.8872625455053e-08,-6.866407992384622e-08,3.0208545531206787e-08,-5.900155564753549,5.334323095840153,-0.8977955412562595,1.993402525214535e-06,-2.8288303369453064e-07,-2.2762855589090654e-06,1.0774501350420076,0.9898981090681744,0.9187378892131564,1.106815407992751e-05,2.03961868243643e-06,-9.02853539749108e-06,1.1125409806960798,1.0189942801712342,0.9159152442286042,1.4921976374536222e-06,7.88315225903793e-06,6.390954621584308e-06,0.9807776252805127,0.9061696835737556,0.923930998847575,9.575956442473888e-06,-5.8435335766015e-06,-1.5419490019075388e-05,1.05441756996727,0.9694673126896918,0.9194334288188919,0.038582071361972226,0.018435725435690387,-0.02014634592628184,-0.060406597834505305,-0.00285008924761998,0.057556508586885324,0.86919960495105,0.9929499694338236,1.1423727801564474,0.038582071361972226,0.018435725435690387,-0.02014634592628184,-9.8872625455053e-08,-6.866407992384622e-08,3.0208545531206787e-08,-5.900155564753549,5.334323095840153,-0.8977955412562595,1.993402525214535e-06,-2.8288303369453064e-07,-2.2762855589090654e-06,1.0774501350420076,0.9898981090681744,0.9187378892131564,1.106815407992751e-05,2.03961868243643e-06,-9.02853539749108e-06,1.1125409806960798,1.0189942801712342,0.9159152442286042,1.4921976374536222e-06,7.88315225903793e-06,6.390954621584308e-06,0.9807776252805127,0.9061696835737556,0.923930998847575,9.575956442473888e-06,-5.8435335766015e-06,-1.5419490019075388e-05,1.05441756996727,0.9694673126896918,0.9194334288188919
-21.453287411571033,0.3045640026988502,-3.953707035869761e-09,2.5027830391972743e-05,0.0001261970065850222,-5.573084082154184e-05,0.00018192784740656405,-21.70825053453807,0.26295537489198784,2.74041034688691e-08,2.2951445995238022e-05,0.0001081927648859454,-5.621066613571624e-05,0.00016440343102166164,-21.67133729201682,0.2391347501083372,-3.217526180035441e-08,2.4368601600031518e-05,0.00012095690479877582,-5.731386598475724e-05,0.00017827077078353307,-21.07073916855257,0.483660307060093,-3.953707035869761e-09,2.5027830391972743e-05,0.0001261970065850222,-5.573084082154184e-05,0.00018192784740656405,-21.156647438456442,0.5272793204189208,2.74041034688691e-08,2.2951445995238022e-05,0.0001081927648859454,-5.621066613571624e-05,0.00016440343102166164,-21.07113064812899,0.5042378753602815,-3.217526180035441e-08,2.4368601600031518e-05,0.00012095690479877582,-5.731386598475724e-05,0.00017827077078353307,3.0,0.0,54.0,0.2549631229670375,0.21804988044578621,-0.03691324252125128,0.041608627806862364,0.06542925259051299,0.02382062478365063,1.1582345586513687,1.2736083000630825,1.0996117237787388,0.2549631229670375,0.21804988044578621,-0.03691324252125128,-3.135781050473886e-08,2.8221554764484653e-08,5.9579365269223514e-08,-0.14374971503233394,0.12326343773836555,-0.8543688166737364,2.0763843967347205e-06,6.59228791941225e-07,-1.4171556047934954e-06,1.0904638143838112,1.0270481703440602,0.9418411523085964,1.8004241699076795e-05,5.24010178624638e-06,-1.2764139912830414e-05,1.166407846932017,1.0433211933030555,0.8944729167685244,4.798253141744034e-07,1.5830251632154054e-06,1.103199849041002e-06,0.9914655669360073,0.9723814142027172,0.9807533176351668,1.7524416384902405e-05,3.6570766230309816e-06,-1.3867339761871423e-05,1.1065933090122828,1.020513596006784,0.9222114095201224,0.08590826990387157,0.00039147957641816333,-0.0855167903274534,-0.043619013358827785,-0.02057756830018853,0.023041445058639254,0.9172753192446458,0.9591907522190696,1.0456955855162733,0.08590826990387157,0.00039147957641816333,-0.0855167903274534,-3.135781050473886e-08,2.8221554764484653e-08,5.9579365269223514e-08,-0.14374971503233394,0.12326343773836555,-0.8543688166737364,2.0763843967347205e-06,6.59228791941225e-07,-1.4171556047934954e-06,1.0904638143838112,1.0270481703440602,0.9418411523085964,1.8004241699076795e-05,5.24010178624638e-06,-1.2764139912830414e-05,1.166407846932017,1.0433211933030555,0.8944729167685244,4.798253141744034e-07,1.5830251632154054e-06,1.103199849041002e-06,0.9914655669360073,0.9723814142027172,0.9807533176351668,1.7524416384902405e-05,3.6570766230309816e-06,-1.3867339761871423e-05,1.1065933090122828,1.020513596006784,0.9222114095201224
-21.607300027797343,0.28328592657139895,8.662008090396447e-08,2.827332617172517e-05,8.41666514175694e-05,-7.982330536733455e-05,0.00016398995678490395,-21.854554790643594,0.22186612938239697,1.3811518687542036e-07,2.9063277437419493e-05,0.00012477647513186324,-0.00015694464583714722,0.0002817211209690105,-21.876510498712264,0.21377520509104272,1.3260058691663022e-07,2.7294133809522974e-05,8.907062789478875e-05,-9.355643665662436e-05,0.0001826270645514131,-21.152852229620102,0.4983112480421746,8.662008090396447e-08,2.827332617172517e-05,8.41666514175694e-05,-7.982330536733455e-05,0.00016398995678490395,-21.150556717927458,0.5504106418585957,1.3811518687542036e-07,2.9063277437419493e-05,0.00012477647513186324,-0.00015694464583714722,0.0002817211209690105,-21.234730976151862,0.49536236065922185,1.3260058691663022e-07,2.7294133809522974e-05,8.907062789478875e-05,-9.355643665662436e-05,0.0001826270645514131,3.0,1.0,55.0,0.24725476284625003,0.26921047091492056,0.021955708068670532,0.06141979718900198,0.06951072148035622,0.008090924291354246,1.2768326883976902,1.325158015019736,1.0378478139413956,0.24725476284625003,0.26921047091492056,0.021955708068670532,-5.149510597145589e-08,-4.598050601266575e-08,5.514599958790138e-09,0.6267045095560959,0.6527482878307385,1.0408031349717533,-7.899512656943237e-07,9.791923622021951e-07,1.7691436278965188e-06,0.9728162610351981,1.035871765774227,1.0648138225913233,-4.060982371429384e-05,-4.903976477219345e-06,3.5705847237074495e-05,0.6745388814256403,0.9449417716333015,1.4008696019555436,7.712134046981267e-05,1.3733131289289809e-05,-6.338820918052286e-05,0.5086083427847364,0.8532111048801158,1.6775415909365299,-0.00011773116418410654,-1.8637107766509154e-05,9.909405641759738e-05,0.5821001208955535,0.8979494216411468,1.5426025019936205,-0.00229551169264397,0.08187874653176053,0.0841742582244045,-0.05209939381642109,0.0029488873829527362,0.05504828119937383,0.9053445010964373,1.0059529902078814,1.1111272988424141,-0.00229551169264397,0.08187874653176053,0.0841742582244045,-5.149510597145589e-08,-4.598050601266575e-08,5.514599958790138e-09,0.6267045095560959,0.6527482878307385,1.0408031349717533,-7.899512656943237e-07,9.791923622021951e-07,1.7691436278965188e-06,0.9728162610351981,1.035871765774227,1.0648138225913233,-4.060982371429384e-05,-4.903976477219345e-06,3.5705847237074495e-05,0.6745388814256403,0.9449417716333015,1.4008696019555436,7.712134046981267e-05,1.3733131289289809e-05,-6.338820918052286e-05,0.5086083427847364,0.8532111048801158,1.6775415909365299,-0.00011773116418410654,-1.8637107766509154e-05,9.909405641759738e-05,0.5821001208955535,0.8979494216411468,1.5426025019936205
-21.415957117175076,0.3055444444075186,1.0892675275009428e-07,2.7081669760364242e-05,0.0001128330831490564,-9.293175192814484e-05,0.00020576483507720123,-21.157356809339912,0.35144985780177573,3.441585138272484e-08,2.805543256271883e-05,0.00011253671459088737,-0.0001352213442319022,0.00024775805882278957,-21.40842090790391,0.3240626988996496,7.460432283519353e-08,2.6747584613294003e-05,0.00010115639535856521,-9.302127003577961e-05,0.00019417766539434484,-20.984447026268718,0.5116033114340107,1.0892675275009428e-07,2.7081669760364242e-05,0.0001128330831490564,-9.293175192814484e-05,0.00020576483507720123,-21.109221617901976,0.37194414497190376,3.441585138272484e-08,2.805543256271883e-05,0.00011253671459088737,-0.0001352213442319022,0.00024775805882278957,-21.19399041777325,0.4207472077079957,7.460432283519353e-08,2.6747584613294003e-05,0.00010115639535856521,-9.302127003577961e-05,0.00019417766539434484,3.0,0.0,56.0,-0.2586003078351631,-0.007536209271165717,0.25106409856399736,-0.04590541339425713,-0.018518254492131014,0.02738715890212612,0.8693827513025004,0.9428559514893411,1.0845119135484202,-0.2586003078351631,-0.007536209271165717,0.25106409856399736,7.451090136736945e-08,3.432242991490075e-08,-4.018847145246869e-08,3.1558471944462028,1.4581050816885046,0.46069424200056314,-9.737628023545886e-07,3.3408514707023885e-07,1.3078479494248274e-06,0.9652880300818566,1.0124865068471849,1.048892005731773,2.963685581690355e-07,1.1676687790491188e-05,1.1380319232322152e-05,1.0026326367886464,1.1154309246193403,1.1125011220681695,4.228959230375735e-05,8.951810763477611e-08,-4.2200074196122576e-05,0.6872570390549612,0.9990387337893042,1.4536620446710218,-4.1993223745588344e-05,1.1587169682856385e-05,5.358039342844473e-05,0.8305067976565635,1.0596724844336571,1.2759342364437631,0.12477459163325832,0.20954339150453194,0.08476879987127361,0.13965916646210697,0.09085610372601505,-0.04880306273609192,1.3754842446440667,1.215939884899905,0.8840085877447753,0.12477459163325832,0.20954339150453194,0.08476879987127361,7.451090136736945e-08,3.432242991490075e-08,-4.018847145246869e-08,3.1558471944462028,1.4581050816885046,0.46069424200056314,-9.737628023545886e-07,3.3408514707023885e-07,1.3078479494248274e-06,0.9652880300818566,1.0124865068471849,1.048892005731773,2.963685581690355e-07,1.1676687790491188e-05,1.1380319232322152e-05,1.0026326367886464,1.1154309246193403,1.1125011220681695,4.228959230375735e-05,8.951810763477611e-08,-4.2200074196122576e-05,0.6872570390549612,0.9990387337893042,1.4536620446710218,-4.1993223745588344e-05,1.1587169682856385e-05,5.358039342844473e-05,0.8305067976565635,1.0596724844336571,1.2759342364437631
-20.864345987085105,0.52204859335584,1.531683995446975e-07,2.6547009233063277e-05,9.474623546708752e-05,-9.148202097238076e-05,0.00018622825643946827,-21.4347776850676,0.38403398313218323,1.2917187377399142e-07,2.2842235910063768e-05,6.580605601407295e-05,-7.752641735045406e-05,0.00014333247336452702,-20.93305998585776,0.5249562214238757,1.1838831180754274e-07,2.5760282990447144e-05,9.484600037212394e-05,-9.606650460231266e-05,0.00019091250497443662,-21.345980071184712,0.2965398502334153,1.531683995446975e-07,2.6547009233063277e-05,9.474623546708752e-05,-9.148202097238076e-05,0.00018622825643946827,-21.448825035609214,0.37730662832087664,1.2917187377399142e-07,2.2842235910063768e-05,6.580605601407295e-05,-7.752641735045406e-05,0.00014333247336452702,-21.421087068954176,0.2937153503762689,1.1838831180754274e-07,2.5760282990447144e-05,9.484600037212394e-05,-9.606650460231266e-05,0.00019091250497443662,3.0,1.0,57.0,0.5704316979824959,0.0687139987726546,-0.5017176992098413,0.13801461022365674,-0.0029076280680356836,-0.14092223829169243,1.3593812426756369,0.9944611987651175,0.7315543037424824,0.5704316979824959,0.0687139987726546,-0.5017176992098413,2.399652577070609e-08,3.478008773715477e-08,1.078356196644868e-08,1.1848547953477093,1.292687837374919,1.0901655345026917,3.704773322999509e-06,7.867262426161332e-07,-2.918047080383376e-06,1.1621845216525042,1.030536279018361,0.8867195770549868,2.8940179453014573e-05,-9.976490503641855e-08,-2.903994435805099e-05,1.4397776926344947,0.9989470847547279,0.6938193110300389,-1.3955603621926705e-05,4.584483629931901e-06,1.8540087251858606e-05,1.1800124667194056,0.9522790131585549,0.8070086277444354,4.289578307494125e-05,-4.684248534968347e-06,-4.75800316099096e-05,1.2992737942815542,0.9754633878910427,0.7507753266669813,0.1028449644245022,0.07510699776946339,-0.027737966655038804,-0.08076677808746136,0.0028244998571463897,0.08359127794460774,0.7859386183447381,1.0096164526388096,1.2845996224203529,0.1028449644245022,0.07510699776946339,-0.027737966655038804,2.399652577070609e-08,3.478008773715477e-08,1.078356196644868e-08,1.1848547953477093,1.292687837374919,1.0901655345026917,3.704773322999509e-06,7.867262426161332e-07,-2.918047080383376e-06,1.1621845216525042,1.030536279018361,0.8867195770549868,2.8940179453014573e-05,-9.976490503641855e-08,-2.903994435805099e-05,1.4397776926344947,0.9989470847547279,0.6938193110300389,-1.3955603621926705e-05,4.584483629931901e-06,1.8540087251858606e-05,1.1800124667194056,0.9522790131585549,0.8070086277444354,4.289578307494125e-05,-4.684248534968347e-06,-4.75800316099096e-05,1.2992737942815542,0.9754633878910427,0.7507753266669813
-21.57444089069426,0.2734968626092408,-1.305973459602112e-07,2.6110228258077152e-05,0.00010983365350608017,-7.805306580650419e-05,0.00018788671931258436,-21.954976021330058,0.24208322105223856,-2.921374007688904e-08,2.2067420756365663e-05,9.139179368017146e-05,-6.345681761983852e-05,0.00015484861130000998,-21.81832749906525,0.25534681154593614,-5.033922980220464e-08,2.414869172752805e-05,9.880406331016269e-05,-6.56481515179883e-05,0.000164452214828151,-21.029737502586116,0.5321133684372849,-1.305973459602112e-07,2.6110228258077152e-05,0.00010983365350608017,-7.805306580650419e-05,0.00018788671931258436,-21.35711580594012,0.5434385897939714,-2.921374007688904e-08,2.2067420756365663e-05,9.139179368017146e-05,-6.345681761983852e-05,0.00015484861130000998,-21.280916311973698,0.5145205246909265,-5.033922980220464e-08,2.414869172752805e-05,9.880406331016269e-05,-6.56481515179883e-05,0.000164452214828151,3.0,0.0,58.0,0.38053513063579913,0.24388660837099252,-0.13664852226480662,0.031413641557002214,0.01815005106330464,-0.013263590493697575,1.1297638114177568,1.07107999840026,0.9480565646847047,0.38053513063579913,0.24388660837099252,-0.13664852226480662,-1.0138360588332217e-07,-8.025811615800657e-08,2.1125489725315596e-08,4.4857632724378655,2.599509317208526,0.5814925943710837,4.0428075017114895e-06,1.9615365305491017e-06,-2.0812709711623878e-06,1.183197176807699,1.0812229677029013,0.9138105543893627,1.844185982590871e-05,1.102959019591748e-05,-7.412269629991229e-06,1.2017876978284987,1.1116298122103832,0.9249791771757374,-1.459624818666567e-05,-1.240491428851588e-05,2.1913338981497906e-06,1.2300205357943443,1.1889624139890391,0.9666214937460959,3.303810801257438e-05,2.343450448443336e-05,-9.60360352814102e-06,1.2133566868927004,1.142499693658443,0.9416018951257896,0.32737830335400275,0.2511788093875822,-0.07619949396642056,-0.011325221356686566,0.01759284374635839,0.028918065103044954,0.9791600713175408,1.0341926955265919,1.0562039094840692,0.32737830335400275,0.2511788093875822,-0.07619949396642056,-1.0138360588332217e-07,-8.025811615800657e-08,2.1125489725315596e-08,4.4857632724378655,2.599509317208526,0.5814925943710837,4.0428075017114895e-06,1.9615365305491017e-06,-2.0812709711623878e-06,1.183197176807699,1.0812229677029013,0.9138105543893627,1.844185982590871e-05,1.102959019591748e-05,-7.412269629991229e-06,1.2017876978284987,1.1116298122103832,0.9249791771757374,-1.459624818666567e-05,-1.240491428851588e-05,2.1913338981497906e-06,1.2300205357943443,1.1889624139890391,0.9666214937460959,3.303810801257438e-05,2.343450448443336e-05,-9.60360352814102e-06,1.2133566868927004,1.142499693658443,0.9416018951257896
-21.339222600146854,0.3210857983002267,8.596686397539911e-08,2.795489553391582e-05,0.00012581884282051204,-7.010911920365736e-05,0.0001959279620241694,-21.407812622249327,0.3572636564385697,8.137790769582333e-08,2.500996911709522e-05,0.00010427295711975206,-6.675752639190828e-05,0.00017103048351166034,-21.303010695684666,0.3704315923630993,6.35779813824139e-08,2.6934130404438648e-05,0.00011671285727685496,-6.610353581030511e-05,0.00018281639308716008,-21.19138097608235,0.3838677937442252,8.596686397539911e-08,2.795489553391582e-05,0.00012581884282051204,-7.010911920365736e-05,0.0001959279620241694,-21.396507596674116,0.36233004845244043,8.137790769582333e-08,2.500996911709522e-05,0.00010427295711975206,-6.675752639190828e-05,0.00017103048351166034,-21.369340365960223,0.341490467531895,6.35779813824139e-08,2.6934130404438648e-05,0.00011671285727685496,-6.610353581030511e-05,0.00018281639308716008,3.0,1.0,59.0,0.06859002210247311,-0.03621190446218847,-0.10480192656466158,-0.03617785813834301,-0.049345794062872594,-0.013167935924529584,0.8987362482127054,0.8667883755951831,0.9644524487315662,0.06859002210247311,-0.03621190446218847,-0.10480192656466158,4.588956279575772e-09,2.2388882592985212e-08,1.779992631340944e-08,1.055094152593291,1.3500249553944057,1.2779599153295031,2.9449264168205975e-06,1.0207651294771714e-06,-1.924161287343426e-06,1.1177456328902229,1.037894720367023,0.9285570347305592,2.154588570075998e-05,9.105985543657075e-06,-1.2439900157102903e-05,1.2066285030467248,1.0780194912040229,0.8934137181736047,-3.351592811749087e-06,-4.005583393352249e-06,-6.539905816031625e-07,1.050207040518197,1.0605972041278946,1.0098949558912518,2.4897478512509065e-05,1.3111568937009324e-05,-1.178590957549974e-05,1.145572668942053,1.0717192891932255,0.9355309284382749,0.20512662059176634,0.17795938987787352,-0.02716723071389282,0.02153774529178476,0.0423773262123302,0.020839580920545442,1.0594423379397626,1.1240951948269615,1.0610253661399685,0.20512662059176634,0.17795938987787352,-0.02716723071389282,4.588956279575772e-09,2.2388882592985212e-08,1.779992631340944e-08,1.055094152593291,1.3500249553944057,1.2779599153295031,2.9449264168205975e-06,1.0207651294771714e-06,-1.924161287343426e-06,1.1177456328902229,1.037894720367023,0.9285570347305592,2.154588570075998e-05,9.105985543657075e-06,-1.2439900157102903e-05,1.2066285030467248,1.0780194912040229,0.8934137181736047,-3.351592811749087e-06,-4.005583393352249e-06,-6.539905816031625e-07,1.050207040518197,1.0605972041278946,1.0098949558912518,2.4897478512509065e-05,1.3111568937009324e-05,-1.178590957549974e-05,1.145572668942053,1.0717192891932255,0.9355309284382749
-21.90152421402584,0.2184691003306887,-5.3005292423123825e-08,2.670215308690497e-05,0.00013708115351534022,-7.803430195333067e-05,0.0002151154554686709,-22.015326467629404,0.1801673743153495,-1.2072752882442257e-07,2.5097884017855277e-05,0.0001128767021446253,-7.310538677795325e-05,0.00018598208892257857,-21.85037557956702,0.2034125074311348,-8.486701794153182e-08,2.709496419200679e-05,0.00012242881941441355,-7.691704972046366e-05,0.0001993458691348772,-21.350260325282235,0.4564562793801,-5.3005292423123825e-08,2.670215308690497e-05,0.00013708115351534022,-7.803430195333067e-05,0.0002151154554686709,-21.343842110865154,0.4513199570511881,-1.2072752882442257e-07,2.5097884017855277e-05,0.0001128767021446253,-7.310538677795325e-05,0.00018598208892257857,-21.318952720367214,0.40977430060549536,-8.486701794153182e-08,2.709496419200679e-05,0.00012242881941441355,-7.691704972046366e-05,0.0001993458691348772,3.0,0.0,60.0,0.11380225360356278,-0.05114863445881923,-0.164950888062382,0.03830172601533921,0.015056592899553911,-0.0232451331157853,1.212589688003335,1.0740199950450406,0.8857241695807355,0.11380225360356278,-0.05114863445881923,-0.164950888062382,6.772223640129874e-08,3.186172551840799e-08,-3.586051088289075e-08,0.43941290134754246,0.6253056166218364,1.424227627161481,1.6042690690496916e-06,-3.928111051018208e-07,-1.9970801741515124e-06,1.0639162519152314,0.9854987940859822,0.926289889553364,2.420445137071492e-05,1.4652334100926674e-05,-9.552117269788247e-06,1.214431583025383,1.1196795182952637,0.921977443601747,-4.92891517537742e-06,-1.1172522328670083e-06,3.811662942510412e-06,1.0674235119321613,1.014526736134594,0.9504457345700442,2.913336654609234e-05,1.5769586333793696e-05,-1.3363780212298645e-05,1.1566454654333596,1.0791061208923873,0.9329613722800852,-0.006418214417081458,-0.03130760491502116,-0.0248893904979397,0.005136322328911924,0.04668197877460467,0.04154565644569275,1.011380667190818,1.1139211966056284,1.1013866810928965,-0.006418214417081458,-0.03130760491502116,-0.0248893904979397,6.772223640129874e-08,3.186172551840799e-08,-3.586051088289075e-08,0.43941290134754246,0.6253056166218364,1.424227627161481,1.6042690690496916e-06,-3.928111051018208e-07,-1.9970801741515124e-06,1.0639162519152314,0.9854987940859822,0.926289889553364,2.420445137071492e-05,1.4652334100926674e-05,-9.552117269788247e-06,1.214431583025383,1.1196795182952637,0.921977443601747,-4.92891517537742e-06,-1.1172522328670083e-06,3.811662942510412e-06,1.0674235119321613,1.014526736134594,0.9504457345700442,2.913336654609234e-05,1.5769586333793696e-05,-1.3363780212298645e-05,1.1566454654333596,1.0791061208923873,0.9329613722800852
-21.942431684872165,0.1572382319980908,1.8696954112764857e-07,2.636673619364719e-05,0.00010209590071858822,-7.25964696280173e-05,0.00017469237034660552,-21.914681567077647,0.2218792016933939,1.5087651727207546e-07,2.3689114819825942e-05,8.027883716091175e-05,-6.199597944369026e-05,0.000142274816604602,-21.91928815625906,0.18134760307705936,1.8838348733908991e-07,2.5852749271702858e-05,9.586921316702967e-05,-5.888690039955574e-05,0.00015475611356658542,-21.0236750527722,0.5152202310962332,1.8696954112764857e-07,2.636673619364719e-05,0.00010209590071858822,-7.25964696280173e-05,0.00017469237034660552,-21.17411641548747,0.584757390477501,1.5087651727207546e-07,2.3689114819825942e-05,8.027883716091175e-05,-6.199597944369026e-05,0.000142274816604602,-21.027078929611427,0.5716532044654611,1.8838348733908991e-07,2.5852749271702858e-05,9.586921316702967e-05,-5.888690039955574e-05,0.00015475611356658542,3.0,1.0,61.0,-0.027750117794518303,-0.023143528613104536,0.004606589181413767,-0.06464096969530309,-0.024109371078968544,0.04053159861633454,0.7086659350095621,0.8670543709616648,1.2235022564746079,-0.027750117794518303,-0.023143528613104536,0.004606589181413767,3.609302385557311e-08,-1.4139462114413452e-09,-3.750697006701446e-08,1.238401471340804,0.9919677514841515,0.8004760491333763,2.6776213738212475e-06,5.139869219443316e-07,-2.163634451876916e-06,1.1130270207005923,1.0198773804985126,0.9163057646320932,2.1817063557676467e-05,6.226687551558552e-06,-1.5590376006117916e-05,1.2717644793172382,1.0649487030402545,0.8373778272620439,-1.0600490184327035e-05,-1.3709569228461554e-05,-3.1090790441345192e-06,1.170988625041691,1.2328139606064414,1.0527992525156449,3.24175537420035e-05,1.9936256780020092e-05,-1.248129696198341e-05,1.2278508012209577,1.128822981129881,0.9193480075899301,0.1504413627152701,0.003403876839225717,-0.14703748587604437,-0.06953715938126781,-0.05643297336922792,0.013104186012039887,0.8810837441274687,0.90128110361574,1.0229233140081861,0.1504413627152701,0.003403876839225717,-0.14703748587604437,3.609302385557311e-08,-1.4139462114413452e-09,-3.750697006701446e-08,1.238401471340804,0.9919677514841515,0.8004760491333763,2.6776213738212475e-06,5.139869219443316e-07,-2.163634451876916e-06,1.1130270207005923,1.0198773804985126,0.9163057646320932,2.1817063557676467e-05,6.226687551558552e-06,-1.5590376006117916e-05,1.2717644793172382,1.0649487030402545,0.8373778272620439,-1.0600490184327035e-05,-1.3709569228461554e-05,-3.1090790441345192e-06,1.170988625041691,1.2328139606064414,1.0527992525156449,3.24175537420035e-05,1.9936256780020092e-05,-1.248129696198341e-05,1.2278508012209577,1.128822981129881,0.9193480075899301
-21.783025742130874,0.3500858257095348,-2.0747279570637526e-07,1.944911572508708e-05,9.193753313310732e-05,-5.130672822218057e-05,0.0001432442613552879,-21.733327041974306,0.3466862983284502,-2.1892282123780624e-07,1.9845911310258705e-05,7.883589794498506e-05,-5.2041485242349217e-05,0.0001308773831873343,-21.808026354831032,0.30878312071085096,-2.3810413979371948e-07,2.0852668214134358e-05,7.872403133892233e-05,-5.045265332464742e-05,0.00012917668466356976,-21.85391261298347,0.31641103875182897,-2.0747279570637526e-07,1.944911572508708e-05,9.193753313310732e-05,-5.130672822218057e-05,0.0001432442613552879,-21.922318213554952,0.26438739519409393,-2.1892282123780624e-07,1.9845911310258705e-05,7.883589794498506e-05,-5.2041485242349217e-05,0.0001308773831873343,-22.01240691018764,0.22772115263170342,-2.3810413979371948e-07,2.0852668214134358e-05,7.872403133892233e-05,-5.045265332464742e-05,0.00012917668466356976,3.0,0.0,62.0,-0.04969870015656852,0.02500061270015763,0.07469931285672615,0.003399527381084566,0.041302704998683826,0.03790317761759926,1.0098057733936843,1.1337595940808705,1.1227501601061196,-0.04969870015656852,0.02500061270015763,0.07469931285672615,1.1450025531430984e-08,3.063134408734422e-08,1.9181318555913236e-08,0.9481314358930767,0.8717192729764868,0.9198277871450001,-3.967955851716264e-07,-1.4035524890472792e-06,-1.0067569038756528e-06,0.9800012416113829,0.9326874746492477,0.9517159115980972,1.3101635188122256e-05,1.321350179418499e-05,1.1186660606273457e-07,1.1661872181444959,1.1678443644846177,1.0014197248564303,7.347570201686482e-07,-8.540748975331512e-07,-1.5888319177017994e-06,0.9858832155072841,1.0169302610323165,1.0314935877967857,1.2366878167953594e-05,1.4067576691718128e-05,1.700698523764534e-06,1.094491259052194,1.1089009664418858,1.0131648928109922,0.06840560057148082,0.15849429720416808,0.09008869663268726,0.05202364355773503,0.08868988612012554,0.03666624256239051,1.1967705132079614,1.3894670519458427,1.1610137750601937,0.06840560057148082,0.15849429720416808,0.09008869663268726,1.1450025531430984e-08,3.063134408734422e-08,1.9181318555913236e-08,0.9481314358930767,0.8717192729764868,0.9198277871450001,-3.967955851716264e-07,-1.4035524890472792e-06,-1.0067569038756528e-06,0.9800012416113829,0.9326874746492477,0.9517159115980972,1.3101635188122256e-05,1.321350179418499e-05,1.1186660606273457e-07,1.1661872181444959,1.1678443644846177,1.0014197248564303,7.347570201686482e-07,-8.540748975331512e-07,-1.5888319177017994e-06,0.9858832155072841,1.0169302610323165,1.0314935877967857,1.2366878167953594e-05,1.4067576691718128e-05,1.700698523764534e-06,1.094491259052194,1.1089009664418858,1.0131648928109922
-21.59881999364754,0.3491521321187718,7.977149403140314e-08,1.9773344782458926e-05,9.9286415851145e-05,-6.330029307069746e-05,0.00016258670892184244,-21.7706401351148,0.34569957257279565,5.116758799834309e-08,1.8618698544948817e-05,8.16177190622732e-05,-5.0519144753162766e-05,0.00013213686381543597,-21.532505532008578,0.38895338511545496,1.3860012800638896e-07,2.01906785569745e-05,9.384323423498135e-05,-5.3406051624413115e-05,0.00014724928585939446,-21.669975012108857,0.31759780988388625,7.977149403140314e-08,1.9773344782458926e-05,9.9286415851145e-05,-6.330029307069746e-05,0.00016258670892184244,-21.849072999707666,0.30922583366608347,5.116758799834309e-08,1.8618698544948817e-05,8.16177190622732e-05,-5.0519144753162766e-05,0.00013213686381543597,-21.737959627744416,0.29578951517117136,1.3860012800638896e-07,2.01906785569745e-05,9.384323423498135e-05,-5.3406051624413115e-05,0.00014724928585939446,3.0,1.0,63.0,0.17182014146726132,-0.06631446163896015,-0.23813460310622148,0.0034525595459761194,-0.03980125299668319,-0.04325381254265931,1.0099871672368075,0.8976708916554721,0.8887943535477921,0.17182014146726132,-0.06631446163896015,-0.23813460310622148,2.8603906033060046e-08,-5.882863397498582e-08,-8.743254000804587e-08,1.5559829737646573,0.5751364124748941,0.3689080084770084,1.1546462375101085e-06,-4.1733377451557384e-07,-1.5719800120256823e-06,1.0620097067339145,0.979325523612789,0.9221387126014198,1.7668696788871794e-05,5.443181616163645e-06,-1.2225515172708149e-05,1.2164796485849607,1.058001792674313,0.8697231372651838,-1.2781148317534698e-05,-9.89424144628435e-06,2.8869068712503485e-06,1.2529986142846559,1.1852666443595663,0.9459459707496211,3.044984510640648e-05,1.533742306244798e-05,-1.5112422043958497e-05,1.2304407807412432,1.1041588253352261,0.8973678432968871,0.17909798759880857,0.06798461563555946,-0.11111337196324911,0.008371976217802779,0.021808294712714893,0.013436318494912114,1.0270739867230363,1.0737290995345852,1.0454252693257031,0.17909798759880857,0.06798461563555946,-0.11111337196324911,2.8603906033060046e-08,-5.882863397498582e-08,-8.743254000804587e-08,1.5559829737646573,0.5751364124748941,0.3689080084770084,1.1546462375101085e-06,-4.1733377451557384e-07,-1.5719800120256823e-06,1.0620097067339145,0.979325523612789,0.9221387126014198,1.7668696788871794e-05,5.443181616163645e-06,-1.2225515172708149e-05,1.2164796485849607,1.058001792674313,0.8697231372651838,-1.2781148317534698e-05,-9.89424144628435e-06,2.8869068712503485e-06,1.2529986142846559,1.1852666443595663,0.9459459707496211,3.044984510640648e-05,1.533742306244798e-05,-1.5112422043958497e-05,1.2304407807412432,1.1041588253352261,0.8973678432968871
-21.510624291805822,0.48049071216582123,1.168652903609717e-07,1.9139842352860998e-05,7.58521416368853e-05,-5.1386522946572987e-05,0.00012723866458345828,-21.403750041349188,0.5204009327160628,1.2118020506948135e-07,1.9022600695191395e-05,7.327775314435096e-05,-6.053798900637977e-05,0.00013381574215073073,-21.660968323357572,0.45339079106818386,1.422960644520812e-07,1.849306708797936e-05,7.627617182544523e-05,-5.557647795991258e-05,0.0001318526497853578,-21.987576934305725,0.24689177032871856,1.168652903609717e-07,1.9139842352860998e-05,7.58521416368853e-05,-5.1386522946572987e-05,0.00012723866458345828,-21.896450574554514,0.2681327827984941,1.2118020506948135e-07,1.9022600695191395e-05,7.327775314435096e-05,-6.053798900637977e-05,0.00013381574215073073,-22.05058030312318,0.25690623692034165,1.422960644520812e-07,1.849306708797936e-05,7.627617182544523e-05,-5.557647795991258e-05,0.0001318526497853578,3.0,0.0,64.0,-0.10687425045663446,0.15034403155175013,0.2572182820083846,-0.03991022055024157,0.02709992109763737,0.06701014164787894,0.923308706550017,1.0597716617221384,1.147797756048869,-0.10687425045663446,0.15034403155175013,0.2572182820083846,-4.314914708509657e-09,-2.5430774091109496e-08,-2.111585938259984e-08,0.9635974006971677,0.8207059009014883,0.8510081057068866,1.1724165766960256e-07,6.467752648816363e-07,5.295336072120337e-07,1.006157992997241,1.0349683351588803,1.028628606700697,2.5743884925343453e-06,-4.2403018855992553e-07,-2.998418681094271e-06,1.0351305119087377,0.9944395527152858,0.960688709485484,9.151466059806783e-06,4.189955013339592e-06,-4.961511046467191e-06,0.8488324219755603,0.9246108658545228,1.0892755380720567,-6.5770775672724445e-06,-4.613985201899518e-06,1.9630923653729266e-06,0.9508490365448368,0.9650057718977362,1.0148877620570558,-0.09112635975121108,0.06300336881745494,0.15412972856866602,-0.021241012469775555,-0.010014466591623084,0.011226545878152472,0.9207817397777254,0.961018981836435,1.0436990004927889,-0.09112635975121108,0.06300336881745494,0.15412972856866602,-4.314914708509657e-09,-2.5430774091109496e-08,-2.111585938259984e-08,0.9635974006971677,0.8207059009014883,0.8510081057068866,1.1724165766960256e-07,6.467752648816363e-07,5.295336072120337e-07,1.006157992997241,1.0349683351588803,1.028628606700697,2.5743884925343453e-06,-4.2403018855992553e-07,-2.998418681094271e-06,1.0351305119087377,0.9944395527152858,0.960688709485484,9.151466059806783e-06,4.189955013339592e-06,-4.961511046467191e-06,0.8488324219755603,0.9246108658545228,1.0892755380720567,-6.5770775672724445e-06,-4.613985201899518e-06,1.9630923653729266e-06,0.9508490365448368,0.9650057718977362,1.0148877620570558
-22.051161806551374,0.30426335278273325,2.114146058578925e-08,1.903098828294226e-05,9.768807874781487e-05,-5.189135395861663e-05,0.0001495794327064315,-21.981514591808406,0.3374282857555644,-4.482976970182408e-08,1.7657422205250796e-05,8.423836987148407e-05,-5.794073693895507e-05,0.00014217910681043914,-22.155220160803275,0.24999498329920503,-1.8988815559825366e-08,1.868045536570491e-05,8.326055655875987e-05,-5.482850894782444e-05,0.0001380890655065843,-21.87551541222977,0.398087797645979,2.114146058578925e-08,1.903098828294226e-05,9.768807874781487e-05,-5.189135395861663e-05,0.0001495794327064315,-21.98039048644331,0.33801389450773417,-4.482976970182408e-08,1.7657422205250796e-05,8.423836987148407e-05,-5.794073693895507e-05,0.00014217910681043914,-21.852784797618412,0.4018681346727339,-1.8988815559825366e-08,1.868045536570491e-05,8.326055655875987e-05,-5.482850894782444e-05,0.0001380890655065843,3.0,1.0,65.0,-0.06964721474296809,0.10405835425190091,0.173705568994869,-0.03316493297283113,0.05426836948352823,0.08743330245635936,0.9017126469147659,1.2170778335054415,1.3497402274538497,-0.06964721474296809,0.10405835425190091,0.173705568994869,6.597123028761334e-08,4.0130276145614616e-08,-2.5840954141998712e-08,-0.47264854540324414,-1.1192581408203826,2.373349962565813,1.3735660776914647e-06,3.5053291723735234e-07,-1.0230331604541124e-06,1.0777836245497139,1.0187592344219434,0.9452300458725947,1.3449708876330803e-05,1.4427522189055007e-05,9.778133127242032e-07,1.1596611250993734,1.173280187610256,1.0117428008994165,6.049382980338438e-06,2.9371549892078108e-06,-3.112227991130627e-06,0.8955951591158409,0.9464318763653573,1.0567648788439652,7.400325895992366e-06,1.1490367199847203e-05,4.090041303854837e-06,1.0520485805344149,1.0832090421988922,1.02961811876298,0.10487507421353826,-0.02273061461135839,-0.12760568882489665,0.060073903138244844,-0.0037803370267548986,-0.06385424016499974,1.1777261349210533,0.9905930906194074,0.8411064855860969,0.10487507421353826,-0.02273061461135839,-0.12760568882489665,6.597123028761334e-08,4.0130276145614616e-08,-2.5840954141998712e-08,-0.47264854540324414,-1.1192581408203826,2.373349962565813,1.3735660776914647e-06,3.5053291723735234e-07,-1.0230331604541124e-06,1.0777836245497139,1.0187592344219434,0.9452300458725947,1.3449708876330803e-05,1.4427522189055007e-05,9.778133127242032e-07,1.1596611250993734,1.173280187610256,1.0117428008994165,6.049382980338438e-06,2.9371549892078108e-06,-3.112227991130627e-06,0.8955951591158409,0.9464318763653573,1.0567648788439652,7.400325895992366e-06,1.1490367199847203e-05,4.090041303854837e-06,1.0520485805344149,1.0832090421988922,1.02961811876298
-21.95066573399015,0.3307888199569127,-3.2915495159090987e-09,1.8184497662904604e-05,7.873929586813166e-05,-4.569370779453046e-05,0.00012443300366266213,-22.12733854805146,0.3003069444435063,4.678838176246538e-09,1.6341063096296673e-05,6.582708070607421e-05,-4.4743647666679756e-05,0.00011057072837275396,-21.913382134425344,0.3533187522346165,4.173498609187358e-09,1.7105490897254452e-05,7.021083583810819e-05,-4.970921379362797e-05,0.00011992004963173617,-21.881124902793324,0.3669504496192728,-3.2915495159090987e-09,1.8184497662904604e-05,7.873929586813166e-05,-4.569370779453046e-05,0.00012443300366266213,-22.027163653659937,0.35368121879245046,4.678838176246538e-09,1.6341063096296673e-05,6.582708070607421e-05,-4.4743647666679756e-05,0.00011057072837275396,-21.897232557368874,0.36188819804798633,4.173498609187358e-09,1.7105490897254452e-05,7.021083583810819e-05,-4.970921379362797e-05,0.00011992004963173617,3.0,0.0,66.0,0.17667281406130897,-0.037283599564805314,-0.21395641362611428,0.03048187551340642,-0.02252993227770378,-0.0530118077911102,1.1015023993525745,0.9362334089859843,0.8499603897590341,0.17667281406130897,-0.037283599564805314,-0.21395641362611428,-7.970387692155637e-09,-7.465048125096456e-09,5.0533956705918e-10,-0.6887760988162176,-0.7702236076157316,1.0948495844102448,1.843434566607931e-06,1.0790067656501512e-06,-7.644278009577798e-07,1.1128031435550434,1.0630733408819757,0.9553053849147947,1.2912215162057456e-05,8.528460030023471e-06,-4.383755132033985e-06,1.1961517267420507,1.1214676877358265,0.9375616479156148,-9.50060127850706e-07,4.015505999097509e-06,4.965566126948215e-06,1.0212356904492463,0.9192219355233762,0.9001095423353792,1.3862275289908162e-05,4.512954030925955e-06,-9.349321258982207e-06,1.125369190897045,1.0376321581050767,0.9220362775755916,0.14603875086661233,0.01610765457554919,-0.12993109629106314,0.013269230826822354,0.00506225157128648,-0.008206979255535873,1.0375174875510065,1.0139884403448172,0.9773217822588959,0.14603875086661233,0.01610765457554919,-0.12993109629106314,-7.970387692155637e-09,-7.465048125096456e-09,5.0533956705918e-10,-0.6887760988162176,-0.7702236076157316,1.0948495844102448,1.843434566607931e-06,1.0790067656501512e-06,-7.644278009577798e-07,1.1128031435550434,1.0630733408819757,0.9553053849147947,1.2912215162057456e-05,8.528460030023471e-06,-4.383755132033985e-06,1.1961517267420507,1.1214676877358265,0.9375616479156148,-9.50060127850706e-07,4.015505999097509e-06,4.965566126948215e-06,1.0212356904492463,0.9192219355233762,0.9001095423353792,1.3862275289908162e-05,4.512954030925955e-06,-9.349321258982207e-06,1.125369190897045,1.0376321581050767,0.9220362775755916
-21.36278007461044,0.4245446537051594,1.8581198278591254e-08,2.1801555054665113e-05,0.000110089038822509,-5.418852998955172e-05,0.0001642775688120607,-21.48915627702697,0.42359445983071753,3.730736366776663e-08,2.0293173162977325e-05,0.00010686339317708316,-5.646375659511389e-05,0.00016332714977219704,-21.27962187196545,0.45472124045513285,4.783144291677706e-08,2.2810428334226168e-05,0.00011690546767998924,-5.930578875746047e-05,0.0001762112564374497,-21.906123152077623,0.20495181201341445,1.8581198278591254e-08,2.1801555054665113e-05,0.000110089038822509,-5.418852998955172e-05,0.0001642775688120607,-21.929970086654,0.2312076968885736,3.730736366776663e-08,2.0293173162977325e-05,0.00010686339317708316,-5.646375659511389e-05,0.00016332714977219704,-21.95445841737499,0.18441190013850695,4.783144291677706e-08,2.2810428334226168e-05,0.00011690546767998924,-5.930578875746047e-05,0.0001762112564374497,3.0,1.0,67.0,0.12637620241653025,-0.08315820264499152,-0.20953440506152177,0.0009501938744418958,-0.030176586749973422,-0.031126780624415318,1.0022431685593747,0.9336371733743222,0.9315475549670494,0.12637620241653025,-0.08315820264499152,-0.20953440506152177,-1.8726165389175374e-08,-2.9250244638185806e-08,-1.0524079249010432e-08,0.4967256833071719,0.38766198444836353,0.7783484367984305,1.5083818916877877e-06,-1.008873279561055e-06,-2.5172551712488428e-06,1.074324229490956,0.9557672113167525,0.8896406460050439,3.225645645425846e-06,-6.8164288574802326e-06,-1.0042074502906079e-05,1.0301837938245273,0.9416920084068244,0.9141001177087223,2.2752266055621695e-06,5.117258767908751e-06,2.842032162346582e-06,0.9597063537369444,0.9137155494671659,0.9520799400211152,9.504190398636767e-07,-1.1933687625388997e-05,-1.2884106665252674e-05,1.0058184965533254,0.9322757178273855,0.9268820867977018,0.0238469345763761,0.04833526529736787,0.02448833072099177,-0.026255884875159147,0.0205399118749075,0.04679579675006665,0.8864402642423417,1.1113806199510035,1.2537569245235467,0.0238469345763761,0.04833526529736787,0.02448833072099177,-1.8726165389175374e-08,-2.9250244638185806e-08,-1.0524079249010432e-08,0.4967256833071719,0.38766198444836353,0.7783484367984305,1.5083818916877877e-06,-1.008873279561055e-06,-2.5172551712488428e-06,1.074324229490956,0.9557672113167525,0.8896406460050439,3.225645645425846e-06,-6.8164288574802326e-06,-1.0042074502906079e-05,1.0301837938245273,0.9416920084068244,0.9141001177087223,2.2752266055621695e-06,5.117258767908751e-06,2.842032162346582e-06,0.9597063537369444,0.9137155494671659,0.9520799400211152,9.504190398636767e-07,-1.1933687625388997e-05,-1.2884106665252674e-05,1.0058184965533254,0.9322757178273855,0.9268820867977018
-21.935111757588366,0.3196234973955619,2.0888134019672588e-07,1.9725437438741295e-05,8.016106112160209e-05,-5.2684694167648065e-05,0.00013284575528925015,-22.012788572049004,0.311625261315651,2.535350950093682e-07,1.8583547914741974e-05,7.144881570360171e-05,-5.021834500224251e-05,0.00012166716070584422,-21.8370005107447,0.3582215287680225,2.4455473508112095e-07,1.929034925647712e-05,6.661408452806304e-05,-5.4304490923583225e-05,0.00012091857545164626,-21.983690197819882,0.29679973031952106,2.0888134019672588e-07,1.9725437438741295e-05,8.016106112160209e-05,-5.2684694167648065e-05,0.00013284575528925015,-22.043707974698336,0.2967282425905467,2.535350950093682e-07,1.8583547914741974e-05,7.144881570360171e-05,-5.021834500224251e-05,0.00012166716070584422,-22.06519873691754,0.2531220494532731,2.4455473508112095e-07,1.929034925647712e-05,6.661408452806304e-05,-5.4304490923583225e-05,0.00012091857545164626,3.0,0.0,68.0,0.0776768144606379,-0.0981112468436649,-0.1757880613043028,0.007998236079910903,-0.038598031372460595,-0.0465962674523715,1.02566619902243,0.8922509442845881,0.8699233189595964,0.0776768144606379,-0.0981112468436649,-0.1757880613043028,-4.465375481264233e-08,-3.567339488439507e-08,8.980359928247257e-09,0.8235506217663241,0.8537800837063971,1.0362975191357027,1.1418895239993212e-06,4.35088182264176e-07,-7.068013417351452e-07,1.0614405486607161,1.0225494065213707,0.9633548533610335,8.712245418000382e-06,1.3546976593539051e-05,4.834731175538669e-06,1.1219353062563162,1.2033632429716536,1.07257660226257,-2.4663491654055525e-06,1.6197967559351603e-06,4.086145921340713e-06,1.049114602975381,0.9701737423367037,0.9247566200108833,1.1178594583405928e-05,1.1927179837603884e-05,7.485852541979558e-07,1.0918775890782342,1.0986372021778668,1.0061899888615409,0.06001777687845333,0.08150853909765843,0.021490762219205095,7.148772897436206e-05,0.04367768086624796,0.0436061931372736,1.0002409195306996,1.1725558118833712,1.1722733879337368,0.06001777687845333,0.08150853909765843,0.021490762219205095,-4.465375481264233e-08,-3.567339488439507e-08,8.980359928247257e-09,0.8235506217663241,0.8537800837063971,1.0362975191357027,1.1418895239993212e-06,4.35088182264176e-07,-7.068013417351452e-07,1.0614405486607161,1.0225494065213707,0.9633548533610335,8.712245418000382e-06,1.3546976593539051e-05,4.834731175538669e-06,1.1219353062563162,1.2033632429716536,1.07257660226257,-2.4663491654055525e-06,1.6197967559351603e-06,4.086145921340713e-06,1.049114602975381,0.9701737423367037,0.9247566200108833,1.1178594583405928e-05,1.1927179837603884e-05,7.485852541979558e-07,1.0918775890782342,1.0986372021778668,1.0061899888615409
-21.809125963626393,0.34165543277847,4.221703410896909e-08,1.940026732077787e-05,8.325868322518167e-05,-5.002357333261354e-05,0.00013328225655779522,-21.97103536654448,0.27583473598993036,-5.274660147388229e-09,1.941226897559124e-05,7.138240011370698e-05,-6.530417728214401e-05,0.00013668657739585098,-21.92691058594955,0.31248230326238113,5.127057681489138e-08,2.0126809922988184e-05,7.732537580429126e-05,-6.547254466009385e-05,0.00014279792046438511,-21.811050341058692,0.34072215553012863,4.221703410896909e-08,1.940026732077787e-05,8.325868322518167e-05,-5.002357333261354e-05,0.00013328225655779522,-21.746408636432026,0.3824264702979878,-5.274660147388229e-09,1.941226897559124e-05,7.138240011370698e-05,-6.530417728214401e-05,0.00013668657739585098,-21.831245893123743,0.35952975076341936,5.127057681489138e-08,2.0126809922988184e-05,7.732537580429126e-05,-6.547254466009385e-05,0.00014279792046438511,3.0,1.0,69.0,0.16190940291808786,0.1177846223231569,-0.04412478059493097,0.06582069678853963,0.029173129516088858,-0.036647567272450776,1.2386236687285104,1.0933593009977822,0.8827211429955727,0.16190940291808786,0.1177846223231569,-0.04412478059493097,4.749169425635732e-08,-9.05354270592229e-09,-5.654523696227961e-08,-8.158416766804871,0.8218135112847545,-0.10267862411580322,-1.20016548133705e-08,-7.26542602210314e-07,-7.145409473969434e-07,0.9993766008245265,0.9638969615807556,0.9644932605088719,1.1876283111474686e-05,5.933307420890406e-06,-5.94297569058428e-06,1.1663738744448124,1.0767303060107538,0.9231420740866045,1.5280603949530472e-05,1.5448971327480313e-05,1.6836737794984123e-07,0.7660099554961693,0.7640401025548299,0.9974299511981961,-3.4043208380557586e-06,-9.515663906589894e-06,-6.111343068534135e-06,0.9750932504694924,0.9333620740984767,0.9572021863562291,-0.0646417046266663,0.020195552065050748,0.08483725669171704,-0.041704314767859185,-0.01880759523329073,0.022896719534568455,0.8909481479551928,0.9476883476593415,1.063685187052202,-0.0646417046266663,0.020195552065050748,0.08483725669171704,4.749169425635732e-08,-9.05354270592229e-09,-5.654523696227961e-08,-8.158416766804871,0.8218135112847545,-0.10267862411580322,-1.20016548133705e-08,-7.26542602210314e-07,-7.145409473969434e-07,0.9993766008245265,0.9638969615807556,0.9644932605088719,1.1876283111474686e-05,5.933307420890406e-06,-5.94297569058428e-06,1.1663738744448124,1.0767303060107538,0.9231420740866045,1.5280603949530472e-05,1.5448971327480313e-05,1.6836737794984123e-07,0.7660099554961693,0.7640401025548299,0.9974299511981961,-3.4043208380557586e-06,-9.515663906589894e-06,-6.111343068534135e-06,0.9750932504694924,0.9333620740984767,0.9572021863562291
-21.28470767617475,0.47525508048549464,-1.204122481157864e-07,2.1723100527860845e-05,6.710767001178507e-05,-6.443344213838074e-05,0.00013154111215016583,-21.35549481484294,0.4329797197538737,-1.7220237227781947e-07,2.345699370411397e-05,8.077337410444765e-05,-9.026325683444484e-05,0.0001710366309388925,-21.346653655384852,0.43630759534462454,-1.734894515250287e-07,2.3579508107899758e-05,7.497354289402505e-05,-7.83335548215656e-05,0.00015330709771559065,-21.812374112998825,0.2389646458491336,-1.204122481157864e-07,2.1723100527860845e-05,6.710767001178507e-05,-6.443344213838074e-05,0.00013154111215016583,-21.749635873679175,0.2592475129923454,-1.7220237227781947e-07,2.345699370411397e-05,8.077337410444765e-05,-9.026325683444484e-05,0.0001710366309388925,-21.77135213779837,0.2507129533342097,-1.734894515250287e-07,2.3579508107899758e-05,7.497354289402505e-05,-7.83335548215656e-05,0.00015330709771559065,3.0,0.0,70.0,0.07078713866819086,0.06194597921010114,-0.00884115945808972,0.042275360731620915,0.0389474851408701,-0.0033278755907508173,1.097638200343167,1.0892661174077893,0.9923726386487507,0.07078713866819086,0.06194597921010114,-0.00884115945808972,5.179012416203308e-08,5.3077203409242315e-08,1.287079247209238e-09,0.6996547840805395,0.6944612088954265,0.9931536824370317,-1.7338931762531242e-06,-1.8564075800389132e-06,-1.22514403785789e-07,0.9260780897188038,0.9212663937609321,0.9947999812709054,-1.3665704092662577e-05,-7.865872882239979e-06,5.799831210422598e-06,0.8308132187679409,0.8950834909628375,1.077356934871372,2.5829814696064096e-05,1.3900112683184858e-05,-1.1929702012879238e-05,0.7138398921340698,0.822553304780857,1.152295108648711,-3.949551878872667e-05,-2.1765985565424823e-05,1.772953322330185e-05,0.76908107064536,0.8580230681288402,1.1156464503133947,-0.06273823931964984,-0.041021975200454364,0.021716264119195472,-0.020282867143211786,-0.011748307485076076,0.00853455965813571,0.9217625388136822,0.9531404044978514,1.034041159187155,-0.06273823931964984,-0.041021975200454364,0.021716264119195472,5.179012416203308e-08,5.3077203409242315e-08,1.287079247209238e-09,0.6996547840805395,0.6944612088954265,0.9931536824370317,-1.7338931762531242e-06,-1.8564075800389132e-06,-1.22514403785789e-07,0.9260780897188038,0.9212663937609321,0.9947999812709054,-1.3665704092662577e-05,-7.865872882239979e-06,5.799831210422598e-06,0.8308132187679409,0.8950834909628375,1.077356934871372,2.5829814696064096e-05,1.3900112683184858e-05,-1.1929702012879238e-05,0.7138398921340698,0.822553304780857,1.152295108648711,-3.949551878872667e-05,-2.1765985565424823e-05,1.772953322330185e-05,0.76908107064536,0.8580230681288402,1.1156464503133947
-21.839550649854008,0.26271901557951316,-7.774629128988596e-08,2.2700514439343368e-05,8.821216399171278e-05,-6.323539751469171e-05,0.0001514475615064045,-21.935006035303164,0.23304195341731337,-1.2241408910683826e-07,2.2074343601496013e-05,7.544432098324392e-05,-5.335099797896002e-05,0.00012879531896220394,-21.852812189256507,0.25198746039171166,-1.4166062469923946e-07,2.3242306301890754e-05,8.607954427014181e-05,-6.287588400319486e-05,0.00014895542827333668,-21.894417746195792,0.24252712512401392,-7.774629128988596e-08,2.2700514439343368e-05,8.821216399171278e-05,-6.323539751469171e-05,0.0001514475615064045,-21.80581531978904,0.2814378572560433,-1.2241408910683826e-07,2.2074343601496013e-05,7.544432098324392e-05,-5.335099797896002e-05,0.00012879531896220394,-21.837345160497396,0.25767517868623324,-1.4166062469923946e-07,2.3242306301890754e-05,8.607954427014181e-05,-6.287588400319486e-05,0.00014895542827333668,3.0,1.0,71.0,0.09545538544915644,0.013261539402499523,-0.08219384604665692,0.029677062162199785,0.0107315551878015,-0.018945506974398285,1.1273464353275557,1.042587655222449,0.9248156752029276,0.09545538544915644,0.013261539402499523,-0.08219384604665692,4.46677978169523e-08,6.39143334093535e-08,1.9246535592401206e-08,0.6356282571991895,0.5492084501256348,0.8647467427253868,6.261708378473548e-07,-5.417918625473865e-07,-1.1679627003947414e-06,1.0283617947138166,0.9766852082564573,0.9497443300309348,1.2767843008468853e-05,2.1326197215709616e-06,-1.0635223286897892e-05,1.1692337596613613,1.0247737980291662,0.8764478713048431,-9.88439953573169e-06,-3.5951351149684846e-07,9.524886024234842e-06,1.185273348906514,1.0057194278719224,0.8485142384268183,2.2652242544200557e-05,2.4921332330678236e-06,-2.0160109311132733e-05,1.1758769273528897,1.0167300486390467,0.8646561860118525,-0.08860242640675153,-0.05707258569839624,0.031529840708355295,-0.03891073213202939,-0.015148053562219321,0.02376267856981007,0.8617430767929563,0.9412126005555773,1.0922195090025475,-0.08860242640675153,-0.05707258569839624,0.031529840708355295,4.46677978169523e-08,6.39143334093535e-08,1.9246535592401206e-08,0.6356282571991895,0.5492084501256348,0.8647467427253868,6.261708378473548e-07,-5.417918625473865e-07,-1.1679627003947414e-06,1.0283617947138166,0.9766852082564573,0.9497443300309348,1.2767843008468853e-05,2.1326197215709616e-06,-1.0635223286897892e-05,1.1692337596613613,1.0247737980291662,0.8764478713048431,-9.88439953573169e-06,-3.5951351149684846e-07,9.524886024234842e-06,1.185273348906514,1.0057194278719224,0.8485142384268183,2.2652242544200557e-05,2.4921332330678236e-06,-2.0160109311132733e-05,1.1758769273528897,1.0167300486390467,0.8646561860118525
-21.452557856673277,0.3619018152976013,-7.489235961801224e-08,2.1835270497682738e-05,9.023071088153569e-05,-7.586722797307123e-05,0.00016609793885460694,-21.555337845877567,0.4008707320414543,-6.318136211051094e-08,1.9704174788037105e-05,8.389372259581346e-05,-6.841873482273305e-05,0.0001523124574185465,-21.27596147589837,0.46280800235818303,-8.810048288314477e-08,2.1908556751881645e-05,7.920067539773514e-05,-7.749789133336876e-05,0.0001566985667311039,-21.73542752066297,0.24940909936214253,-7.489235961801224e-08,2.1835270497682738e-05,9.023071088153569e-05,-7.586722797307123e-05,0.00016609793885460694,-21.759605599660198,0.304708728034846,-6.318136211051094e-08,1.9704174788037105e-05,8.389372259581346e-05,-6.841873482273305e-05,0.0001523124574185465,-21.787938308362712,0.23835732008442284,-8.810048288314477e-08,2.1908556751881645e-05,7.920067539773514e-05,-7.749789133336876e-05,0.0001566985667311039,3.0,0.0,72.0,0.10277998920428999,-0.1765963807749067,-0.2793763699791967,-0.038968916743853,-0.10090618706058174,-0.06193727031672874,0.9027893190513541,0.7819696577746641,0.8661707012675843,0.10277998920428999,-0.1765963807749067,-0.2793763699791967,-1.1710997507501306e-08,1.3208123265132527e-08,2.4919120772633833e-08,1.187234344857834,0.8510448711680513,0.7179660842817082,2.1310957096456333e-06,-7.328625419890717e-08,-2.2043819638445405e-06,1.1081489033506275,0.9966503535552171,0.8993784973305036,6.336988285722236e-06,1.1030035483800557e-05,4.693047198078322e-06,1.0755346232851055,1.1392654987076805,1.0592538036971357,-7.4484931503381794e-06,1.6306633602975292e-06,9.079156510635709e-06,1.1088679008231728,0.9789598731493725,0.8828475450147896,1.3785481436060442e-05,9.399372123503042e-06,-4.3861093125574e-06,1.090507189096556,1.059983102087475,0.9720086366779102,0.02417807899722746,0.05251078769974171,0.028332708702514253,-0.055299628672703466,0.011051779277719692,0.06635140795042316,0.8185164267817391,1.0463664349354518,1.2783694992001313,0.02417807899722746,0.05251078769974171,0.028332708702514253,-1.1710997507501306e-08,1.3208123265132527e-08,2.4919120772633833e-08,1.187234344857834,0.8510448711680513,0.7179660842817082,2.1310957096456333e-06,-7.328625419890717e-08,-2.2043819638445405e-06,1.1081489033506275,0.9966503535552171,0.8993784973305036,6.336988285722236e-06,1.1030035483800557e-05,4.693047198078322e-06,1.0755346232851055,1.1392654987076805,1.0592538036971357,-7.4484931503381794e-06,1.6306633602975292e-06,9.079156510635709e-06,1.1088679008231728,0.9789598731493725,0.8828475450147896,1.3785481436060442e-05,9.399372123503042e-06,-4.3861093125574e-06,1.090507189096556,1.059983102087475,0.9720086366779102
-21.83209655732219,0.25201867570394604,4.131767528457456e-08,2.331751107232799e-05,9.52364329142324e-05,-5.8805691982716764e-05,0.00015404212489694916,-21.66114674127405,0.3241575426801159,-1.873524989298921e-08,2.1637083918209665e-05,8.289781256649325e-05,-5.950541986466361e-05,0.00014240323243115685,-21.78560717610668,0.24959231291916598,2.8575112683445523e-08,2.349628900204923e-05,9.309586319229142e-05,-5.80856454639851e-05,0.0001511815086562765,-21.686229379285873,0.30880813919888556,4.131767528457456e-08,2.331751107232799e-05,9.52364329142324e-05,-5.8805691982716764e-05,0.00015404212489694916,-21.865530719448554,0.24367772741447594,-1.873524989298921e-08,2.1637083918209665e-05,8.289781256649325e-05,-5.950541986466361e-05,0.00014240323243115685,-21.69262734782517,0.2838130009716753,2.8575112683445523e-08,2.349628900204923e-05,9.309586319229142e-05,-5.80856454639851e-05,0.0001511815086562765,3.0,1.0,73.0,-0.17094981604813952,-0.046489381215508274,0.12446043483263125,-0.07213886697616984,0.0024263627847800617,0.0745652297609499,0.777457385512379,1.0097213037349981,1.2987481014899047,-0.17094981604813952,-0.046489381215508274,0.12446043483263125,6.005292517756378e-08,1.2742562601129039e-08,-4.7310362576434734e-08,-2.2171784935451138,1.4408897269452663,-0.6533627295492823,1.6804271541183246e-06,-1.7877792972124154e-07,-1.8592050838395662e-06,1.0776592351606429,0.9923870033941964,0.9208684754207377,1.233862034773915e-05,2.140569721940973e-06,-1.0198050625798177e-05,1.1488399401835638,1.0229920788028133,0.8904555012258297,6.997278819468491e-07,-7.200465187316631e-07,-1.4197744006785122e-06,0.9882425994257648,1.012398033159182,1.0244445393313708,1.1638892465792308e-05,2.86061624067265e-06,-8.778276225119658e-06,1.0817311804933984,1.0189210596850855,0.9419348933832421,0.17930134016268084,0.006397968539296528,-0.17290337162338432,0.06513041178440962,0.02499513822721028,-0.04013527355719934,1.267280938429387,1.088069038531811,0.8585854999395767,0.17930134016268084,0.006397968539296528,-0.17290337162338432,6.005292517756378e-08,1.2742562601129039e-08,-4.7310362576434734e-08,-2.2171784935451138,1.4408897269452663,-0.6533627295492823,1.6804271541183246e-06,-1.7877792972124154e-07,-1.8592050838395662e-06,1.0776592351606429,0.9923870033941964,0.9208684754207377,1.233862034773915e-05,2.140569721940973e-06,-1.0198050625798177e-05,1.1488399401835638,1.0229920788028133,0.8904555012258297,6.997278819468491e-07,-7.200465187316631e-07,-1.4197744006785122e-06,0.9882425994257648,1.012398033159182,1.0244445393313708,1.1638892465792308e-05,2.86061624067265e-06,-8.778276225119658e-06,1.0817311804933984,1.0189210596850855,0.9419348933832421
-21.584422266395254,0.40504349231268627,-8.044911338210724e-08,2.2441350375874948e-05,8.603551358147459e-05,-5.6705872696674745e-05,0.00014274138627814933,-21.50030493841671,0.46752726952718154,-8.842575345455691e-08,2.1585755013600923e-05,7.857666932401592e-05,-6.782196336049783e-05,0.00014639863268451375,-21.4756305500557,0.4590809448830527,-8.133076553509981e-08,2.2558847048587704e-05,8.154676440999591e-05,-6.094299859677619e-05,0.00014248976300677211,-21.833780362306072,0.2879469210136488,-8.044911338210724e-08,2.2441350375874948e-05,8.603551358147459e-05,-5.6705872696674745e-05,0.00014274138627814933,-21.927180511861508,0.2599294679347467,-8.842575345455691e-08,2.1585755013600923e-05,7.857666932401592e-05,-6.782196336049783e-05,0.00014639863268451375,-21.931309255638283,0.24580873905493417,-8.133076553509981e-08,2.2558847048587704e-05,8.154676440999591e-05,-6.094299859677619e-05,0.00014248976300677211,3.0,0.0,74.0,-0.08411732797854299,-0.10879171633955309,-0.024674388361010102,-0.06248377721449527,-0.05403745257036641,0.008446324644128866,0.8663526571095597,0.882292102817813,1.0183983339679687,-0.08411732797854299,-0.10879171633955309,-0.024674388361010102,7.976640072449676e-09,8.816521529925757e-10,-7.094987919457101e-09,0.9108228374581354,0.990377387830294,1.0885746659170428,8.555953622740251e-07,-1.1749667271275613e-07,-9.730920349867813e-07,1.0396322203468424,0.9947871382268209,0.9568600416991666,7.4588442574586704e-06,4.48874917147868e-06,-2.9700950859799905e-06,1.094923020144823,1.0550437984826855,0.9635768326903824,1.1116090663823088e-05,4.2371259001014474e-06,-6.878964763721641e-06,0.8361001878592222,0.9304754779037442,1.112877216576724,-3.6572464063644244e-06,2.5162327137721223e-07,3.908869677741637e-06,0.9750179093814566,1.0017652011593643,1.0274319140692545,0.09340014955543552,0.09752889333221049,0.004128743776774968,0.028017453078902133,0.04213818195871466,0.014120728879812527,1.1077886750999575,1.1714267035565191,1.0574459997978842,0.09340014955543552,0.09752889333221049,0.004128743776774968,7.976640072449676e-09,8.816521529925757e-10,-7.094987919457101e-09,0.9108228374581354,0.990377387830294,1.0885746659170428,8.555953622740251e-07,-1.1749667271275613e-07,-9.730920349867813e-07,1.0396322203468424,0.9947871382268209,0.9568600416991666,7.4588442574586704e-06,4.48874917147868e-06,-2.9700950859799905e-06,1.094923020144823,1.0550437984826855,0.9635768326903824,1.1116090663823088e-05,4.2371259001014474e-06,-6.878964763721641e-06,0.8361001878592222,0.9304754779037442,1.112877216576724,-3.6572464063644244e-06,2.5162327137721223e-07,3.908869677741637e-06,0.9750179093814566,1.0017652011593643,1.0274319140692545
-21.645886032399304,0.37139482432894655,-1.8972701082775977e-07,2.0715370310042637e-05,8.321676408773701e-05,-6.483487061075957e-05,0.00014805163469849657,-21.79853189229014,0.32999966129010433,-7.036217243738629e-08,2.0368633584286194e-05,6.739524932688936e-05,-6.511681655759294e-05,0.0001325120658844823,-21.632627291258654,0.3657518581911086,-4.1875461201502866e-08,2.1126716675539546e-05,7.479628544920943e-05,-6.579498826107256e-05,0.000140591273710282,-21.998619709272795,0.2238935839655789,-1.8972701082775977e-07,2.0715370310042637e-05,8.321676408773701e-05,-6.483487061075957e-05,0.00014805163469849657,-21.904480917604737,0.28307133410772045,-7.036217243738629e-08,2.0368633584286194e-05,6.739524932688936e-05,-6.511681655759294e-05,0.0001325120658844823,-21.96976273725894,0.22650738392986608,-4.1875461201502866e-08,2.1126716675539546e-05,7.479628544920943e-05,-6.579498826107256e-05,0.000140591273710282,3.0,1.0,75.0,0.15264585989083557,-0.013258741140649732,-0.1659046010314853,0.04139516303884222,0.005642966137837935,-0.035752196901004285,1.125440016406282,1.0154284001842215,0.9022501289042024,0.15264585989083557,-0.013258741140649732,-0.1659046010314853,-1.1936483839037348e-07,-1.478515496262569e-07,-2.8486711235883422e-08,2.700272482989817,4.541589856126696,1.6842943300612805,3.4673672575644333e-07,-4.1134636549690863e-07,-7.58083091253352e-07,1.0170180794167716,0.9805249237584724,0.9641127623296334,1.5821514760847646e-05,8.42047863852758e-06,-7.401036122320066e-06,1.2347552897768754,1.112577346992863,0.901049548345544,2.8194594683336207e-07,9.601176503129852e-07,6.781717034796232e-07,0.9956716806108599,0.9854089325829741,0.9896941582940447,1.553956881401427e-05,7.460360988214567e-06,-8.079207825799703e-06,1.1172682425820495,1.0530634333482507,0.9425334029209443,-0.09413879166805827,-0.028856972013855398,0.06528181965420288,-0.05917775014214155,-0.002613799964287178,0.05656395017785437,0.7909440374534132,0.988460420063204,1.2497223228289818,-0.09413879166805827,-0.028856972013855398,0.06528181965420288,-1.1936483839037348e-07,-1.478515496262569e-07,-2.8486711235883422e-08,2.700272482989817,4.541589856126696,1.6842943300612805,3.4673672575644333e-07,-4.1134636549690863e-07,-7.58083091253352e-07,1.0170180794167716,0.9805249237584724,0.9641127623296334,1.5821514760847646e-05,8.42047863852758e-06,-7.401036122320066e-06,1.2347552897768754,1.112577346992863,0.901049548345544,2.8194594683336207e-07,9.601176503129852e-07,6.781717034796232e-07,0.9956716806108599,0.9854089325829741,0.9896941582940447,1.553956881401427e-05,7.460360988214567e-06,-8.079207825799703e-06,1.1172682425820495,1.0530634333482507,0.9425334029209443
-21.82754231292658,0.35451911715020656,-2.1178624823609727e-07,2.1771479703314254e-05,0.0001037105748957693,-6.100949700157823e-05,0.00016472007189734754,-21.78997162673302,0.42156264260022136,-1.7107676484862493e-07,1.8715620129978546e-05,7.054963944512626e-05,-4.964444874916603e-05,0.00012019408819429229,-21.61489454491737,0.41967815510912493,-2.6071971321305974e-07,2.108139831775374e-05,8.962036504637594e-05,-4.7821663451715646e-05,0.00013744202849809157,-21.847813732077093,0.34433109548011787,-2.1178624823609727e-07,2.1771479703314254e-05,0.0001037105748957693,-6.100949700157823e-05,0.00016472007189734754,-22.02098820920001,0.29898761042915095,-1.7107676484862493e-07,1.8715620129978546e-05,7.054963944512626e-05,-4.964444874916603e-05,0.00012019408819429229,-21.892125925003917,0.285285647184882,-2.6071971321305974e-07,2.108139831775374e-05,8.962036504637594e-05,-4.7821663451715646e-05,0.00013744202849809157,3.0,0.0,76.0,-0.03757068619356119,-0.21264776800921226,-0.17507708181565107,-0.0670435254500148,-0.06515903795891836,0.0018844874910964315,0.8409642630557036,0.8447404582531828,1.0044903156566665,-0.03757068619356119,-0.21264776800921226,-0.17507708181565107,-4.070948338747234e-08,4.8933464976962475e-08,8.964294836443481e-08,1.2386843816094146,0.8126255900794407,0.6564229648613251,3.0558595733357076e-06,6.90081385560514e-07,-2.3657781877751936e-06,1.1632723481711527,1.03272923846117,0.8877746661022298,3.316093545064304e-05,1.4090209849393364e-05,-1.9070725601249677e-05,1.4700348394119247,1.1572197805724636,0.7872045677136235,-1.1365048252412202e-05,-1.3187833549862584e-05,-1.8227852974503827e-06,1.228931359535724,1.2757737848361679,1.0381184797375123,4.452598370305525e-05,2.727804339925597e-05,-1.724794030379928e-05,1.370449556438451,1.1984685750820188,0.8745068888827724,0.17317447712291667,0.04431219292682442,-0.12886228419609225,0.045343485050966914,0.05904544829523589,0.013701963244268978,1.1516567354437115,1.2069695715756565,1.0480289256563489,0.17317447712291667,0.04431219292682442,-0.12886228419609225,-4.070948338747234e-08,4.8933464976962475e-08,8.964294836443481e-08,1.2386843816094146,0.8126255900794407,0.6564229648613251,3.0558595733357076e-06,6.90081385560514e-07,-2.3657781877751936e-06,1.1632723481711527,1.03272923846117,0.8877746661022298,3.316093545064304e-05,1.4090209849393364e-05,-1.9070725601249677e-05,1.4700348394119247,1.1572197805724636,0.7872045677136235,-1.1365048252412202e-05,-1.3187833549862584e-05,-1.8227852974503827e-06,1.228931359535724,1.2757737848361679,1.0381184797375123,4.452598370305525e-05,2.727804339925597e-05,-1.724794030379928e-05,1.370449556438451,1.1984685750820188,0.8745068888827724
-20.90673233889225,0.499224920188067,7.126428601753125e-08,2.2861611222496736e-05,0.00012194978137837934,-6.614931861014694e-05,0.00018809909998852628,-21.03777828712564,0.5231440428143497,1.2517650016871539e-08,2.2263459061522733e-05,9.860876757176461e-05,-6.022816167013502e-05,0.00015883692924189964,-20.94992969429858,0.4962249608087495,6.292627672916217e-08,2.3364048691178888e-05,0.00011307913520669083,-6.569801063700882e-05,0.00017877714584369967,-21.566273544065794,0.22522592760960664,7.126428601753125e-08,2.2861611222496736e-05,0.00012194978137837934,-6.614931861014694e-05,0.00018809909998852628,-21.640382444132406,0.2487848365774481,1.2517650016871539e-08,2.2263459061522733e-05,9.860876757176461e-05,-6.022816167013502e-05,0.00015883692924189964,-21.512449441955624,0.25211331269189624,6.292627672916217e-08,2.3364048691178888e-05,0.00011307913520669083,-6.569801063700882e-05,0.00017877714584369967,3.0,1.0,77.0,0.131045948233389,0.04319735540632763,-0.08784859282706137,-0.02391912262628265,0.0029999593793175183,0.02691908200560017,0.9542781322844983,1.0060455630321852,1.0542477384779325,0.131045948233389,0.04319735540632763,-0.08784859282706137,5.874663600065971e-08,8.338009288369082e-09,-5.040862671229063e-08,5.647984047920261,1.1307075352677047,0.1986100189713355,5.981521609740029e-07,-5.024374686821525e-07,-1.1005896296561554e-06,1.0268623789808877,0.9784910858373417,0.9528898037670972,2.3341013806614725e-05,8.870646171688505e-06,-1.447036763492622e-05,1.2367019760127345,1.078445402955499,0.8720324946620261,-5.921156940011916e-06,-4.5130797313812083e-07,5.4698489668737955e-06,1.0983139217138056,1.0068709639128741,0.9167439433942578,2.926217074662664e-05,9.321954144826612e-06,-1.994021660180003e-05,1.184227008565252,1.052142285226703,0.8884627822310601,0.0741089000666122,-0.05382410211016975,-0.12793300217678194,-0.023558908967841463,-0.026887385082289605,-0.0033284761144481423,0.9053040796920199,0.8933519817555867,0.9867976975210524,0.0741089000666122,-0.05382410211016975,-0.12793300217678194,5.874663600065971e-08,8.338009288369082e-09,-5.040862671229063e-08,5.647984047920261,1.1307075352677047,0.1986100189713355,5.981521609740029e-07,-5.024374686821525e-07,-1.1005896296561554e-06,1.0268623789808877,0.9784910858373417,0.9528898037670972,2.3341013806614725e-05,8.870646171688505e-06,-1.447036763492622e-05,1.2367019760127345,1.078445402955499,0.8720324946620261,-5.921156940011916e-06,-4.5130797313812083e-07,5.4698489668737955e-06,1.0983139217138056,1.0068709639128741,0.9167439433942578,2.926217074662664e-05,9.321954144826612e-06,-1.994021660180003e-05,1.184227008565252,1.052142285226703,0.8884627822310601
-21.675540558960048,0.41437190922956274,4.819506436390925e-08,2.048584939245304e-05,9.406384450694075e-05,-5.003431385797732e-05,0.00014409815836491808,-21.824324173083088,0.3734814848339621,2.8662754620398722e-08,1.8602802479536183e-05,8.052842104044791e-05,-5.87942828278516e-05,0.00013932270386829952,-21.713419514353888,0.4198649057654581,4.115168237230392e-08,1.992852237201762e-05,8.043625185503867e-05,-5.0021588910203156e-05,0.00013045784076524183,-21.977158427758678,0.2687347082611352,4.819506436390925e-08,2.048584939245304e-05,9.406384450694075e-05,-5.003431385797732e-05,0.00014409815836491808,-21.95786005818595,0.30671618909121984,2.8662754620398722e-08,1.8602802479536183e-05,8.052842104044791e-05,-5.87942828278516e-05,0.00013932270386829952,-22.195914905292774,0.19996993483827502,4.115168237230392e-08,1.992852237201762e-05,8.043625185503867e-05,-5.0021588910203156e-05,0.00013045784076524183,3.0,0.0,78.0,0.1487836141230403,0.037878955393839675,-0.11090465872920063,0.040890424395600644,-0.005492996535895356,-0.046383420931496,1.1094844749876442,0.9869172284723993,0.8895277495605713,0.1487836141230403,0.037878955393839675,-0.11090465872920063,1.953230974351053e-08,7.043381991605336e-09,-1.2488927751905195e-08,1.6756067004002815,1.1683175471230496,0.6948263191234763,1.8830469129168585e-06,5.573270204354214e-07,-1.325719892481437e-06,1.1012179102152562,1.0279611410178477,0.9334715733114065,1.353542346649284e-05,1.3627592651902079e-05,9.216918540923811e-08,1.1680811132703446,1.1694195763186945,1.0011446215956583,8.759968969874276e-06,-1.2724947774166802e-08,-8.772693917648443e-06,0.8510078965546127,1.0002563887651803,1.1753805036350888,4.775454496618557e-06,1.3640317599676252e-05,8.864863103057695e-06,1.0342754693706326,1.104556438034092,1.0679511193497202,-0.019298369572727125,0.21875647753409666,0.23805484710682379,-0.037981480830084624,0.06876477342286019,0.10674625425294482,0.8761673420948597,1.3438755598139585,1.533811516145636,-0.019298369572727125,0.21875647753409666,0.23805484710682379,1.953230974351053e-08,7.043381991605336e-09,-1.2488927751905195e-08,1.6756067004002815,1.1683175471230496,0.6948263191234763,1.8830469129168585e-06,5.573270204354214e-07,-1.325719892481437e-06,1.1012179102152562,1.0279611410178477,0.9334715733114065,1.353542346649284e-05,1.3627592651902079e-05,9.216918540923811e-08,1.1680811132703446,1.1694195763186945,1.0011446215956583,8.759968969874276e-06,-1.2724947774166802e-08,-8.772693917648443e-06,0.8510078965546127,1.0002563887651803,1.1753805036350888,4.775454496618557e-06,1.3640317599676252e-05,8.864863103057695e-06,1.0342754693706326,1.104556438034092,1.0679511193497202
-21.56332634749046,0.4061446582745773,-2.9515640055818765e-08,1.94407072281086e-05,9.01091645266582e-05,-4.623275589959273e-05,0.00013634192042625092,-21.723489303618408,0.3252608180822676,6.280102060136745e-08,2.0408440074773706e-05,8.887193512362938e-05,-5.093453833904204e-05,0.00013980647346267144,-21.594387439437643,0.3899249878767823,1.0632865215531209e-07,1.9920974558487887e-05,7.50853182423701e-05,-4.667628570343168e-05,0.00012176160394580178,-22.097825764566096,0.18728702924860482,-2.9515640055818765e-08,1.94407072281086e-05,9.01091645266582e-05,-4.623275589959273e-05,0.00013634192042625092,-22.069666847940308,0.19454507134609375,6.280102060136745e-08,2.0408440074773706e-05,8.887193512362938e-05,-5.093453833904204e-05,0.00013980647346267144,-22.156212430693667,0.1696971719696629,1.0632865215531209e-07,1.9920974558487887e-05,7.50853182423701e-05,-4.667628570343168e-05,0.00012176160394580178,3.0,1.0,79.0,0.16016295612794806,0.031061091947183428,-0.12910186418076464,0.08088384019230971,0.016219670397794983,-0.06466416979451473,1.24867378906667,1.0415968988854871,0.8341625392359694,0.16016295612794806,0.031061091947183428,-0.12910186418076464,-9.231666065718621e-08,-1.3584429221113086e-07,-4.3527631553944634e-08,-0.46923944593638445,-0.2773279512433023,0.590076256060459,-9.677328466651064e-07,-4.80267330379288e-07,4.874655162858184e-07,0.9525770661145228,0.9758864749504883,1.024464820652868,1.237229403028815e-06,1.5023846284288099e-05,1.3786616881259284e-05,1.0139203451491559,1.2000887340840611,1.1836111085744698,4.701782439449313e-06,4.435298038389521e-07,-4.258252635610361e-06,0.9076914835468913,0.9904998706051864,1.091231804215255,-3.4645530364205113e-06,1.4580316480449146e-05,1.8044869516869658e-05,0.9752182393816726,1.1197438604090089,1.1481974129148331,-0.028158916625788066,0.058386666127571374,0.08654558275335944,-0.007258042097488926,0.01758985727894191,0.024847899376430838,0.9626922329949641,1.1036543919053703,1.1464249461165472,-0.028158916625788066,0.058386666127571374,0.08654558275335944,-9.231666065718621e-08,-1.3584429221113086e-07,-4.3527631553944634e-08,-0.46923944593638445,-0.2773279512433023,0.590076256060459,-9.677328466651064e-07,-4.80267330379288e-07,4.874655162858184e-07,0.9525770661145228,0.9758864749504883,1.024464820652868,1.237229403028815e-06,1.5023846284288099e-05,1.3786616881259284e-05,1.0139203451491559,1.2000887340840611,1.1836111085744698,4.701782439449313e-06,4.435298038389521e-07,-4.258252635610361e-06,0.9076914835468913,0.9904998706051864,1.091231804215255,-3.4645530364205113e-06,1.4580316480449146e-05,1.8044869516869658e-05,0.9752182393816726,1.1197438604090089,1.1481974129148331
-21.785844671215553,0.31837752474537767,2.6233905358257344e-08,2.149984484814248e-05,9.006736405042627e-05,-6.432765809964556e-05,0.00015439502215007183,-21.828421277785964,0.33368509837795335,-4.2786600011197256e-08,2.2623853418135494e-05,8.450892547893287e-05,-6.494683829717134e-05,0.0001494557637761042,-21.922625976505177,0.25492247969030235,1.303256117483128e-07,2.2622351104359085e-05,7.859146822566533e-05,-6.374646867327321e-05,0.00014233793689893856,-21.81843755336269,0.3040103629988197,2.6233905358257344e-08,2.149984484814248e-05,9.006736405042627e-05,-6.432765809964556e-05,0.00015439502215007183,-21.86167582359732,0.3180495816534406,-4.2786600011197256e-08,2.2623853418135494e-05,8.450892547893287e-05,-6.494683829717134e-05,0.0001494557637761042,-21.6010614758641,0.3996215384513041,1.303256117483128e-07,2.2622351104359085e-05,7.859146822566533e-05,-6.374646867327321e-05,0.00014233793689893856,3.0,0.0,80.0,0.04257660657041029,0.13678130528962384,0.09420469871921355,-0.015307573632575677,0.06345504505507532,0.078762618687651,0.9541256897524087,1.24891898512549,1.3089669402731396,0.04257660657041029,0.13678130528962384,0.09420469871921355,6.902050536945459e-08,-1.0409170639005546e-07,-1.7311221175951006e-07,-0.6145700372336014,0.20114074993860787,-0.32805366551597365,-1.1240085699930138e-06,-1.1225062562166055e-06,1.5023137764083258e-09,0.9503133449217623,0.950376453416213,1.000061987702833,5.558438571493402e-06,1.1475895824760937e-05,5.917457253267535e-06,1.0657721295446607,1.1460181554312507,1.0752925203919665,6.191801975257804e-07,-5.811894263723472e-07,-1.2003696238981277e-06,0.9904678785454457,1.0091187849358398,1.0188319687675236,4.939258373967622e-06,1.205708525113327e-05,7.117826877165649e-06,1.0330476051536315,1.0847066990230716,1.0500057962877436,0.04323827023463167,-0.21737607749858867,-0.26061434773322034,-0.014039218654620877,-0.09561117545248438,-0.0815719567978635,0.9558583957972175,0.7607456897866639,0.7958769760169192,0.04323827023463167,-0.21737607749858867,-0.26061434773322034,6.902050536945459e-08,-1.0409170639005546e-07,-1.7311221175951006e-07,-0.6145700372336014,0.20114074993860787,-0.32805366551597365,-1.1240085699930138e-06,-1.1225062562166055e-06,1.5023137764083258e-09,0.9503133449217623,0.950376453416213,1.000061987702833,5.558438571493402e-06,1.1475895824760937e-05,5.917457253267535e-06,1.0657721295446607,1.1460181554312507,1.0752925203919665,6.191801975257804e-07,-5.811894263723472e-07,-1.2003696238981277e-06,0.9904678785454457,1.0091187849358398,1.0188319687675236,4.939258373967622e-06,1.205708525113327e-05,7.117826877165649e-06,1.0330476051536315,1.0847066990230716,1.0500057962877436
-21.636307803860227,0.37332592788378943,-4.359615659169735e-08,2.2151789058074896e-05,8.370730984787227e-05,-6.1177112978252e-05,0.00014488442282612428,-21.777254286676538,0.35576029521835906,-4.467485512857847e-08,2.100480251428623e-05,8.219992497157036e-05,-5.7669711025682836e-05,0.0001398696359972532,-21.565637823765126,0.3771285066226729,-6.451333053290399e-08,2.2990147214972002e-05,8.816650173796764e-05,-6.61285069343624e-05,0.00015429500867233004,-21.957490199067315,0.2367322597873703,-4.359615659169735e-08,2.2151789058074896e-05,8.370730984787227e-05,-6.1177112978252e-05,0.00014488442282612428,-22.130566315909366,0.2072674245141544,-4.467485512857847e-08,2.100480251428623e-05,8.219992497157036e-05,-5.7669711025682836e-05,0.0001398696359972532,-22.01705720838643,0.19869731245127364,-6.451333053290399e-08,2.2990147214972002e-05,8.816650173796764e-05,-6.61285069343624e-05,0.00015429500867233004,3.0,1.0,81.0,0.14094648281631095,-0.07066998009510073,-0.21161646291141167,0.017565632665430375,-0.0038025787388834553,-0.02136821140431383,1.0493749100070637,0.989917020932921,0.9433397074911993,0.14094648281631095,-0.07066998009510073,-0.21161646291141167,1.0786985368811156e-09,2.0917173941206633e-08,1.9838475404325517e-08,0.978043707959162,0.6768188545914003,0.6935653654138781,1.1469865437886666e-06,-8.383581568971059e-07,-1.9853447006857725e-06,1.0546008981954869,0.9635298329305882,0.9136396976456701,1.5073848763019147e-06,-4.459191890095372e-06,-5.966576766397287e-06,1.0183367934112335,0.9494219829029087,0.9323249773862179,-3.507401952569162e-06,4.951393956110397e-06,8.458795908679559e-06,1.060820627886793,0.9251260663057413,0.8720868035264258,5.01478682887109e-06,-9.410585846205755e-06,-1.4425372675076845e-05,1.0358525508975691,0.9390085277026452,0.906507258725151,0.1730761168420507,0.05956700931911385,-0.11350910752293686,0.029464835273215917,0.038034947336096664,0.008570112062880747,1.1421585433797286,1.1914215484232167,1.0431314940944116,0.1730761168420507,0.05956700931911385,-0.11350910752293686,1.0786985368811156e-09,2.0917173941206633e-08,1.9838475404325517e-08,0.978043707959162,0.6768188545914003,0.6935653654138781,1.1469865437886666e-06,-8.383581568971059e-07,-1.9853447006857725e-06,1.0546008981954869,0.9635298329305882,0.9136396976456701,1.5073848763019147e-06,-4.459191890095372e-06,-5.966576766397287e-06,1.0183367934112335,0.9494219829029087,0.9323249773862179,-3.507401952569162e-06,4.951393956110397e-06,8.458795908679559e-06,1.060820627886793,0.9251260663057413,0.8720868035264258,5.01478682887109e-06,-9.410585846205755e-06,-1.4425372675076845e-05,1.0358525508975691,0.9390085277026452,0.906507258725151
-21.46373758598949,0.4143788707333209,-4.5292174995880845e-08,2.3953515696344076e-05,7.62231719597148e-05,-7.15689275093419e-05,0.00014779209946905669,-22.017200682444486,0.27482105676463514,-1.776342388178663e-07,2.289395130742597e-05,8.276527374627443e-05,-8.299784527585672e-05,0.00016576311902213116,-22.075952158581952,0.263832352485538,-1.4326482606293752e-07,2.2075644035030765e-05,9.098766355921674e-05,-7.079097569209474e-05,0.00016177863925131148,-22.03486679905536,0.18623787598627478,-4.5292174995880845e-08,2.3953515696344076e-05,7.62231719597148e-05,-7.15689275093419e-05,0.00014779209946905669,-21.857785660725728,0.34958361550085904,-1.776342388178663e-07,2.289395130742597e-05,8.276527374627443e-05,-8.299784527585672e-05,0.00016576311902213116,-22.0541021478913,0.27333658003015265,-1.4326482606293752e-07,2.2075644035030765e-05,9.098766355921674e-05,-7.079097569209474e-05,0.00016177863925131148,3.0,0.0,82.0,0.553463096454994,0.6122145725924604,0.05875147613746634,0.13955781396868577,0.15054651824778292,0.01098870427909715,1.5078133948717978,1.5706143187991841,1.0416503285946876,0.553463096454994,0.6122145725924604,0.05875147613746634,1.3234206382198544e-07,9.797265106705668e-08,-3.4369412754928775e-08,0.2551179721582969,0.31636384607466145,1.2407673288393861,1.0595643889181058e-06,1.8778716613133114e-06,8.183072723952056e-07,1.0462768417302557,1.0850604019657766,1.0370636328767373,-6.542101786559629e-06,-1.4764491599501947e-05,-8.222389812942318e-06,0.9209548451189817,0.8377299207943183,0.909630817471506,1.1428917766514817e-05,-7.779518172471668e-07,-1.2206869583761983e-05,0.8622996597253424,1.0109908488861092,1.17243704735136,-1.7971019553074472e-05,-1.3986539782254794e-05,3.984479770819679e-06,0.8915856022880737,0.9135446360443719,1.024628574738923,-0.17708113832963335,0.019235348835938026,0.19631648716557137,-0.16334573951458425,-0.08709870404387787,0.07624703547070638,0.5327420041301762,0.6813499894437666,1.2789492549237296,-0.17708113832963335,0.019235348835938026,0.19631648716557137,1.3234206382198544e-07,9.797265106705668e-08,-3.4369412754928775e-08,0.2551179721582969,0.31636384607466145,1.2407673288393861,1.0595643889181058e-06,1.8778716613133114e-06,8.183072723952056e-07,1.0462768417302557,1.0850604019657766,1.0370636328767373,-6.542101786559629e-06,-1.4764491599501947e-05,-8.222389812942318e-06,0.9209548451189817,0.8377299207943183,0.909630817471506,1.1428917766514817e-05,-7.779518172471668e-07,-1.2206869583761983e-05,0.8622996597253424,1.0109908488861092,1.17243704735136,-1.7971019553074472e-05,-1.3986539782254794e-05,3.984479770819679e-06,0.8915856022880737,0.9135446360443719,1.024628574738923
-22.277084898556737,0.23610908148155896,8.479768554894863e-08,1.938186286953816e-05,0.00011082967433074725,-5.61406405009824e-05,0.00016697031483172965,-22.394313102110694,0.16409645981203858,3.8232319424943016e-08,1.9158919893730154e-05,0.0001054880432098008,-4.9110381646924e-05,0.0001545984248567248,-22.21282373894617,0.22828180900419118,-4.266146836716967e-08,1.9989143654288404e-05,0.00011545412658499232,-5.9369050206259655e-05,0.00017482317679125197,-22.079784760951203,0.33381828242659434,8.479768554894863e-08,1.938186286953816e-05,0.00011082967433074725,-5.61406405009824e-05,0.00016697031483172965,-21.85833684978339,0.4126159096954798,3.8232319424943016e-08,1.9158919893730154e-05,0.0001054880432098008,-4.9110381646924e-05,0.0001545984248567248,-22.019792710372,0.31562598461386904,-4.266146836716967e-08,1.9989143654288404e-05,0.00011545412658499232,-5.9369050206259655e-05,0.00017482317679125197,3.0,1.0,83.0,0.11722820355395669,-0.06426115961056666,-0.18148936316452335,0.07201262166952038,0.00782727247736778,-0.0641853491921526,1.4388432365215047,1.0342877621659083,0.7188328341008657,0.11722820355395669,-0.06426115961056666,-0.18148936316452335,4.6565366124005615e-08,1.274591539161183e-07,8.089378779211269e-08,2.2121720475325684,-1.992358083546723,-0.8982847841413761,2.2294297580800564e-07,-6.07280784750244e-07,-8.302237605582497e-07,1.0116312304618948,0.969614618979346,0.9584614718336221,5.3416311209464535e-06,-4.624452254245069e-06,-9.966083375191522e-06,1.0506363175842703,0.9599447123675401,0.9136784882634431,-7.030258854058399e-06,3.228409705277256e-06,1.0258668559335655e-05,1.143154521177517,0.9456229275730587,0.8272065023266315,1.237188997500486e-05,-7.852861959522318e-06,-2.0224751934527177e-05,1.0800252782907889,0.9550805699123283,0.884312590944759,-0.22144791116781093,-0.059992050579204204,0.16145586058860673,-0.07879762726888545,0.0181922978127253,0.09698992508161075,0.8090291103706039,1.0576387832238132,1.3072938531012808,-0.22144791116781093,-0.059992050579204204,0.16145586058860673,4.6565366124005615e-08,1.274591539161183e-07,8.089378779211269e-08,2.2121720475325684,-1.992358083546723,-0.8982847841413761,2.2294297580800564e-07,-6.07280784750244e-07,-8.302237605582497e-07,1.0116312304618948,0.969614618979346,0.9584614718336221,5.3416311209464535e-06,-4.624452254245069e-06,-9.966083375191522e-06,1.0506363175842703,0.9599447123675401,0.9136784882634431,-7.030258854058399e-06,3.228409705277256e-06,1.0258668559335655e-05,1.143154521177517,0.9456229275730587,0.8272065023266315,1.237188997500486e-05,-7.852861959522318e-06,-2.0224751934527177e-05,1.0800252782907889,0.9550805699123283,0.884312590944759
-21.995173343175637,0.177012954006924,-2.2088043284667507e-08,2.1434567741452594e-05,8.069140751821088e-05,-5.873431661033085e-05,0.00013942572412854173,-21.92444957171728,0.2071492180716268,-1.446506425175833e-08,2.3734794967712468e-05,8.583563041090854e-05,-7.747402869998303e-05,0.00016330965911089156,-22.17455485594274,0.13827171033243663,-6.046932404328857e-08,2.2313769689364783e-05,7.882149777321311e-05,-6.180935756968384e-05,0.00014063085534289695,-21.965410977621755,0.18532641316220932,-2.2088043284667507e-08,2.1434567741452594e-05,8.069140751821088e-05,-5.873431661033085e-05,0.00013942572412854173,-22.027025448131614,0.1768987755133448,-1.446506425175833e-08,2.3734794967712468e-05,8.583563041090854e-05,-7.747402869998303e-05,0.00016330965911089156,-22.202217597893345,0.13168943859550675,-6.046932404328857e-08,2.2313769689364783e-05,7.882149777321311e-05,-6.180935756968384e-05,0.00014063085534289695,3.0,0.0,84.0,-0.07072377145835773,0.17938151276710457,0.2501052842254623,-0.030136264064702822,0.03874124367448736,0.06887750773919019,0.8545190542803092,1.2801819942295238,1.4981315948416334,-0.07072377145835773,0.17938151276710457,0.2501052842254623,-7.622979032909177e-09,3.838128075862106e-08,4.600425979153023e-08,1.5376223104580864,0.3658819050024314,0.23960951163518043,-2.300227226259874e-06,-8.792019479121888e-07,1.421025278347685e-06,0.9030824771127447,0.9605939283435324,1.0636790165994796,-5.144222892697656e-06,1.869909744997778e-06,7.014132637695434e-06,0.940067814789121,1.0237220482433969,1.0889861768328566,1.8739712089652182e-05,3.0750409593529885e-06,-1.5664671130299193e-05,0.7581171833660181,0.9502511261215797,1.2534372963894398,-2.388393498234983e-05,-1.2051312143552173e-06,2.2678803767994614e-05,0.8537501058578382,0.9914298298591762,1.1612639529660997,0.06161447050985913,0.23680662027159016,0.17519214976173103,0.008427637648864533,0.05363697456670258,0.045209336917838044,1.0476410168450525,1.4072989831076914,1.343302676856049,0.06161447050985913,0.23680662027159016,0.17519214976173103,-7.622979032909177e-09,3.838128075862106e-08,4.600425979153023e-08,1.5376223104580864,0.3658819050024314,0.23960951163518043,-2.300227226259874e-06,-8.792019479121888e-07,1.421025278347685e-06,0.9030824771127447,0.9605939283435324,1.0636790165994796,-5.144222892697656e-06,1.869909744997778e-06,7.014132637695434e-06,0.940067814789121,1.0237220482433969,1.0889861768328566,1.8739712089652182e-05,3.0750409593529885e-06,-1.5664671130299193e-05,0.7581171833660181,0.9502511261215797,1.2534372963894398,-2.388393498234983e-05,-1.2051312143552173e-06,2.2678803767994614e-05,0.8537501058578382,0.9914298298591762,1.1612639529660997
-21.528704150923044,0.4563474843073713,-1.3752222931879397e-07,1.8199783151346165e-05,7.369347721795385e-05,-5.338938021525971e-05,0.00012708285743321356,-21.727014875947525,0.4232646516674551,-1.6188387230180462e-07,1.7415387448864572e-05,5.683781397099862e-05,-4.710655243880361e-05,0.00010394436640980223,-21.366829255156546,0.5429280314258473,-1.0086769931167706e-07,1.9046318404206362e-05,7.35202317361505e-05,-5.464625001074559e-05,0.0001281664817468961,-21.799406086602026,0.3169232183013342,-1.3752222931879397e-07,1.8199783151346165e-05,7.369347721795385e-05,-5.338938021525971e-05,0.00012708285743321356,-21.841081258218168,0.360514989113652,-1.6188387230180462e-07,1.7415387448864572e-05,5.683781397099862e-05,-4.710655243880361e-05,0.00010394436640980223,-21.918313748628957,0.2586775692416969,-1.0086769931167706e-07,1.9046318404206362e-05,7.35202317361505e-05,-5.464625001074559e-05,0.0001281664817468961,3.0,1.0,85.0,0.19831072502448066,-0.16187489576649838,-0.36018562079097904,0.03308283263991624,-0.08658054711847601,-0.11966337975839225,1.078161104173878,0.8405303425296541,0.7795962394461569,0.19831072502448066,-0.16187489576649838,-0.36018562079097904,2.4361642983010655e-08,-3.665453000711691e-08,-6.101617299012757e-08,0.8500367024362537,1.3647451540342725,1.6065055906565227,7.843957024815928e-07,-8.465352528601974e-07,-1.6309309553417902e-06,1.045034381310569,0.9555488473006967,0.9143654769769428,1.6855663246955228e-05,1.7324548180334173e-07,-1.6682417765151886e-05,1.29655492380589,1.0023550693762473,0.7730897376113313,-6.282827776456096e-06,1.256869795485883e-06,7.539697571941979e-06,1.133377222252478,0.977001677240963,0.8620287509649006,2.3138491023411324e-05,-1.0836243136825414e-06,-2.4222115337093865e-05,1.2226033941257437,0.9915444080749326,0.8110098981579457,0.041675171616141427,0.11890766202693115,0.07723249041078972,-0.0435917708123178,0.058245649059637306,0.1018374198719551,0.8790847198686543,1.2251669872570143,1.393684771474848,0.041675171616141427,0.11890766202693115,0.07723249041078972,2.4361642983010655e-08,-3.665453000711691e-08,-6.101617299012757e-08,0.8500367024362537,1.3647451540342725,1.6065055906565227,7.843957024815928e-07,-8.465352528601974e-07,-1.6309309553417902e-06,1.045034381310569,0.9555488473006967,0.9143654769769428,1.6855663246955228e-05,1.7324548180334173e-07,-1.6682417765151886e-05,1.29655492380589,1.0023550693762473,0.7730897376113313,-6.282827776456096e-06,1.256869795485883e-06,7.539697571941979e-06,1.133377222252478,0.977001677240963,0.8620287509649006,2.3138491023411324e-05,-1.0836243136825414e-06,-2.4222115337093865e-05,1.2226033941257437,0.9915444080749326,0.8110098981579457
-21.485044704935408,0.42539426697363053,-5.963564978410002e-08,2.1340820535737946e-05,9.136201660858075e-05,-7.492345942747069e-05,0.00016628547603605144,-21.375683472903063,0.4889124811578384,-3.3623614774156496e-08,2.2160203001645558e-05,9.006929099855378e-05,-7.387272409820677e-05,0.00016394201509676055,-21.486264888795862,0.44705401418230606,-1.1131198576648467e-08,2.1865819729807137e-05,9.083119824377953e-05,-6.4576456337002e-05,0.00015540765458078154,-21.828010960980833,0.26821767874211977,-5.963564978410002e-08,2.1340820535737946e-05,9.136201660858075e-05,-7.492345942747069e-05,0.00016628547603605144,-21.749722416500088,0.30009016324634324,-3.3623614774156496e-08,2.2160203001645558e-05,9.006929099855378e-05,-7.387272409820677e-05,0.00016394201509676055,-21.78425732890086,0.30039800877335454,-1.1131198576648467e-08,2.1865819729807137e-05,9.083119824377953e-05,-6.4576456337002e-05,0.00015540765458078154,3.0,0.0,86.0,-0.10936123203234516,0.0012201838604539716,0.11058141589279913,-0.06351821418420789,-0.02165974720867553,0.04185846697553236,0.8700826493101733,0.9515500440289127,1.0936317884153917,-0.10936123203234516,0.0012201838604539716,0.11058141589279913,-2.601203500994352e-08,-4.850445120745155e-08,-2.2492416197508027e-08,1.7789146601837642,5.4060897707290385,3.0480472761439605,-8.193824659076114e-07,-5.249991940691902e-07,2.9438327183842124e-07,0.9630202499556635,0.9759854970402463,1.0134585361820962,1.292725610026966e-06,5.308183648012146e-07,-7.619072452257514e-07,1.0143514416573298,1.0058429018968422,0.99161074145191,-1.0507353292639216e-06,-1.0347003090468691e-05,-9.29626776120477e-06,1.014224962793618,1.1602305189916675,1.143959310938669,2.3434609392908876e-06,1.0877821455269893e-05,8.534360515979005e-06,1.0142938313191079,1.0699947147722002,1.0549152810231412,-0.07828854448074551,-0.04375363207997296,0.034534912400772555,-0.031872484504223475,-0.03218033003123477,-0.00030784552701129675,0.8937903053908552,0.8928743560853569,0.9989752074983257,-0.07828854448074551,-0.04375363207997296,0.034534912400772555,-2.601203500994352e-08,-4.850445120745155e-08,-2.2492416197508027e-08,1.7789146601837642,5.4060897707290385,3.0480472761439605,-8.193824659076114e-07,-5.249991940691902e-07,2.9438327183842124e-07,0.9630202499556635,0.9759854970402463,1.0134585361820962,1.292725610026966e-06,5.308183648012146e-07,-7.619072452257514e-07,1.0143514416573298,1.0058429018968422,0.99161074145191,-1.0507353292639216e-06,-1.0347003090468691e-05,-9.29626776120477e-06,1.014224962793618,1.1602305189916675,1.143959310938669,2.3434609392908876e-06,1.0877821455269893e-05,8.534360515979005e-06,1.0142938313191079,1.0699947147722002,1.0549152810231412
-21.462645582086427,0.43995647365995094,1.1088447463862118e-07,2.3981443411529604e-05,9.823010381560279e-05,-7.256798935892089e-05,0.00017079809317452368,-21.65257319775692,0.4090246486135795,-6.983129868704186e-08,2.1315860222853234e-05,8.335621746976426e-05,-8.313842637659285e-05,0.0001664946438463571,-21.300986764530673,0.46999175377001284,7.242692077369835e-08,2.3990073689455876e-05,8.127959474854636e-05,-7.577750616789836e-05,0.0001570571009164447,-21.90071952448945,0.24254341517817044,1.1088447463862118e-07,2.3981443411529604e-05,9.823010381560279e-05,-7.256798935892089e-05,0.00017079809317452368,-21.980176849640713,0.2560075706421691,-6.983129868704186e-08,2.1315860222853234e-05,8.335621746976426e-05,-8.313842637659285e-05,0.0001664946438463571,-21.91656835542392,0.2071029643834476,7.242692077369835e-08,2.3990073689455876e-05,8.127959474854636e-05,-7.577750616789836e-05,0.0001570571009164447,3.0,1.0,87.0,0.18992761567049143,-0.16165881755575384,-0.3515864332262453,0.03093182504637143,-0.0300352801100619,-0.06096710515643333,1.0756233763506793,0.9360940272616595,0.870280478850071,0.18992761567049143,-0.16165881755575384,-0.3515864332262453,1.8071577332566306e-07,3.845755386492283e-08,-1.422582194607402e-07,-1.5901679264038544,1.5288733267004089,-0.962832806661302,2.6655831886763693e-06,-8.630277926272712e-09,-2.674213466602642e-06,1.1250463577905656,0.9996360894239749,0.8885246309084435,1.4873886345838526e-05,1.695050906705643e-05,2.0766227212179055e-06,1.1784362217204916,1.2085442018390404,1.0255478656464203,1.0570437017671958e-05,3.2095168089774654e-06,-7.360920208694492e-06,0.8728584339093939,0.9576467845591543,1.0971400392405202,4.3034493281665686e-06,1.3740992258078966e-05,9.437542929912398e-06,1.025846757854036,1.0874897309890885,1.0600892087395162,0.0794573251512638,0.01584883093446976,-0.06360849421679404,-0.013464155463998678,0.03544045079472283,0.048904606258721506,0.9474071976662021,1.1711247870503338,1.2361366785873802,0.0794573251512638,0.01584883093446976,-0.06360849421679404,1.8071577332566306e-07,3.845755386492283e-08,-1.422582194607402e-07,-1.5901679264038544,1.5288733267004089,-0.962832806661302,2.6655831886763693e-06,-8.630277926272712e-09,-2.674213466602642e-06,1.1250463577905656,0.9996360894239749,0.8885246309084435,1.4873886345838526e-05,1.695050906705643e-05,2.0766227212179055e-06,1.1784362217204916,1.2085442018390404,1.0255478656464203,1.0570437017671958e-05,3.2095168089774654e-06,-7.360920208694492e-06,0.8728584339093939,0.9576467845591543,1.0971400392405202,4.3034493281665686e-06,1.3740992258078966e-05,9.437542929912398e-06,1.025846757854036,1.0874897309890885,1.0600892087395162
-21.734585425817787,0.33195812169814914,-4.64368386876485e-08,1.9503315242054645e-05,9.060189592021591e-05,-6.567367482497663e-05,0.00015627557074519253,-21.834307856122102,0.3133536651028494,6.315559529388102e-08,2.1846220066478574e-05,8.824556281770017e-05,-7.573533198149653e-05,0.0001639808947991967,-21.641336880359372,0.37324992428832665,7.568253800930492e-08,2.0452544298202077e-05,9.425725073063028e-05,-6.219425369862914e-05,0.00015645150442925943,-21.482615087524884,0.46315131596253456,-4.64368386876485e-08,1.9503315242054645e-05,9.060189592021591e-05,-6.567367482497663e-05,0.00015627557074519253,-21.47568052577385,0.5074932541723427,6.315559529388102e-08,2.1846220066478574e-05,8.824556281770017e-05,-7.573533198149653e-05,0.0001639808947991967,-21.57341598803228,0.4082470349833932,7.568253800930492e-08,2.0452544298202077e-05,9.425725073063028e-05,-6.219425369862914e-05,0.00015645150442925943,3.0,0.0,88.0,0.09972243030431471,-0.09324854545841532,-0.19297097576273003,0.018604456595299745,-0.04129180259017751,-0.05989625918547725,1.0593720723938433,0.8893722409780911,0.8395277389978475,0.09972243030431471,-0.09324854545841532,-0.19297097576273003,-1.0959243398152953e-07,-1.2211937669695342e-07,-1.2526942715423898e-08,-0.7341143257273327,-0.6127643637634145,0.8333792579779592,-2.3429048244239287e-06,-9.492290561474325e-07,1.3936757682764962e-06,0.8927505951897554,0.9535840431043489,1.0681367038881617,2.356333102515747e-06,-3.655354810414371e-06,-6.011687912930118e-06,1.0267008374947935,0.9612183582279862,0.93621942621631,1.00616571565199e-05,-3.4794211263474833e-06,-1.3541078282867383e-05,0.8671482625288832,1.0559461126074325,1.2177242952526235,-7.705324054004166e-06,-1.759336840669013e-07,7.529390369937264e-06,0.9530102615645193,0.9988748361852274,1.048125363734072,-0.006934561751034352,0.09080090050739642,0.09773546225843077,-0.04434193820980814,0.05490428097914135,0.09924621918894949,0.9126255611547255,1.1344878864041865,1.2431033432212835,-0.006934561751034352,0.09080090050739642,0.09773546225843077,-1.0959243398152953e-07,-1.2211937669695342e-07,-1.2526942715423898e-08,-0.7341143257273327,-0.6127643637634145,0.8333792579779592,-2.3429048244239287e-06,-9.492290561474325e-07,1.3936757682764962e-06,0.8927505951897554,0.9535840431043489,1.0681367038881617,2.356333102515747e-06,-3.655354810414371e-06,-6.011687912930118e-06,1.0267008374947935,0.9612183582279862,0.93621942621631,1.00616571565199e-05,-3.4794211263474833e-06,-1.3541078282867383e-05,0.8671482625288832,1.0559461126074325,1.2177242952526235,-7.705324054004166e-06,-1.759336840669013e-07,7.529390369937264e-06,0.9530102615645193,0.9988748361852274,1.048125363734072
-21.329793271016257,0.38721986161473665,5.301778055999039e-08,2.771892857645763e-05,0.0001294552053944916,-9.894333846945336e-05,0.00022839854386394495,-21.049549261317267,0.5144725908214283,6.99701350484711e-08,2.773410125945066e-05,0.00013296410398468627,-0.00010715314324263803,0.0002401172472273243,-21.056533793972843,0.4779519416455325,7.089451650469937e-08,2.886844639992784e-05,0.0001278830679815983,-0.0001180531418992,0.00024593620988079827,-21.34254837510767,0.38120994837749894,5.301778055999039e-08,2.771892857645763e-05,0.0001294552053944916,-9.894333846945336e-05,0.00022839854386394495,-21.464520833721544,0.3116259863468008,6.99701350484711e-08,2.773410125945066e-05,0.00013296410398468627,-0.00010715314324263803,0.0002401172472273243,-21.33352618586391,0.3435619700108648,7.089451650469937e-08,2.886844639992784e-05,0.0001278830679815983,-0.0001180531418992,0.00024593620988079827,3.0,1.0,89.0,-0.28024400969898977,-0.273259477043414,0.006984532655575748,-0.12725272920669162,-0.09073208003079586,0.03652064917589576,0.7526540158752091,0.810164846701046,1.0764107138942012,-0.28024400969898977,-0.273259477043414,0.006984532655575748,-1.695235448848071e-08,-1.7876735944708982e-08,-9.243814562282718e-10,0.7566387666202624,0.7467869797589363,0.9855709777788196,-1.517268299302933e-08,-1.1495178234702114e-06,-1.134345140477182e-06,0.9994493195296971,0.9601774953423673,0.9607030736926879,-3.5088985901946792e-06,1.5721374128932974e-06,5.081036003087977e-06,0.9736094491221199,1.0122927625089762,1.0397310770704327,8.209804773184673e-06,1.9109803429746638e-05,1.0899998656561965e-05,0.9233833727466371,0.8381261243055175,0.9076694807587518,-1.1718703363379365e-05,-1.7537666016853327e-05,-5.818962653473961e-06,0.9511955154481824,0.9286898058064155,0.9763391479025836,0.12197245861387529,-0.009022189243758305,-0.1309946478576336,0.06958396203069817,0.03764797836663414,-0.03193598366406403,1.2232931942682423,1.1095813318758343,0.907044473654175,0.12197245861387529,-0.009022189243758305,-0.1309946478576336,-1.695235448848071e-08,-1.7876735944708982e-08,-9.243814562282718e-10,0.7566387666202624,0.7467869797589363,0.9855709777788196,-1.517268299302933e-08,-1.1495178234702114e-06,-1.134345140477182e-06,0.9994493195296971,0.9601774953423673,0.9607030736926879,-3.5088985901946792e-06,1.5721374128932974e-06,5.081036003087977e-06,0.9736094491221199,1.0122927625089762,1.0397310770704327,8.209804773184673e-06,1.9109803429746638e-05,1.0899998656561965e-05,0.9233833727466371,0.8381261243055175,0.9076694807587518,-1.1718703363379365e-05,-1.7537666016853327e-05,-5.818962653473961e-06,0.9511955154481824,0.9286898058064155,0.9763391479025836
-21.503602524114267,0.4266656421636686,9.022696611273622e-08,2.6724416134612294e-05,9.429694757604541e-05,-8.942480181336884e-05,0.00018372174938941426,-21.670726563280244,0.3578761331866324,3.2523789689330794e-08,2.1609466003995984e-05,8.705264641177421e-05,-5.44510192147593e-05,0.0001415036656265335,-21.560460421509394,0.4007863440982764,7.068262696938253e-08,2.2915175894301877e-05,0.00010201039706354785,-7.117951298919721e-05,0.00017318991005274505,-21.89253991606252,0.2508083285480627,9.022696611273622e-08,2.6724416134612294e-05,9.429694757604541e-05,-8.942480181336884e-05,0.00018372174938941426,-21.829205171711937,0.28719702668110036,3.2523789689330794e-08,2.1609466003995984e-05,8.705264641177421e-05,-5.44510192147593e-05,0.0001415036656265335,-21.889766029400434,0.2545580046082673,7.068262696938253e-08,2.2915175894301877e-05,0.00010201039706354785,-7.117951298919721e-05,0.00017318991005274505,3.0,0.0,90.0,0.1671240391659765,0.056857897395126145,-0.11026614177085037,0.06878950897703617,0.025879298065392187,-0.04291021091164399,1.1922159721725305,1.06457130673242,0.89293494742821,0.1671240391659765,0.056857897395126145,-0.11026614177085037,5.770317642340543e-08,1.9544339143353687e-08,-3.815883728005174e-08,2.7656801055900573,1.2747049661178083,0.45948831064717566,5.11495013061631e-06,3.8092402403104166e-06,-1.3057098903058934e-06,1.236693792446849,1.1662271167006808,0.9430157465121074,7.244301164271202e-06,-7.713449487502434e-06,-1.4957750651773636e-05,1.0832162276650632,0.9243847475549772,0.8533694954701027,-3.497378259860954e-05,-1.8245288824171623e-05,1.6728493774437916e-05,1.6423010502480118,1.256329577021669,0.7649826955305635,4.2218083762880754e-05,1.0531839336669216e-05,-3.168624442621154e-05,1.2983523694648902,1.060810316561918,0.8170428859230306,-0.06333474435058406,-0.0027738866620872216,0.06056085768849684,-0.03638869813303769,-0.0037496760602045986,0.03263902207283309,0.8732970927976461,0.9852698556287717,1.1282184074715647,-0.06333474435058406,-0.0027738866620872216,0.06056085768849684,5.770317642340543e-08,1.9544339143353687e-08,-3.815883728005174e-08,2.7656801055900573,1.2747049661178083,0.45948831064717566,5.11495013061631e-06,3.8092402403104166e-06,-1.3057098903058934e-06,1.236693792446849,1.1662271167006808,0.9430157465121074,7.244301164271202e-06,-7.713449487502434e-06,-1.4957750651773636e-05,1.0832162276650632,0.9243847475549772,0.8533694954701027,-3.497378259860954e-05,-1.8245288824171623e-05,1.6728493774437916e-05,1.6423010502480118,1.256329577021669,0.7649826955305635,4.2218083762880754e-05,1.0531839336669216e-05,-3.168624442621154e-05,1.2983523694648902,1.060810316561918,0.8170428859230306
-21.692802636702684,0.32741326176145547,-4.9938798245571676e-08,2.2484827689930256e-05,9.302769162185476e-05,-5.495751992193522e-05,0.00014798521154378997,-21.1251713476847,0.49706493658175044,-1.1542952771443784e-07,2.4629544109436923e-05,7.148547671814671e-05,-7.409004843621584e-05,0.00014557552515436254,-21.599949992783806,0.32282117879517414,-6.533016231894333e-08,2.328652801395327e-05,7.793991580871189e-05,-6.763985922125967e-05,0.00014557977502997158,-21.75365443254,0.30116190685146327,-4.9938798245571676e-08,2.2484827689930256e-05,9.302769162185476e-05,-5.495751992193522e-05,0.00014798521154378997,-21.573850111588985,0.28578176579707565,-1.1542952771443784e-07,2.4629544109436923e-05,7.148547671814671e-05,-7.409004843621584e-05,0.00014557552515436254,-21.588962508266416,0.327515811415373,-6.533016231894333e-08,2.328652801395327e-05,7.793991580871189e-05,-6.763985922125967e-05,0.00014557977502997158,3.0,1.0,91.0,-0.5676312890179851,-0.09285264391887793,0.47477864509910717,-0.16965167482029497,0.00459208296628133,0.1742437577865763,0.6586931356437323,1.014224850060945,1.539753179400774,-0.5676312890179851,-0.09285264391887793,0.47477864509910717,6.549072946886616e-08,1.5391364073371654e-08,-5.009936539549451e-08,0.43300964839830824,0.7655783225158259,1.769572903253626,-2.1447164195066675e-06,-8.017003240230141e-07,1.3430160954836534e-06,0.9129172792762817,0.9655682083493334,1.0576689804414354,2.1542214903708047e-05,1.5087775813142867e-05,-6.45443909056518e-06,1.301349109746212,1.1935806101216677,0.9171858124021101,1.9132528514280625e-05,1.2682339299324454e-05,-6.45018921495617e-06,0.74176755527436,0.8125031868040958,1.0953623917237243,2.4096863894274294e-06,2.4054365138183927e-06,-4.249875609036672e-09,1.016552128056276,1.0165224521131315,0.9999701203507136,-0.17980432095101406,-0.16469192427358337,0.015112396677430695,0.01538014105438762,-0.026353904563909736,-0.041734045618297355,1.0538177826220263,0.9195339469506109,0.872573951391234,-0.17980432095101406,-0.16469192427358337,0.015112396677430695,6.549072946886616e-08,1.5391364073371654e-08,-5.009936539549451e-08,0.43300964839830824,0.7655783225158259,1.769572903253626,-2.1447164195066675e-06,-8.017003240230141e-07,1.3430160954836534e-06,0.9129172792762817,0.9655682083493334,1.0576689804414354,2.1542214903708047e-05,1.5087775813142867e-05,-6.45443909056518e-06,1.301349109746212,1.1935806101216677,0.9171858124021101,1.9132528514280625e-05,1.2682339299324454e-05,-6.45018921495617e-06,0.74176755527436,0.8125031868040958,1.0953623917237243,2.4096863894274294e-06,2.4054365138183927e-06,-4.249875609036672e-09,1.016552128056276,1.0165224521131315,0.9999701203507136
